-- MySQL dump 10.13  Distrib 5.1.69, for redhat-linux-gnu (i386)
--
-- Host: localhost    Database: relief
-- ------------------------------------------------------
-- Server version	5.1.69

/*!40101 SET @OLD_CHARACTER_SET_CLIENT=@@CHARACTER_SET_CLIENT */;
/*!40101 SET @OLD_CHARACTER_SET_RESULTS=@@CHARACTER_SET_RESULTS */;
/*!40101 SET @OLD_COLLATION_CONNECTION=@@COLLATION_CONNECTION */;
/*!40101 SET NAMES utf8 */;
/*!40103 SET @OLD_TIME_ZONE=@@TIME_ZONE */;
/*!40103 SET TIME_ZONE='+00:00' */;
/*!40014 SET @OLD_UNIQUE_CHECKS=@@UNIQUE_CHECKS, UNIQUE_CHECKS=0 */;
/*!40014 SET @OLD_FOREIGN_KEY_CHECKS=@@FOREIGN_KEY_CHECKS, FOREIGN_KEY_CHECKS=0 */;
/*!40101 SET @OLD_SQL_MODE=@@SQL_MODE, SQL_MODE='NO_AUTO_VALUE_ON_ZERO' */;
/*!40111 SET @OLD_SQL_NOTES=@@SQL_NOTES, SQL_NOTES=0 */;

--
-- Table structure for table `aid`
--

DROP TABLE IF EXISTS `aid`;
/*!40101 SET @saved_cs_client     = @@character_set_client */;
/*!40101 SET character_set_client = utf8 */;
CREATE TABLE `aid` (
  `id` int(11) NOT NULL AUTO_INCREMENT,
  `type_id` int(11) NOT NULL,
  `geo_id` int(11) NOT NULL,
  `ngo_id` int(11) NOT NULL,
  `description` longtext COLLATE utf8_unicode_ci,
  `unit_cost` double DEFAULT NULL,
  `quantity` int(11) DEFAULT NULL,
  `people_catered` int(11) NOT NULL,
  `date_start` date NOT NULL,
  `date_end` date DEFAULT NULL,
  `date_created` datetime NOT NULL,
  `date_updated` datetime NOT NULL,
  PRIMARY KEY (`id`),
  KEY `IDX_48B40DAAFA49D0B` (`geo_id`),
  KEY `IDX_48B40DAA526B9FA3` (`ngo_id`),
  KEY `IDX_48B40DAAC54C8C93` (`type_id`),
  CONSTRAINT `FK_48B40DAA526B9FA3` FOREIGN KEY (`ngo_id`) REFERENCES `ngo` (`id`) ON DELETE CASCADE,
  CONSTRAINT `FK_48B40DAAC54C8C93` FOREIGN KEY (`type_id`) REFERENCES `aid_type` (`id`) ON DELETE CASCADE,
  CONSTRAINT `FK_48B40DAAFA49D0B` FOREIGN KEY (`geo_id`) REFERENCES `geo` (`id`) ON DELETE CASCADE
) ENGINE=InnoDB AUTO_INCREMENT=918 DEFAULT CHARSET=utf8 COLLATE=utf8_unicode_ci;
/*!40101 SET character_set_client = @saved_cs_client */;

--
-- Dumping data for table `aid`
--

LOCK TABLES `aid` WRITE;
/*!40000 ALTER TABLE `aid` DISABLE KEYS */;
INSERT INTO `aid` VALUES (2,3,8,2,'5 kg rice, 2 canned goods, 4 noodles, 150g milk, 500g sugar, 500g salt, toiletries (soap, shampoo, toothbrush, toothpaste), 4L water',400,732,2928,'2013-11-14','2013-11-19','2013-11-15 20:02:05','2013-11-15 20:02:05'),(10,7,9,2,'5 kg rice, 2 canned goods, 4 noodles, 150g milk, 500g sugar, 500g salt, toiletries (soap, shampoo, toothbrush, toothpaste), 4L water',400,465,2325,'2013-11-12','2013-11-17','2013-11-15 23:56:05','2013-11-21 01:31:56'),(11,7,35,2,'5 kg rice, 2 canned goods, 4 noodles, 150g milk, 500g sugar, 500g salt, toiletries (soap, shampoo, toothbrush, toothpaste), 4L water',400,600,3000,'2013-11-12','2013-11-17','2013-11-15 23:56:05','2013-11-21 01:30:09'),(12,5,35,2,'Laminated sack/trapal (5m), rope',207,300,1500,'2013-11-12',NULL,'2013-11-15 23:56:05','2013-11-21 01:01:16'),(13,7,42,2,'5 kg rice, 2 canned goods, 4 noodles, 150g milk, 500g sugar, 500g salt, toiletries (soap, shampoo, toothbrush, toothpaste), 4L water',400,456,2280,'2013-11-12','2013-11-17','2013-11-15 23:56:05','2013-11-20 23:37:16'),(14,7,46,2,'5 kg rice, 2 canned goods, 4 noodles, 150g milk, 500g sugar, 500g salt, toiletries (soap, shampoo, toothbrush, toothpaste), 4L water',400,1452,7260,'2013-11-14','2013-11-19','2013-11-15 23:56:05','2013-11-21 00:14:01'),(15,7,48,2,'5 kg rice, 2 canned goods, 4 noodles, 150g milk, 500g sugar, 500g salt, toiletries (soap, shampoo, toothbrush, toothpaste), 4L water',400,901,4505,'2013-11-12',NULL,'2013-11-15 23:56:05','2013-11-21 00:15:40'),(16,7,49,8,'1 kilo of rice/ 200 grams; skyflakes crackers/3 packs of eggnog; 1 box of cereal; \r\n3 canned goods; 3 noodles; \r\n2 medicine pads; 1 big candle; \r\n1 match; 1 letter of hope',0,100,500,'2013-11-14',NULL,'2013-11-15 23:56:05','2013-11-21 00:16:51'),(20,7,53,2,'5 kg rice, 2 canned goods, 4 noodles, 150g milk, 500g sugar, 500g salt, toiletries (soap, shampoo, toothbrush, toothpaste), 4L water',400,554,2770,'2013-11-12','2013-11-17','2013-11-15 23:56:05','2013-11-21 01:32:34'),(21,7,63,2,'5 kg rice, 2 canned goods, 4 noodles, 150g milk, 500g sugar, 500g salt, toiletries (soap, shampoo, toothbrush, toothpaste), 4L water',400,348,1740,'2013-11-12','2013-11-17','2013-11-15 23:56:05','2013-11-21 00:17:37'),(22,7,66,2,'5 kg rice, 2 canned goods, 4 noodles, 150g milk, 500g sugar, 500g salt, toiletries (soap, shampoo, toothbrush, toothpaste), 4L water',400,724,3620,'2013-11-12',NULL,'2013-11-15 23:56:05','2013-11-20 23:52:26'),(23,7,68,2,'5 kg rice, 2 canned goods, 4 noodles, 150g milk, 500g sugar, 500g salt, toiletries (soap, shampoo, toothbrush, toothpaste), 4L water',400,790,3950,'2013-11-14','2013-11-19','2013-11-15 23:56:05','2013-11-21 00:59:31'),(24,7,72,2,'5 kg rice, 2 canned goods, 4 noodles, 150g milk, 500g sugar, 500g salt, toiletries (soap, shampoo, toothbrush, toothpaste), 4L water',400,790,3950,'2013-01-01',NULL,'2013-11-15 23:56:05','2013-11-21 00:02:49'),(27,7,77,2,'5 kg rice, 2 canned goods, 4 noodles, 150g milk, 500g sugar, 500g salt, toiletries (soap, shampoo, toothbrush, toothpaste), 4L water',400,1155,5775,'2013-11-13','2013-11-18','2013-11-15 23:56:05','2013-11-21 00:21:22'),(28,5,5,2,'Laminated sack/trapal (5m), rope',207,120,600,'2013-11-12',NULL,'2013-11-15 23:56:05','2013-11-21 00:48:56'),(29,7,79,2,'5 kg rice, 2 canned goods, 4 noodles, 150g milk, 500g sugar, 500g salt, toiletries (soap, shampoo, toothbrush, toothpaste), 4L water',400,801,4005,'2013-11-13','2013-11-18','2013-11-15 23:56:05','2013-11-21 00:26:50'),(30,5,79,2,'Laminated sack/trapal (5m), rope',207,115,575,'2013-11-13',NULL,'2013-11-15 23:56:05','2013-11-21 00:27:16'),(31,7,81,2,'5 kg rice, 2 canned goods, 4 noodles, 150g milk, 500g sugar, 500g salt, toiletries (soap, shampoo, toothbrush, toothpaste), 4L water',400,505,2525,'2013-11-13','2013-11-18','2013-11-15 23:56:05','2013-11-21 00:43:15'),(32,7,85,11,'rice, sardines, noodles, water',0,80,400,'2013-11-10','2013-11-11','2013-11-15 23:56:05','2013-11-21 01:26:09'),(33,7,85,8,'1 kilo of rice/ 200 grams; skyflakes crackers/3 packs of eggnog; 1 box of cereal; \r\n3 canned goods; 3 noodles; \r\n2 medicine pads; 1 big candle; \r\n1 match; 1 letter of hope',0,100,500,'2013-11-13','2013-11-14','2013-11-15 23:56:05','2013-11-21 01:26:36'),(34,7,85,2,'5 kg rice, 2 canned goods, 4 noodles, 150g milk, 500g sugar, 500g salt, toiletries (soap, shampoo, toothbrush, toothpaste), 4L water',400,620,3100,'2013-11-18','2013-11-23','2013-11-15 23:56:05','2013-11-21 01:25:31'),(35,7,90,12,'rice, noodles, canned goods, bottled water',0,100,500,'2013-11-16',NULL,'2013-11-15 23:56:05','2013-11-21 00:18:40'),(36,7,90,8,'1 kilo of rice/ 200 grams; skyflakes crackers/3 packs of eggnog; 1 box of cereal; \r\n3 canned goods; 3 noodles; \r\n2 medicine pads; 1 big candle; \r\n1 match; 1 letter of hope',0,100,500,'2013-11-15',NULL,'2013-11-15 23:56:05','2013-11-21 00:19:12'),(37,7,90,13,NULL,0,0,0,'2013-01-01',NULL,'2013-11-15 23:56:05','2013-11-16 13:03:16'),(41,7,100,2,'5 kg rice, 2 canned goods, 4 noodles, 150g milk, 500g sugar, 500g salt, toiletries (soap, shampoo, toothbrush, toothpaste), 4L water',400,119,595,'2013-11-13','2013-11-18','2013-11-15 23:56:05','2013-11-21 00:45:38'),(42,7,101,16,'3k corn grits, 0.5 kg brown sugar,  \r\n1L mineral water, 2 packs noodles, 2 cans of sardines,\r\n1 can beef loaf (150 g)',0,176,880,'2013-11-14','2013-11-17','2013-11-15 23:56:05','2013-11-21 00:46:38'),(43,7,107,2,'5 kg rice, 2 canned goods, 4 noodles, 150g milk, 500g sugar, 500g salt, toiletries (soap, shampoo, toothbrush, toothpaste), 4L water',400,775,3875,'2013-11-13','2013-11-18','2013-11-15 23:56:05','2013-11-20 23:49:16'),(44,5,107,2,'Laminated sack/trapal (5m), rope',207,90,450,'2013-11-13',NULL,'2013-11-15 23:56:05','2013-11-20 23:49:43'),(45,7,109,2,'5 kg rice, 2 canned goods, 4 noodles, 150g milk, 500g sugar, 500g salt, toiletries (soap, shampoo, toothbrush, toothpaste), 4L water',400,288,1440,'2013-11-12',NULL,'2013-11-15 23:56:05','2013-11-20 23:55:38'),(46,5,109,2,'Laminated sack/trapal (5m), rope',207,35,175,'2013-11-13',NULL,'2013-11-15 23:56:05','2013-11-20 23:56:16'),(47,7,109,8,'1 kilo of rice/ 200 grams; skyflakes crackers/3 packs of eggnog; 1 box of cereal; \r\n3 canned goods; 3 noodles; \r\n2 medicine pads; 1 big candle; \r\n1 match; 1 letter of hope',0,100,500,'2013-11-15',NULL,'2013-11-15 23:56:05','2013-11-20 23:56:39'),(48,7,110,2,'5 kg rice, 2 canned goods, 4 noodles, 150g milk, 500g sugar, 500g salt, toiletries (soap, shampoo, toothbrush, toothpaste), 4L water',400,598,2990,'2013-11-12',NULL,'2013-11-15 23:56:05','2013-11-20 23:57:15'),(49,5,110,2,'Laminated sack/trapal (5m), rope',207,75,375,'2013-11-13',NULL,'2013-11-15 23:56:05','2013-11-20 23:57:54'),(50,7,114,2,'5 kg rice, 2 canned goods, 4 noodles, 150g milk, 500g sugar, 500g salt, toiletries (soap, shampoo, toothbrush, toothpaste), 4L water',400,378,1890,'2013-11-13','2013-11-18','2013-11-15 23:56:05','2013-11-21 01:37:27'),(51,5,114,2,'Laminated sack/trapal (5m), rope',207,50,250,'2013-11-12',NULL,'2013-11-15 23:56:05','2013-11-21 00:24:22'),(52,7,114,14,'3kg rice, 8 canned goods, 1kg biscuit, 6L water',0,350,1750,'2013-11-12','2013-11-15','2013-11-15 23:56:05','2013-11-21 00:24:54'),(53,7,119,2,'5 kg rice, 2 canned goods, 4 noodles, 150g milk, 500g sugar, 500g salt, toiletries (soap, shampoo, toothbrush, toothpaste), 4L water',400,400,2000,'2013-11-13','2013-11-18','2013-11-15 23:56:05','2013-11-21 00:53:52'),(54,5,119,2,'Laminated sack/trapal (5m), rope',207,50,250,'2013-11-13',NULL,'2013-11-15 23:56:05','2013-11-21 00:54:32'),(55,7,120,16,'3k corn grits, 0.5 kg brown sugar,  \r\n1L mineral water, 2 packs noodles, 2 cans of sardines,\r\n1 can beef loaf (150 g)',0,106,530,'2013-11-14','2013-11-17','2013-11-15 23:56:05','2013-11-21 00:56:30'),(56,7,127,2,'5 kg rice, 2 canned goods, 4 noodles, 150g milk, 500g sugar, 500g salt, toiletries (soap, shampoo, toothbrush, toothpaste), 4L water',400,401,2005,'2013-11-13','2013-11-18','2013-11-15 23:56:05','2013-11-21 01:27:34'),(57,5,127,2,'Laminated sack/trapal (5m), rope',207,50,250,'2013-11-13',NULL,'2013-11-15 23:56:05','2013-11-21 01:27:51'),(58,7,128,17,'5kg rice, 800 gms monggo, 1 kg salt, ½ kg dried fish, 4 cans sardines 4 liters water, 320gm milk powder,1 box matches, 1 pail with cover, 1 large plastic bag',515.27,500,2500,'2013-11-12','2013-11-17','2013-11-15 23:56:05','2013-11-21 01:28:38'),(59,7,130,2,'5 kg rice, 2 canned goods, 4 noodles, 150g milk, 500g sugar, 500g salt, toiletries (soap, shampoo, toothbrush, toothpaste), 4L water',400,262,1310,'2013-11-13','2013-11-18','2013-11-15 23:56:05','2013-11-21 00:07:18'),(60,5,130,2,'Laminated sack/trapal (5m), rope',207,50,250,'2013-11-13',NULL,'2013-11-15 23:56:05','2013-11-21 00:07:50'),(61,7,130,14,'3kg rice, 8 canned goods, 1kg biscuit, 6L water',0,1200,6000,'2013-11-12',NULL,'2013-11-15 23:56:05','2013-11-21 00:08:33'),(66,7,138,16,NULL,0,103,515,'2013-11-14',NULL,'2013-11-15 23:56:05','2013-11-21 00:20:12'),(67,7,144,16,NULL,0,59,295,'2013-11-14',NULL,'2013-11-15 23:56:05','2013-11-21 00:48:23'),(80,7,50,31,'8kls rice, 4 cans sardines, 6 pcs noodles, 1 pc large bath soap, 1 set medicine kit, 1/2 kl sugar, 1/2 kilo salt, 1/2 kilo monggo, 1 pc mat, 1 pc blan',NULL,550,2750,'2013-11-14','2013-11-21','2013-11-16 15:19:36','2013-11-20 23:47:32'),(81,7,71,31,'8kls rice, 4 cans sardines, 6 pcs noodles, 1 pc large bath soap, 1 set medicine kit, 1/2 kl sugar, 1/2 kilo salt, 1/2 kilo monggo, 1 pc mat, 1 pc blan',NULL,652,3260,'2013-11-14','2013-11-21','2013-11-16 15:29:41','2013-11-20 23:58:24'),(82,7,61,31,'8kls rice, 4 cans sardines, 6 pcs noodles, 1 pc large bath soap, 1 set medicine kit, 1/2 kl sugar, 1/2 kilo salt, 1/2 kilo monggo, 1 pc mat, 1 pc blan',NULL,510,0,'2013-11-14','2013-11-21','2013-11-16 15:31:44','2013-11-16 15:31:44'),(83,7,78,14,'3kg rice, 8 canned goods, 1kg biscuit, 6L water',NULL,600,3000,'2013-11-14','2013-11-17','2013-11-16 15:33:19','2013-11-21 00:22:01'),(84,7,82,3,'Assorted Items',NULL,480,2400,'2013-11-15','2013-11-17','2013-11-16 15:34:14','2013-11-21 00:47:45'),(85,7,83,31,'8kls rice, 4 cans sardines, 6 pcs noodles, 1 pc large bath soap, 1 set medicine kit, 1/2 kl sugar, 1/2 kilo salt, 1/2 kilo monggo, 1 pc mat, 1 pc blan',NULL,450,2250,'2013-11-12','2013-11-19','2013-11-16 15:35:23','2013-11-21 00:53:12'),(86,7,89,14,'3kg rice, 8 canned goods, 1kg biscuit, 6L water',NULL,700,0,'2013-11-14','2013-11-17','2013-11-16 15:37:18','2013-11-16 15:37:18'),(87,7,91,31,'8kls rice, 4 cans sardines, 6 pcs noodles, 1 pc large bath soap, 1 set medicine kit, 1/2 kl sugar, 1/2 kilo salt, 1/2 kilo monggo, 1 pc mat, 1 pc blan',NULL,446,2230,'2013-11-12','2013-11-19','2013-11-16 15:38:08','2013-11-20 23:50:12'),(89,7,98,14,'3kg rice, 8 canned goods, 1kg biscuit, 6L water',NULL,410,2050,'2013-11-13','2013-11-17','2013-11-16 15:41:02','2013-11-21 00:57:16'),(90,7,95,14,'3kg rice, 8 canned goods, 1kg biscuit, 6L water',NULL,820,4100,'2013-11-15','2013-11-18','2013-11-16 15:42:28','2013-11-21 00:52:46'),(91,7,61,14,'3kg rice, 8 canned goods, 1kg biscuit, 6L water',NULL,185,0,'2013-11-12','2013-11-17','2013-11-16 15:43:28','2013-11-16 15:43:28'),(92,7,115,14,'3kg rice, 8 canned goods, 1kg biscuit, 6L water',NULL,310,1550,'2013-11-14','2013-11-17','2013-11-16 15:45:28','2013-11-21 00:26:03'),(93,7,124,14,'3kg rice, 8 canned goods, 1kg biscuit, 6L water',NULL,590,2950,'2013-11-14','2013-11-17','2013-11-16 15:54:26','2013-11-21 01:17:10'),(94,7,118,30,'30 sacks of rice, 30 sacks canned goods',NULL,450,2250,'2013-11-14','2013-11-21','2013-11-16 15:55:59','2013-11-21 00:47:05'),(95,7,125,14,'3kg rice, 8 canned goods, 1kg biscuit, 6L water',NULL,280,1400,'2013-11-12','2013-11-15','2013-11-16 15:57:13','2013-11-21 01:17:39'),(96,7,125,14,'3kg rice, 8 canned goods, 1kg biscuit, 6L water',NULL,45,225,'2013-11-14','2013-11-17','2013-11-16 15:57:57','2013-11-21 01:17:48'),(97,7,134,14,'3kg rice, 8 canned goods, 1kg biscuit, 6L water',NULL,650,3250,'2013-11-13','2013-11-16','2013-11-16 15:59:00','2013-11-20 23:47:08'),(98,7,140,14,'3kg rice, 8 canned goods, 1kg biscuit, 6L water',NULL,250,1250,'2013-11-15','2013-11-18','2013-11-16 16:00:08','2013-11-21 00:22:17'),(99,7,141,14,'3kg rice, 8 canned goods, 1kg biscuit, 6L water',NULL,200,1000,'2013-11-14','2013-11-17','2013-11-16 16:01:11','2013-11-21 00:30:45'),(100,7,142,14,'3kg rice, 8 canned goods, 1kg biscuit, 6L water',NULL,150,750,'2013-11-14','2013-11-17','2013-11-16 16:02:12','2013-11-21 00:42:12'),(101,7,143,14,'3kg rice, 8 canned goods, 1kg biscuit, 6L water',NULL,70,350,'2013-11-14','2013-11-17','2013-11-16 16:03:07','2013-11-21 00:47:26'),(102,7,150,14,'3kg rice, 8 canned goods, 1kg biscuit, 6L water',NULL,100,500,'2013-11-12','2013-11-15','2013-11-16 16:04:14','2013-11-21 01:16:24'),(103,7,151,14,'3kg rice, 8 canned goods, 1kg biscuit, 6L water',NULL,100,500,'2013-11-13','2013-11-16','2013-11-16 16:05:05','2013-11-21 01:18:02'),(104,7,155,14,'3kg rice, 8 canned goods, 1kg biscuit, 6L water',NULL,100,500,'2013-11-13','2013-11-16','2013-11-16 16:06:04','2013-11-21 00:02:21'),(105,7,157,32,'2K rice, 3 canned goods, 2 noodles & 1L water',NULL,50,250,'2013-11-13','2013-11-15','2013-11-16 16:07:03','2013-11-21 00:03:48'),(106,7,157,14,'3kg rice, 8 canned goods, 1kg biscuit, 6L water',NULL,71,355,'2013-11-12','2013-11-15','2013-11-16 16:07:57','2013-11-21 00:06:25'),(107,7,159,14,'3kg rice, 8 canned goods, 1kg biscuit, 6L water',NULL,70,350,'2013-11-14','2013-11-17','2013-11-16 16:08:45','2013-11-21 00:10:53'),(108,7,159,14,'3kg rice, 8 canned goods, 1kg biscuit, 6L water',NULL,200,1000,'2013-11-15','2013-11-18','2013-11-16 16:09:33','2013-11-21 00:11:05'),(109,7,160,14,'3kg rice, 8 canned goods, 1kg biscuit, 6L water',NULL,70,350,'2013-11-14','2013-11-17','2013-11-16 16:11:42','2013-11-21 00:12:54'),(110,7,161,14,'3kg rice, 8 canned goods, 1kg biscuit, 6L water',NULL,150,750,'2013-11-12','2013-11-15','2013-11-16 16:12:36','2013-11-21 00:13:08'),(111,7,162,14,'3kg rice, 8 canned goods, 1kg biscuit, 6L water',NULL,65,325,'2013-11-13','2013-11-16','2013-11-16 16:13:29','2013-11-21 00:14:18'),(112,7,218,3,'Assorted Items',NULL,180,900,'2013-11-14','2013-11-16','2013-11-16 16:25:55','2013-11-21 01:16:59'),(113,7,242,30,'57 sacks of rice, 59 sacks canned goods',NULL,855,4275,'2013-11-11','2013-11-18','2013-11-16 16:27:03','2013-11-20 23:48:24'),(114,7,88,33,'2kg Rice, 3canned goods, 2noodles, sabon, milo, milk, matches',NULL,200,0,'2013-11-13','2013-11-16','2013-11-16 16:28:54','2013-11-16 16:28:54'),(115,7,56,32,'2K rice, 3 canned goods, 2 noodles & 1L water',NULL,650,3250,'2013-11-13','2013-11-15','2013-11-16 16:29:59','2013-11-21 01:15:59'),(116,7,62,32,'2K rice, 3 canned goods, 2 noodles & 1L water',NULL,650,3250,'2013-11-13','2013-11-14','2013-11-16 16:30:48','2013-11-21 00:09:03'),(117,7,93,35,'2 bottles water, 2 kg rice, 2 packs noodles, 1 can sardines, 1 can beef loaf, 1 pack bear brand milk powder',NULL,2000,10000,'2013-11-13','2013-11-16','2013-11-16 16:31:51','2013-11-21 00:20:36'),(118,7,594,14,'3kg rice, 8 canned goods, 1kg biscuit, 6L water',NULL,70,350,'2013-11-14','2013-11-17','2013-11-16 16:44:36','2013-11-21 00:16:00'),(119,7,594,14,'3kg rice, 8 canned goods, 1kg biscuit, 6L water',NULL,200,1000,'2013-11-15','2013-11-18','2013-11-16 16:45:18','2013-11-21 00:16:18'),(129,7,13,9,'rice, canned goods, water',NULL,200,1000,'2013-11-10','2013-11-12','2013-11-17 07:00:41','2013-11-20 23:53:16'),(130,7,13,9,'rice, canned goods, water, noodles, cereals',NULL,1200,6000,'2013-11-13','2013-11-15','2013-11-17 07:01:18','2013-11-20 23:53:32'),(131,7,13,9,'rice, sardines, noodles, biscuits, 1 L water',NULL,500,2500,'2013-11-14','2013-11-16','2013-11-17 07:01:54','2013-11-20 23:53:46'),(132,7,13,30,'83 sacks of rice, 98 sacks of canned goods',NULL,1245,6225,'2013-11-10','2013-11-13','2013-11-17 07:02:43','2013-11-20 23:54:02'),(133,7,13,30,'494 sacks of rice, 15 packs of rice, 235 sacks of canned goods, 15 packs of canned goods',NULL,7425,37125,'2013-11-13','2013-11-18','2013-11-17 07:03:49','2013-11-20 23:54:19'),(134,7,14,27,'Additional Item:\r\n205 cases of water',NULL,1300,6500,'2013-11-13','2013-11-15','2013-11-17 07:13:57','2013-11-21 00:11:24'),(135,7,14,30,'33 sacks of rice, 5 packs of rice, 16 sacks of canned goods, 20 packs of canned goods',NULL,500,2500,'2013-11-09','2013-11-11','2013-11-17 07:14:41','2013-11-21 00:11:38'),(136,7,14,30,'50 sacks of rice, 50 sacks of canned goods',NULL,750,3750,'2013-11-10','2013-11-11','2013-11-17 07:15:36','2013-11-21 00:11:54'),(137,7,14,30,'434 sacks of rice, 467 sacks of canned goods',NULL,6405,32025,'2013-11-13','2013-11-15','2013-11-17 07:16:15','2013-11-21 00:12:15'),(138,7,15,3,'Bottled Water (2 truckloads)',NULL,2,0,'2013-11-11','2013-11-13','2013-11-17 07:17:31','2013-11-17 07:17:31'),(139,7,15,27,'Bottled Water 262 Individual Bottles of Water 3Boxes of Medicine 8 Boxes of Bread 9 Boxes Crackers 1Box of cereals&coffee 10 Boxes of Cereal Drink',NULL,1045,5225,'2013-11-12','2013-11-15','2013-11-17 07:22:02','2013-11-21 00:50:06'),(140,7,15,30,'33 sacks of rice, 5 packs of rice, 16 sakcs of canned goods, 20 packs of canned goods',NULL,500,2500,'2013-11-09','2013-11-10','2013-11-17 07:22:41','2013-11-21 00:50:42'),(141,7,15,30,'70 sacks of rice, 70 sacks of canned goods',NULL,1050,5250,'2013-11-10','2013-11-11','2013-11-17 07:27:33','2013-11-21 00:51:07'),(142,7,15,30,'214 sacks of rice, 214 sacks of canned goods',NULL,3081,15405,'2013-11-12','2013-11-15','2013-11-17 07:29:52','2013-11-21 00:51:37'),(143,7,16,14,'3kg rice, 8 canned goods, 1kg biscuit, 6L water',NULL,265,1325,'2013-11-14','2013-11-15','2013-11-17 07:40:28','2013-11-20 23:59:15'),(144,7,16,32,'2K rice, 3 canned goods, 2 noodles & 1L water',NULL,1500,7500,'2013-11-15','2013-11-17','2013-11-17 07:42:29','2013-11-20 23:59:47'),(145,7,16,27,'210 Cases of Water',NULL,1500,7500,'2013-11-19','2013-11-19','2013-11-17 07:43:18','2013-11-21 00:00:00'),(146,7,16,30,'50 sacks of rice, 50 sacks of canned goods',NULL,750,3750,'2013-11-10','2013-11-11','2013-11-17 07:50:21','2013-11-21 00:00:22'),(147,7,16,30,'80 sacks of rice, 80 sacks of canned goods',NULL,1200,6000,'2013-11-11','2013-11-13','2013-11-17 07:51:09','2013-11-21 00:00:37'),(148,7,16,34,'water, canned goods, rice, crackers, soap, and detergent\r\n1884 bottles of 1.5 L water, 20 bottles of 5gallon water, 600 plangganas,50 kgs of nails',NULL,300,1500,'2013-11-14','2013-11-16','2013-11-17 07:53:09','2013-11-21 00:00:53'),(149,7,17,32,'2K rice, 3 canned goods, 2 noodles & 1L water',NULL,150,750,'2013-11-13','2013-11-14','2013-11-17 07:53:58','2013-11-21 00:09:28'),(150,7,17,27,'110 Bottled Water\r\n600 Bread Items',NULL,586,2930,'2013-11-14','2013-11-15','2013-11-17 08:01:09','2013-11-21 00:09:45'),(151,7,17,30,'13 sacks of rice, 5 packs of rice, 13 sacks of canned goods',NULL,200,1000,'2013-11-09','2013-11-10','2013-11-17 08:01:50','2013-11-21 00:10:06'),(152,7,17,30,'60 sacks of rice, 15 sacks canned goods',NULL,810,4050,'2013-11-12','2013-11-14','2013-11-17 08:02:35','2013-11-21 00:10:32'),(153,7,18,14,'3kg rice, 8 canned goods, 1kg biscuit, 6L water',NULL,671,3355,'2013-11-14','2013-11-15','2013-11-17 08:03:33','2013-11-21 00:31:49'),(154,7,18,32,'2K rice, 3 canned goods, 2 noodles & 1L water',NULL,450,2250,'2013-11-09','2013-11-10','2013-11-17 08:05:01','2013-11-21 00:32:52'),(155,7,18,27,'110 Water Bottles\r\n1000 Bread Items',NULL,1000,5000,'2013-11-14','2013-11-16','2013-11-17 08:05:39','2013-11-21 00:34:26'),(156,7,18,14,'3kg rice, 8 canned goods, 1kg biscuit, 6L water',NULL,76,380,'2013-11-12','2013-11-13','2013-11-17 08:06:20','2013-11-21 00:35:09'),(157,7,18,14,'3kg rice, 8 canned goods, 1kg biscuit, 6L water',NULL,100,500,'2013-11-14','2013-11-15','2013-11-17 08:10:46','2013-11-21 00:35:28'),(158,7,18,30,'50 sacks of rice, 50 sacks of canned goods',NULL,900,4500,'2013-11-10','2013-11-12','2013-11-17 08:12:12','2013-11-21 00:35:49'),(159,7,18,30,'60 sacks of rice, 60 sacks of canned goods',NULL,900,4500,'2013-11-11','2013-11-13','2013-11-17 08:13:09','2013-11-21 00:36:28'),(160,7,18,3,'Assorted Items',NULL,120,600,'2013-11-14','2013-11-14','2013-11-17 08:13:51','2013-11-21 00:36:50'),(161,7,18,3,'Assorted Items',NULL,612,3060,'2013-11-15','2013-11-16','2013-11-17 08:14:26','2013-11-21 00:37:52'),(162,7,18,34,'water, canned goods, rice, crackers, soap, and detergent 1884 bottles of 1.5 L water, 20 bottles of 5gallon water, 600 plangganas, and 50 kgs of nails',NULL,1500,7500,'2013-11-14','2013-11-16','2013-11-17 08:20:05','2013-11-21 00:38:43'),(163,7,19,8,'1kl of rice; \r\nskyflakes /3 packs of eggnog;1 box of cereal; \r\n3 canned goods;3noodles; \r\n2 medicine pads;1 big candle; 1 match 1 letter of hope',NULL,100,500,'2013-11-13','2013-11-13','2013-11-17 08:23:20','2013-11-21 00:43:35'),(164,7,19,27,'210 Cases of Water',NULL,1500,7500,'2013-11-17','2013-11-18','2013-11-17 08:24:52','2013-11-21 00:43:58'),(165,7,19,30,'270 sacks of rice, 270 sacks of canned goods',NULL,4050,20250,'2013-11-11','2013-11-13','2013-11-17 08:25:36','2013-11-21 00:44:22'),(166,7,24,30,'32 sacks of rice, 32 of canned goods',NULL,480,2400,'2013-11-10','2013-11-11','2013-11-17 08:42:14','2013-11-20 23:43:56'),(167,7,24,30,'33 sacks of rice, 32 of canned goods',NULL,480,2400,'2013-11-11','2013-11-12','2013-11-17 08:43:25','2013-11-20 23:44:13'),(168,7,24,30,'107 sacks of rice, 75 sacks of canned goods',NULL,1605,8025,'2013-11-12','2013-11-14','2013-11-17 08:45:38','2013-11-20 23:44:42'),(169,7,25,32,'2K rice, 3 canned goods, 2 noodles & 1L water',NULL,100,500,'2013-11-15','2013-11-15','2013-11-17 08:47:12','2013-11-20 23:46:03'),(170,7,25,30,'127 sacks of rice, 75 sacks canned goods',NULL,9120,45600,'2013-11-12','2013-11-16','2013-11-17 08:48:22','2013-11-20 23:46:29'),(171,7,26,30,'10 sacks of rice, 10 sacks of canned goods',NULL,150,750,'2013-11-08','2013-11-08','2013-11-17 08:49:55','2013-11-21 00:40:20'),(172,7,26,30,'11 sacks of rice, 10 sacks of canned goods',NULL,480,2400,'2013-11-10','2013-11-11','2013-11-17 08:50:51','2013-11-21 00:40:46'),(173,7,26,30,'30 sacks of rice, 30 sacks of canned goods',NULL,420,2100,'2013-11-12','2013-11-13','2013-11-17 08:51:52','2013-11-21 00:41:09'),(174,7,27,30,'20 sacks of rice, 20 sacks of canned goods',NULL,300,1500,'2013-11-10','2013-11-10','2013-11-17 08:53:40','2013-11-21 00:14:41'),(175,7,27,30,'20 sacks of rice, 20 sacks of canned goods',NULL,300,1500,'2013-11-11','2013-11-11','2013-11-17 08:54:30','2013-11-21 00:14:55'),(176,3,28,21,'Medicine boxes',NULL,10,0,'2013-11-13','2013-11-13','2013-11-17 08:57:32','2013-11-17 08:57:32'),(177,7,28,21,'Bottled water',NULL,200,1000,'2013-11-13','2013-11-14','2013-11-17 08:58:05','2013-11-21 00:18:03'),(178,7,28,22,'Water, rice, noodles, sardines, biscuits, candles and matches (1 truckload)',NULL,1,0,'2013-11-17','2013-11-18','2013-11-17 08:58:53','2013-11-17 08:58:53'),(179,7,29,3,'Assorted Items',NULL,144,0,'2013-11-15','2013-11-15','2013-11-17 09:00:19','2013-11-17 09:00:19'),(180,7,30,8,'1 kilo of rice;  skyflakes/3 packs of eggnog; 1 box of cereal; \r\n3 canned goods; 3 noodles; \r\n2 medicine pads;1 big candle; 1 match; 1 letter of hope',NULL,100,500,'2013-11-13','2013-11-14','2013-11-17 09:02:38','2013-11-21 01:15:25'),(181,7,595,3,'Assorted Items',NULL,72,0,'2013-11-15','2013-11-15','2013-11-17 09:06:20','2013-11-17 09:06:20'),(182,7,596,3,'Assorted Items',NULL,120,0,'2013-11-15','2013-11-15','2013-11-17 09:07:04','2013-11-17 09:07:04'),(183,7,11,3,'Assorted Items',NULL,360,1800,'2013-11-15','2013-11-16','2013-11-17 09:07:35','2013-11-21 01:17:58'),(184,7,598,32,'2K rice, 3 canned goods, 2 noodles & 1L water',NULL,1770,8850,'2013-11-14','2013-11-16','2013-11-17 09:08:08','2013-11-21 01:09:03'),(185,7,18,61,'2K of rice, 3 canned goods, 2 packs of noodles, 1L of water',NULL,450,2250,'2013-11-09','2013-11-10','2013-11-17 09:08:51','2013-11-21 00:39:05'),(187,7,24,61,'2K of rice, 3 canned goods, 2 packs of noodles, 1L of water',NULL,100,500,'2013-11-15','2013-11-15','2013-11-17 09:10:06','2013-11-20 23:44:59'),(188,7,16,61,'2K of rice, 3 canned goods, 2 packs of noodles, 1L of water',NULL,1400,7000,'2013-11-15','2013-11-17','2013-11-17 09:10:47','2013-11-21 00:01:08'),(194,7,15,10,NULL,NULL,0,0,'2013-11-17','2013-11-18','2013-11-17 13:50:31','2013-11-17 13:50:31'),(195,7,16,13,NULL,NULL,100,500,'2013-11-14','2013-11-14','2013-11-17 13:51:49','2013-11-21 00:01:22'),(196,3,16,15,NULL,NULL,0,0,'2013-11-17','2013-11-19','2013-11-17 13:52:35','2013-11-17 13:52:35'),(197,7,18,13,NULL,NULL,0,0,'2013-11-17','2013-11-17','2013-11-17 13:53:57','2013-11-17 13:53:57'),(198,3,18,6,NULL,NULL,100,500,'2013-11-11','2013-11-12','2013-11-17 13:54:53','2013-11-21 01:11:20'),(200,7,19,19,NULL,NULL,0,0,'2013-11-19','2013-11-19','2013-11-17 13:56:45','2013-11-17 13:56:45'),(201,7,24,20,NULL,NULL,0,0,'2013-11-13','2013-11-14','2013-11-17 13:58:06','2013-11-17 13:58:06'),(202,3,25,20,NULL,NULL,0,0,'2013-11-13','2013-11-14','2013-11-17 13:59:43','2013-11-17 13:59:43'),(203,7,58,62,'5kg rice, 15 canned goods, 5 gallons of water',NULL,500,2000,'2013-11-20','2013-11-24','2013-11-17 14:04:41','2013-11-20 20:13:17'),(204,7,29,8,NULL,NULL,0,0,'2013-11-13','2013-11-15','2013-11-17 14:07:11','2013-11-17 14:07:11'),(205,7,12,26,'Individual packs (2 kg. rice, 6 energen, 3 milo, 3 noodles, 2 500ml bottled water)',NULL,365,1825,'2013-11-16','2013-11-18','2013-11-19 00:58:36','2013-11-20 16:12:12'),(206,7,273,30,'3.3kg  rice',NULL,225,1125,'2013-11-16','2013-11-19','2013-11-19 01:00:32','2013-11-19 01:00:32'),(207,7,12,26,'Individual Rice, energen, milo, noodles, bottled water',NULL,71,355,'2013-11-16','2013-11-17','2013-11-19 01:07:50','2013-11-20 16:12:20'),(208,7,12,30,'3.3 kg of rice, 313 sacks of canned goods',NULL,4695,23475,'2013-11-14','2013-11-17','2013-11-19 01:12:10','2013-11-19 01:12:10'),(209,7,12,30,'3.3 kg of rice, assorted canned goods',NULL,7260,36300,'2013-11-16','2013-11-19','2013-11-19 01:15:13','2013-11-19 01:15:13'),(210,7,9,30,'3.3 kg of rice, 4 sacks of canned goods',NULL,60,300,'2013-11-15','2013-11-18','2013-11-19 01:22:38','2013-11-19 01:22:38'),(211,7,40,30,'3.2 kg of rice, 2 pack sof rice, 7 sacks of canned goods, 2 packs of canned goods',NULL,107,535,'2013-11-15','2013-11-18','2013-11-19 01:24:10','2013-11-19 01:24:10'),(212,7,13,30,'3.3 kg of rice, 433 sacks of canned goods',NULL,6495,32475,'2013-11-14','2013-11-17','2013-11-19 01:26:04','2013-11-19 01:26:04'),(213,7,13,26,'1 pack biscuits, 3 sardines, 1 pack candy, 2 bottled 500ml water, 6pcs energen, 2 kg rice',NULL,300,1500,'2013-11-16','2013-11-18','2013-11-19 01:27:38','2013-11-19 01:27:38'),(214,7,56,61,'2kg of rice,  3 canned goods,  2 packs of noodles, 1L of water',NULL,800,4000,'2013-11-16','2013-11-18','2013-11-19 01:28:25','2013-11-19 01:28:25'),(215,7,62,61,'2 Kg of rice,  3 canned goods,  2 packs of noodles, 1L of water',NULL,50,250,'2013-11-16','2013-11-18','2013-11-19 01:29:08','2013-11-19 01:29:08'),(216,7,14,30,'3.3 kg of rice, 277 sacks of canned goods',NULL,4155,20775,'2013-11-14','2013-11-17','2013-11-19 01:30:21','2013-11-19 01:30:21'),(217,7,67,2,'5 kg rice, 2 canned goods, 4 noodles, 150g milk, 500g sugar, 500g salt, toiletries (soap, shampoo, toothbrush, toothpaste), 4L water',NULL,816,4080,'2013-11-18','2013-11-23','2013-11-19 01:31:40','2013-11-19 01:31:40'),(218,7,69,2,'5 kg rice, 2 canned goods, 4 noodles, 150g milk, 500g sugar, 500g salt, toiletries (soap, shampoo, toothbrush, toothpaste), 4L water',NULL,437,2185,'2013-11-18','2013-11-23','2013-11-19 01:32:32','2013-11-19 01:32:32'),(219,7,70,2,'5 kg rice, 2 canned goods, 4 noodles, 150g milk, 500g sugar, 500g salt, toiletries (soap, shampoo, toothbrush, toothpaste), 4L water',NULL,479,2395,'2013-11-18','2013-11-23','2013-11-19 01:33:27','2013-11-19 01:33:27'),(220,7,15,30,'3.3 kg of rice, 25 sacks of canned goods',NULL,375,1875,'2013-11-16','2013-11-19','2013-11-19 01:34:37','2013-11-19 01:34:37'),(221,7,15,30,'3.3 kg of rice, 200 sacks of canned goods',NULL,3000,15000,'2013-11-17','2013-11-20','2013-11-19 01:35:23','2013-11-19 01:35:23'),(222,7,15,26,'1 can meat, 2 cans fish, 1 L water, 1.5 kg sugar',NULL,3000,15000,'2013-11-17',NULL,'2013-11-19 01:38:46','2013-11-19 01:38:46'),(223,7,273,26,'1 can meat,  2 cans fish , 1L water , 1.5 kg sugar',NULL,225,1125,'2013-11-16',NULL,'2013-11-19 02:01:14','2013-11-19 02:01:14'),(224,6,265,3,'Assorted Items',NULL,72,360,'2013-11-16',NULL,'2013-11-19 02:03:08','2013-11-19 02:03:08'),(225,7,26,30,'3kg rice, 389 sacks of canned goods',NULL,6340,31700,'2013-11-14','2013-11-17','2013-11-19 02:04:33','2013-11-19 02:04:33'),(226,7,26,30,'3.3kg rice, 150 sacks of canned goods',NULL,2250,11250,'2013-11-16','2013-11-19','2013-11-19 02:05:51','2013-11-19 02:05:51'),(227,7,25,30,'3.3kg rice',NULL,750,3750,'2013-11-15','2013-11-18','2013-11-19 02:07:30','2013-11-19 02:07:30'),(228,7,25,30,'3.3kg rice, 200 sacks of canned goods',NULL,3000,15000,'2013-11-17','2013-11-20','2013-11-19 02:11:45','2013-11-19 02:11:45'),(229,7,234,2,'5 kg rice, 2 canned goods, 4 noodles, 150g milk, 500g sugar, 500g salt, toiletries (soap, shampoo, toothbrush, toothpaste), 4L water',NULL,235,1175,'2013-11-18','2013-11-23','2013-11-19 02:14:23','2013-11-28 14:50:31'),(230,7,234,30,'3.3kg rice',NULL,225,1125,'2013-11-16','2013-11-19','2013-11-19 02:15:45','2013-11-19 02:15:45'),(231,7,236,2,'5 kg rice, 2 canned goods, 4 noodles, 150g milk, 500g sugar, 500g salt, toiletries (soap, shampoo, toothbrush, toothpaste), 4L water',NULL,400,2000,'2013-11-18','2013-11-23','2013-11-19 02:18:41','2013-11-28 14:51:44'),(232,7,238,2,'5 kg rice, 2 canned goods, 4 noodles, 150g milk, 500g sugar, 500g salt, toiletries (soap, shampoo, toothbrush, toothpaste), 4L water',NULL,214,1070,'2013-11-18','2013-11-23','2013-11-19 02:20:11','2013-11-28 14:53:39'),(233,7,239,2,'5 kg rice, 2 canned goods, 4 noodles, 150g milk, 500g sugar, 500g salt, toiletries (soap, shampoo, toothbrush, toothpaste), 4L water',NULL,612,3060,'2013-11-18','2013-11-23','2013-11-19 02:23:32','2013-11-28 14:54:33'),(234,7,610,36,'5 kg rice, 2 canned goods, 4 noodles, 150g milk, 500g sugar, 500g salt, toiletries (soap, shampoo, toothbrush, toothpaste), 4L water',NULL,151,755,'2013-11-18','2013-11-23','2013-11-19 02:25:07','2013-11-19 02:25:07'),(235,7,231,30,'3.3kg rice',NULL,195,975,'2013-11-15','2013-11-18','2013-11-19 02:27:27','2013-11-19 02:27:27'),(236,7,222,2,'5 kg rice, 2 canned goods, 4 noodles, 150g milk, 500g sugar, 500g salt, toiletries (soap, shampoo, toothbrush, toothpaste), 4L water',NULL,313,1565,'2013-11-16','2013-11-21','2013-11-19 02:30:14','2013-11-19 02:30:14'),(237,7,221,2,'5 kg rice, 2 canned goods, 4 noodles, 150g milk, 500g sugar, 500g salt, toiletries (soap, shampoo, toothbrush, toothpaste), 4L water',NULL,334,1670,'2013-11-16','2013-11-21','2013-11-19 02:31:20','2013-11-19 02:31:20'),(238,7,219,2,'5 kg rice, 2 canned goods, 4 noodles, 150g milk, 500g sugar, 500g salt, toiletries (soap, shampoo, toothbrush, toothpaste), 4L water',NULL,497,2485,'2013-11-16','2013-11-21','2013-11-19 02:35:41','2013-11-19 02:35:41'),(239,7,217,2,'5 kg rice, 2 canned goods, 4 noodles, 150g milk, 500g sugar, 500g salt, toiletries (soap, shampoo, toothbrush, toothpaste), 4L water',NULL,369,1845,'2013-11-16','2013-11-21','2013-11-19 02:37:47','2013-11-19 02:37:47'),(240,7,215,2,'5 kg rice, 2 canned goods, 4 noodles, 150g milk, 500g sugar, 500g salt, toiletries (soap, shampoo, toothbrush, toothpaste), 4L water',NULL,140,700,'2013-11-16','2013-11-21','2013-11-19 02:42:54','2013-11-19 02:42:54'),(241,5,215,36,'Laminated sack/trapal (5m), rope',NULL,63,315,'2013-11-16',NULL,'2013-11-19 02:44:15','2013-11-19 02:44:15'),(242,7,211,2,'5 kg rice, 2 canned goods, 4 noodles, 150g milk, 500g sugar, 500g salt, toiletries (soap, shampoo, toothbrush, toothpaste), 4L water',NULL,453,2265,'2013-11-16','2013-11-21','2013-11-19 02:45:39','2013-11-28 14:41:24'),(243,7,24,30,'3.3kg rice, 150 sacks of canned goods',NULL,2250,11250,'2013-11-16','2013-11-21','2013-11-19 02:46:47','2013-11-19 02:46:47'),(244,7,24,26,'1 can meat,  2 cans fish , 1L water , 1.5 kg sugar',NULL,2580,12900,'2013-11-17',NULL,'2013-11-19 02:48:25','2013-11-19 02:48:25'),(245,7,23,30,'3.3kg rice',NULL,3000,15000,'2013-11-17','2013-11-20','2013-11-19 02:50:27','2013-11-19 02:50:27'),(246,7,23,26,'1 can meat,  2 cans fish , 1L water , 1.5 kg sugar',NULL,3000,15000,'2013-11-17','2013-11-20','2013-11-19 02:51:05','2013-11-19 02:51:05'),(247,7,22,30,'3.3kg rice',NULL,2250,11250,'2013-11-17','2013-11-20','2013-11-19 02:53:03','2013-11-19 02:53:03'),(248,7,22,26,'1 can meat,  2 cans fish , 1L water , 1.5 kg sugar',NULL,2250,11250,'2013-11-16',NULL,'2013-11-19 02:53:47','2013-11-19 02:53:47'),(249,6,21,3,'Assorted Items',NULL,120,600,'2013-11-16',NULL,'2013-11-19 02:58:17','2013-11-19 02:58:17'),(250,7,21,30,'4.4kg rice',NULL,2250,11250,'2013-11-17','2013-11-21','2013-11-19 02:59:15','2013-11-19 02:59:15'),(251,7,21,26,'1 can meat,  2 cans fish , 1L water , 1.5 kg sugar',NULL,2250,11250,'2013-11-17',NULL,'2013-11-19 02:59:55','2013-11-19 02:59:55'),(252,7,162,2,'5 kg rice, 2 canned goods, 4 noodles, 150g milk, 500g sugar, 500g salt, toiletries (soap, shampoo, toothbrush, toothpaste), 4L water',NULL,257,1285,'2013-11-16','2013-11-21','2013-11-19 03:02:56','2013-11-19 03:02:56'),(253,7,162,52,'1kg rice, 2 bottled water, 2 canned goods, 2 noodles',NULL,100,500,'2013-11-16','2013-11-17','2013-11-19 03:04:58','2013-11-19 03:04:58'),(254,7,12,64,'Cup noodles, rice, mineral water, sardines',NULL,565,2825,'2013-11-16','2013-11-19','2013-11-19 03:13:26','2013-11-20 16:12:28'),(255,7,157,63,'50 food kits, 2K of rice, 3 canned goods, 2 packs of noodles, 1L of water',NULL,50,250,'2013-11-09','2013-11-11','2013-11-19 03:14:02','2013-11-19 21:55:41'),(256,7,12,65,'4.1 kg of rice',NULL,240,1200,'2013-11-16','2013-11-20','2013-11-19 03:15:31','2013-11-20 16:12:39'),(257,7,154,2,'5 kg rice, 2 canned goods, 4 noodles, 150g milk, 500g sugar, 500g salt, toiletries (soap, shampoo, toothbrush, toothpaste), 4L water',NULL,1311,6555,'2013-11-16','2013-11-21','2013-11-19 03:18:02','2013-11-19 03:18:02'),(258,7,154,14,'3kg rice, 8 canned goods, 1kg biscuit, 6L water',NULL,500,2500,'2013-11-17','2013-11-20','2013-11-19 03:18:55','2013-11-19 03:18:55'),(259,7,84,26,'I pack biscuit, I pack candy, 1kg rice, 2 canned goods, 6 noodles',NULL,30,150,'2013-11-12','2013-11-13','2013-11-19 03:19:12','2013-11-19 03:19:12'),(260,7,153,2,'5 kg rice, 2 canned goods, 4 noodles, 150g milk, 500g sugar, 500g salt, toiletries (soap, shampoo, toothbrush, toothpaste), 4L water',NULL,560,1695,'2013-11-18','2013-11-21','2013-11-19 03:20:06','2013-11-28 15:04:15'),(261,7,153,52,'1kg rice, 2 bottled water, 2 canned goods, 2 noodles',NULL,402,2010,'2013-11-16','2013-11-17','2013-11-19 03:21:09','2013-11-19 03:21:09'),(262,7,84,14,'3kg rice, 8 canned goods, 1kg biscuit, 6L water',NULL,750,3750,'2013-11-16','2013-11-19','2013-11-19 03:21:31','2013-11-19 03:21:31'),(263,7,151,2,'5 kg rice, 2 canned goods, 4 noodles, 150g milk, 500g sugar, 500g salt, toiletries (soap, shampoo, toothbrush, toothpaste), 4L water',NULL,99,495,'2013-11-16','2013-11-21','2013-11-19 03:22:34','2013-11-19 03:22:34'),(264,7,85,30,'3.3 kg of rice, 300 sacks of canned goods, 27 packs of canned goods',NULL,4500,22501,'2013-11-15','2013-11-18','2013-11-19 03:22:35','2013-11-19 03:22:35'),(265,7,148,2,'5 kg rice, 2 canned goods, 4 noodles, 150g milk, 500g sugar, 500g salt, toiletries (soap, shampoo, toothbrush, toothpaste), 4L water',NULL,920,4600,'2013-11-18','2013-11-21','2013-11-19 03:23:50','2013-11-28 15:03:19'),(266,7,85,26,'1 can meat, 2 cans fish, 1 L water',NULL,200,1000,'2013-11-16','2013-11-18','2013-11-19 03:26:25','2013-11-19 03:26:25'),(267,7,16,30,'3.3 kg of rice, 320 sacks of canned goods',NULL,4800,24000,'2013-11-13','2013-11-16','2013-11-19 03:27:45','2013-11-19 03:27:45'),(268,7,16,30,'3.3 kg of rice, 320 sacks of canned goods',NULL,4800,24000,'2013-11-14','2013-11-17','2013-11-19 03:28:29','2013-11-19 03:28:29'),(269,7,147,2,'5 kg rice, 2 canned goods, 4 noodles, 150g milk, 500g sugar, 500g salt, toiletries (soap, shampoo, toothbrush, toothpaste), 4L water',NULL,1501,7505,'2013-11-18','2013-11-21','2013-11-19 03:28:47','2013-11-28 15:00:41'),(270,7,16,30,'3.3 kg of rice, 200 sacks of canned goods',NULL,3000,15000,'2013-11-17','2013-11-20','2013-11-19 03:29:14','2013-11-19 03:29:14'),(271,7,147,14,'3kg rice, 8 canned goods, 1kg biscuit, 6L water',NULL,900,4500,'2013-11-17','2013-11-20','2013-11-19 03:29:46','2013-11-19 03:29:46'),(272,7,16,26,'noodles, canned goods, rice, water, bioderm soap',NULL,50,250,'2013-11-16','2013-11-19','2013-11-19 03:30:06','2013-11-19 03:30:06'),(273,7,16,26,'1 can meat, 2 cans fish,  1.5 kg sugar',NULL,200,1000,'2013-11-16',NULL,'2013-11-19 03:30:56','2013-11-19 03:30:56'),(274,7,145,2,'5 kg rice, 2 canned goods, 4 noodles, 150g milk, 500g sugar, 500g salt, toiletries (soap, shampoo, toothbrush, toothpaste), 4L water',NULL,1252,6260,'2013-11-16','2013-11-21','2013-11-19 03:31:31','2013-11-19 03:31:31'),(275,7,16,67,'2 kg rice, 2 cans sardines, 4 packs noodles, 2L water',NULL,200,1000,'2013-11-16','2013-11-18','2013-11-19 03:32:11','2013-11-19 03:32:11'),(276,7,145,30,'3kg rice, 230 sacks of canned goods',NULL,3810,19050,'2013-11-15','2013-11-18','2013-11-19 03:32:26','2013-11-19 03:32:26'),(277,7,96,31,'puso, water, biscuits, sardines',NULL,240,1200,'2013-11-17','2013-11-18','2013-11-19 03:33:24','2013-11-19 03:33:24'),(278,7,98,30,'3.3 kg of rice, 33 sacks of canned goods',NULL,495,2475,'2013-11-16','2013-11-19','2013-11-19 03:34:17','2013-11-19 03:34:17'),(279,7,99,14,'3kg rice, 8 canned goods, 1kg biscuit, 6L water',NULL,585,2925,'2013-11-16','2013-11-19','2013-11-19 03:34:59','2013-11-19 03:34:59'),(280,6,102,3,'Assorted Items',NULL,168,840,'2013-11-16',NULL,'2013-11-19 03:36:14','2013-11-19 03:36:14'),(281,7,102,30,'3.3 kg of rice, 10 sacks of canned goods',NULL,750,3750,'2013-11-14','2013-11-17','2013-11-19 03:36:54','2013-11-19 03:36:54'),(282,7,102,30,'4.1 kg of rice, 12 packs of rice',NULL,600,3000,'2013-11-14','2013-11-18','2013-11-19 03:37:44','2013-11-19 03:37:44'),(283,7,102,26,'1 can meat , 2 cans fish, 1.5 kg sugar',NULL,600,3000,'2013-11-16',NULL,'2013-11-19 03:38:22','2013-11-19 03:38:22'),(284,7,104,31,'8kg rice, 4 sardines, 6pcs noodles, 3pcs 1L bottled water, 1 soap, 1 set med. kit, 1/2 kg sugar, 1/2kg salt, 1/2kg monggo, 1pc mat&blanket, 1 pail',NULL,726,3630,'2013-11-18','2013-11-26','2013-11-19 03:45:54','2013-11-19 03:45:54'),(285,7,105,30,'3.3 kg of rice, 25 sacks of canned goods',NULL,375,1875,'2013-11-16','2013-11-19','2013-11-19 03:46:42','2013-11-19 03:46:42'),(286,7,139,14,'3kg rice, 8 canned goods, 1kg biscuit, 6L water',NULL,378,1890,'2013-11-17','2013-11-20','2013-11-19 03:46:56','2013-11-19 03:46:56'),(287,7,138,14,'3kg rice, 8 canned goods, 1kg biscuit, 6L water',NULL,270,1350,'2013-11-16','2013-11-19','2013-11-19 03:47:48','2013-11-19 03:47:48'),(288,7,106,68,'Rice, Sardines, Mineral water, noodles',NULL,750,3750,'2013-11-17','2013-11-20','2013-11-19 03:48:30','2013-11-19 03:48:30'),(289,7,137,52,'1kg rice, 2 bottled water, 2 canned goods, 2 noodles',NULL,550,2750,'2013-11-16','2013-11-17','2013-11-19 03:48:39','2013-11-19 03:48:39'),(290,7,107,68,'Rice, Sardines, Mineral water, noodles',NULL,750,3750,'2013-11-17','2013-11-20','2013-11-19 03:49:48','2013-11-19 03:49:48'),(291,7,110,69,'\"1 kg rice, 3 pack noodles, 2 canned goods, 1L water\r\nAdditional item: Assorted Clothing\"',NULL,100,500,'2013-11-16','2013-11-17','2013-11-19 03:50:44','2013-11-19 03:50:44'),(292,7,18,69,'1 kg rice, 3 packs noodles, 2 canned goods, 1L water',NULL,45,225,'2013-11-16','2013-11-17','2013-11-19 03:51:00','2013-11-19 03:51:00'),(293,7,110,70,'Rice, sardines, noodles, biscuits, 1 L water',NULL,350,1750,'2013-11-16','2013-11-19','2013-11-19 03:52:59','2013-11-19 03:52:59'),(294,7,17,30,'3.2 kg of rice, 15 packs of rice, 84 sacks of canned goods, 15 packs of canned goods',NULL,1065,5325,'2013-11-13','2013-11-16','2013-11-19 03:53:51','2013-11-19 03:53:51'),(295,9,18,71,'2 kg rice, 2 canned goods, 3 packs noodles, 1L water',NULL,150,750,'2013-11-16','2013-11-18','2013-11-19 03:54:12','2013-11-19 03:54:12'),(296,7,17,30,'3.3 kg of rice, 150 sacks of canned goods',NULL,2250,11250,'2013-11-15','2013-11-18','2013-11-19 03:54:31','2013-11-19 03:54:31'),(297,7,17,30,'3.3 kg of rice',NULL,3000,15000,'2013-11-16','2013-11-19','2013-11-19 03:55:08','2013-11-19 03:55:08'),(298,7,18,72,'food kits',NULL,450,2250,'2013-11-09',NULL,'2013-11-19 03:55:17','2013-11-19 03:55:17'),(299,7,17,30,'3.3 kg of rice',NULL,6000,30000,'2013-11-17','2013-11-20','2013-11-19 03:55:45','2013-11-21 01:01:43'),(300,7,17,30,'Assorted Goods',NULL,3000,15000,'2013-11-17',NULL,'2013-11-19 03:56:18','2013-11-19 03:56:18'),(301,7,17,26,'2 canned fish, 1 canned beef',NULL,3000,15000,'2013-11-17',NULL,'2013-11-19 03:58:21','2013-11-19 03:58:21'),(302,7,18,30,'3.3kg rice, 150 sacks of canned goods',NULL,2250,11250,'2013-11-14','2013-11-17','2013-11-19 03:58:49','2013-11-19 03:58:49'),(303,7,111,30,'3.3 kg of rice, 34 sacks of canned goods',NULL,510,2550,'2013-11-15','2013-11-18','2013-11-19 03:59:03','2013-11-19 03:59:03'),(304,7,111,14,'3kg rice, 8 canned goods, 1kg biscuit, 6L water',NULL,560,2800,'2013-11-18','2013-11-21','2013-11-19 04:00:02','2013-11-19 04:00:02'),(305,7,133,14,'3kg rice, 8 canned goods, 1kg biscuit, 6L water',NULL,625,3125,'2013-11-18','2013-11-21','2013-11-19 04:00:33','2013-11-19 04:00:33'),(306,7,114,30,'2.8 kg of rice, 4 packs of rice, 270 sacks of canned goods, 4 packs of canned goods',NULL,4769,23845,'2013-11-14','2013-11-16','2013-11-19 04:01:38','2013-11-19 04:01:38'),(307,7,118,30,'3.3 kg of rice',NULL,750,3750,'2013-11-15','2013-11-18','2013-11-19 04:03:02','2013-11-19 04:03:02'),(308,7,120,14,'3kg rice, 8 canned goods, 1kg biscuit, 6L water',NULL,440,2200,'2013-11-18','2013-11-21','2013-11-19 04:03:47','2013-11-19 04:03:47'),(309,7,121,14,'3kg rice, 8 canned goods, 1kg biscuit, 6L water',NULL,950,4750,'2013-11-16','2013-11-19','2013-11-19 04:05:15','2013-11-19 04:05:15'),(310,7,121,69,'\"1 kg rice, 3 packs noodles, 2 canned goods, 1L water\r\nAdditional Item: Assorted clothing\"',NULL,40,200,'2013-11-16','2013-11-17','2013-11-19 04:05:59','2013-11-19 04:05:59'),(311,7,123,30,'3.3 kg of rice, 22 sacks of canned goods',NULL,330,1650,'2013-11-15','2013-11-18','2013-11-19 04:06:44','2013-11-19 04:07:12'),(313,7,123,31,'5 kilos rice, noodles, sardines, sausage, water',NULL,250,1250,'2013-11-17','2013-11-22','2013-11-19 04:08:20','2013-11-19 04:08:20'),(314,7,124,30,'3.3 kg of rice, 46 sacks of canned goods',NULL,690,3450,'2013-11-15','2013-11-18','2013-11-19 04:09:23','2013-11-19 04:09:23'),(315,7,129,14,'3kg rice, 8 canned goods, 1kg biscuit, 6L water',NULL,900,4500,'2013-11-16','2013-11-19','2013-11-19 04:10:03','2013-11-19 04:10:03'),(316,7,107,30,'3kg of rice, 13 packs of rice, 7 sacks of canned goods, 13 packs of canned goods',NULL,118,590,'2013-11-14','2013-11-17','2013-11-19 04:46:12','2013-11-19 04:46:12'),(319,7,12,32,'2 kg rice, 3 canned goods, 2 noodles & 1L water',NULL,216,1080,'2013-11-15','2013-11-17','2013-11-19 21:39:45','2013-11-19 21:39:45'),(320,7,12,30,'3.3 kg of rice, 7 sacks of canned goods',NULL,105,525,'2013-11-15','2013-11-18','2013-11-19 21:40:48','2013-11-19 21:40:48'),(321,7,44,32,'2 Kg rice, 3 canned goods, 2 noodles & 1L water',NULL,284,1420,'2013-11-15','2013-11-17','2013-11-19 21:41:59','2013-11-19 21:41:59'),(322,7,270,30,'3.3kg rice, 10 sacks of canned goods',NULL,150,750,'2013-11-18','2013-11-21','2013-11-19 21:48:08','2013-11-19 21:48:08'),(323,7,46,61,'5 kg rice each pack',NULL,1000,5000,'2013-11-19','2013-11-24','2013-11-19 21:48:39','2013-11-19 21:48:39'),(324,7,48,75,'2 kg of rice, 2 canned goods, 2 noodles, 1 used clothing',NULL,350,1750,'2013-11-14','2013-11-16','2013-11-19 21:52:02','2013-11-19 21:52:02'),(325,7,52,75,'2 kg of rice, 2 canned goods, 2 noodles, 1 used clothing',NULL,350,1750,'2013-11-14','2013-11-16','2013-11-19 21:53:15','2013-11-19 21:53:15'),(326,7,13,30,'3.3 kg of rice and assorted relief items',NULL,2325,11625,'2013-11-18','2013-11-21','2013-11-19 21:54:28','2013-11-19 21:54:28'),(327,7,238,75,'2 kg of rice, 2 canned goods, 2 noodles, 1 used clothing',NULL,278,1390,'2013-11-17','2013-11-19','2013-11-19 21:55:42','2013-11-19 21:55:42'),(328,7,235,75,'2 kg of rice, 2 canned goods, 2 noodles, 1 used clothing',NULL,246,1230,'2013-11-17','2013-11-19','2013-11-19 21:57:16','2013-11-19 21:57:16'),(329,7,14,30,'3.7 kg of rice and assorted relief items',NULL,4641,23205,'2013-11-18','2013-11-21','2013-11-19 21:57:19','2013-11-19 21:57:19'),(330,7,234,75,'2 kg of rice, 2 canned goods, 2 noodles, 1 used clothing',NULL,249,1245,'2013-11-17','2013-11-19','2013-11-19 21:58:08','2013-11-19 21:58:08'),(331,7,14,32,'rice only',NULL,400,2000,'2013-11-15','2013-11-17','2013-11-19 21:58:29','2013-11-19 21:58:29'),(332,7,14,32,'rice and noodles',NULL,100,500,'2013-11-15','2013-11-17','2013-11-19 21:59:10','2013-11-19 21:59:10'),(333,7,25,30,'3.3kg rice',NULL,3000,15000,'2013-11-16','2013-11-19','2013-11-19 21:59:47','2013-11-19 21:59:47'),(334,7,68,77,'3 kg rice, 4 canned goods, 4 noodles, 1L water',NULL,1000,5000,'2013-11-17','2013-11-20','2013-11-19 22:00:47','2013-11-19 22:00:47'),(335,7,25,30,'2.2kg rice, 3000 packs of assorted goods',NULL,9000,45000,'2013-11-17','2013-11-19','2013-11-19 22:01:04','2013-11-19 22:01:04'),(336,7,228,32,'2K rice, 3 canned goods, 2 noodles & 1L water',NULL,100,500,'2013-11-15','2013-11-17','2013-11-19 22:02:32','2013-11-19 22:02:32'),(337,7,15,30,'3.3 kg of rice',NULL,3375,16875,'2013-11-16','2013-11-19','2013-11-19 22:11:01','2013-11-19 22:11:01'),(338,7,15,30,'1.6 kg of rice, 3000 packs of assorted goods',NULL,6000,30000,'2013-11-17','2013-11-18','2013-11-19 22:11:49','2013-11-19 22:11:49'),(339,7,23,30,'1.6kg rice, 3000 packs of assorted goods',NULL,6000,30000,'2013-11-17','2013-11-18','2013-11-19 22:12:09','2013-11-19 22:12:09'),(340,7,15,30,'3.3 kg of rice',NULL,3750,18750,'2013-11-18','2013-11-21','2013-11-19 22:12:27','2013-11-19 22:12:27'),(341,7,22,5,'35 sacks assorted goods (rice, noodles, sardine), 10 sacks used clothing, 1 box medicine',NULL,525,2625,'2013-11-17',NULL,'2013-11-19 22:14:01','2013-11-19 22:14:01'),(342,7,15,61,'2 kilos rice, 3 canned goods, 1L water & 2 packs noodles',NULL,2000,10000,'2013-11-18','2013-11-20','2013-11-19 22:14:05','2013-11-19 22:14:05'),(343,7,22,30,'1.6kg rice, 2250 packs of assorted goods',NULL,4500,22500,'2013-11-17','2013-11-18','2013-11-19 22:15:39','2013-11-19 22:15:39'),(344,7,77,5,'109 sacks Assorted goods (rice, noodles, sardines, toothpaste, bath soap), 1000 pcs bottled water, 2 boxes of medicine',NULL,1635,8175,'2013-11-17','2013-11-19','2013-11-19 22:15:55','2013-11-19 22:15:55'),(345,7,21,30,'2.2kg rice, 2250 packs of assorted goods',NULL,4500,22500,'2013-11-17','2013-11-18','2013-11-19 22:16:51','2013-11-19 22:16:51'),(346,7,77,78,'Assorted goods',NULL,500,2500,'2013-11-18',NULL,'2013-11-19 22:17:05','2013-11-19 22:17:05'),(347,5,77,78,'tarp and nails',NULL,100,12500,'2013-11-18',NULL,'2013-11-19 22:17:57','2013-11-19 22:17:57'),(348,7,85,5,'Assorted Food',NULL,120,600,'2013-11-18',NULL,'2013-11-19 22:19:37','2013-11-19 22:19:37'),(349,7,20,30,'160 sacks of canned goods',NULL,2800,14000,'2013-11-18',NULL,'2013-11-19 22:19:46','2013-11-19 22:19:46'),(350,7,87,61,'2 kilos rice, 3 canned goods, 1L water & 2 packs noodles',NULL,700,3500,'2013-11-17','2013-11-19','2013-11-19 22:20:29','2013-11-19 22:20:29'),(354,7,607,8,'1kg of rice/200g ; crackers/3 packs of eggnog; 1 box of cereal; 3 canned goods; 3 noodles; 2 med. pads; 1 candle; 1 match; 1 letter of hope',NULL,100,500,'2013-11-15','2013-11-16','2013-11-19 22:24:32','2013-11-19 22:24:32'),(355,7,128,30,'3.3kg rice',NULL,1260,6300,'2013-11-18','2013-11-21','2013-11-19 22:25:06','2013-11-19 22:25:06'),(356,7,607,5,'Assorted goods (rice, noodles, sardines, toothpaste, bath soap)',NULL,30,150,'2013-11-17','2013-11-19','2013-11-19 22:25:48','2013-11-19 22:25:48'),(357,7,123,30,'22 sacks of canned goods',NULL,330,1650,'2013-11-18',NULL,'2013-11-19 22:26:18','2013-11-19 22:26:18'),(358,7,16,32,'2K rice, 3 canned goods, 2 noodles & 1L water',NULL,1400,7000,'2013-11-15','2013-11-17','2013-11-19 22:27:22','2013-11-19 22:27:22'),(359,7,118,30,'1500 packs of canned goods',NULL,1500,7500,'2013-11-18',NULL,'2013-11-19 22:28:05','2013-11-19 22:28:05'),(360,7,16,30,'3.3 kg of rice',NULL,3000,15000,'2013-11-16','2013-11-19','2013-11-19 22:28:32','2013-11-19 22:28:32'),(361,7,115,30,'1.6kg rice, 5 sacks of canned goods',NULL,150,750,'2013-11-18','2013-11-19','2013-11-19 22:29:12','2013-11-19 22:29:12'),(362,7,16,30,'2.2 kg of rice, 3000 packs of assorted goods',NULL,9000,45000,'2013-11-17','2013-11-19','2013-11-19 22:29:38','2013-11-19 22:29:38'),(367,7,96,8,'1kg of rice/200g ; crackers/3 packs of eggnog; 1 box of cereal; 3 canned goods; 3 noodles; 2 med. pads; 1 candle; 1 match; 1 letter of hope \"',NULL,100,500,'2013-11-15','2013-11-16','2013-11-19 22:39:46','2013-11-19 22:39:46'),(368,7,101,8,'1kg of rice/200g ; crackers/3 packs of eggnog; 1 box of cereal; 3 canned goods; 3 noodles; 2 med. pads; 1 candle; 1 match; 1 letter of hope',NULL,100,500,'2013-11-15','2013-11-16','2013-11-19 22:46:26','2013-11-19 22:46:26'),(369,7,105,30,'11.9kg rice, 25 sacks of canned goods',NULL,105,502,'2013-11-16','2013-11-27','2013-11-19 22:59:00','2013-11-19 22:59:00'),(371,7,102,61,'2K of rice,  3 canned goods,  2 packs of noodles, 1L of water',NULL,1400,7000,'2013-11-14','2013-11-16','2013-11-20 03:49:26','2013-11-20 03:49:26'),(373,7,71,61,'Rice only',NULL,300,1500,'2013-11-15',NULL,'2013-11-20 03:51:43','2013-11-20 03:51:43'),(374,9,104,79,'kids clothes',NULL,100,50,'2013-11-10',NULL,'2013-11-20 14:05:24','2013-11-23 17:22:54'),(375,7,59,41,'rice, canned goods, noodles',NULL,82,410,'2013-11-14','2013-11-15','2013-11-20 15:07:12','2013-11-20 15:13:27'),(376,7,61,41,'rice, sardines, noodles',NULL,143,715,'2013-11-14','2013-11-15','2013-11-20 15:15:38','2013-11-20 15:15:38'),(377,7,64,41,'rice, sardines, noodles',NULL,81,405,'2013-11-14','2013-11-15','2013-11-20 15:16:36','2013-11-20 15:16:36'),(378,7,55,41,'rice, sardines, noodles',NULL,2,10,'2013-11-14','2013-11-15','2013-11-20 15:44:42','2013-11-20 15:44:42'),(379,7,65,41,'rice, sardines, noodles',NULL,5,25,'2013-11-14','2013-11-15','2013-11-20 15:51:15','2013-11-20 15:51:15'),(380,7,66,41,'rice, sardines, noodles',NULL,4,20,'2013-11-14','2013-11-15','2013-11-20 15:51:53','2013-11-20 15:51:53'),(381,7,53,41,'rice, sardines, noodles',NULL,3,15,'2013-11-14','2013-11-15','2013-11-20 15:54:09','2013-11-20 15:54:09'),(382,7,62,41,'rice, sardines, noodles',NULL,3,15,'2013-11-14','2013-11-15','2013-11-20 15:56:43','2013-11-20 15:56:43'),(383,7,60,41,'rice, sardines, noodles',NULL,1,5,'2013-11-14','2013-11-15','2013-11-20 16:06:36','2013-11-20 16:06:36'),(384,7,65,41,'rice, sardines, noodles',NULL,377,1885,'2013-11-15','2013-11-16','2013-11-20 16:07:51','2013-11-20 16:07:51'),(385,7,56,41,'rice, water, sardines, noodles',NULL,418,2090,'2013-11-16','2013-11-17','2013-11-20 16:09:37','2013-11-20 16:09:37'),(386,7,54,41,'rice, sardines, noodles, water',NULL,251,1255,'2013-11-16','2013-11-17','2013-11-20 16:10:57','2013-11-20 16:10:57'),(387,7,62,41,'rice, sardines, noodles, water',NULL,402,2010,'2013-11-17','2013-11-18','2013-11-20 16:17:21','2013-11-20 16:17:21'),(388,7,53,41,'rice, sardines, noodles, water',NULL,452,2260,'2013-11-17','2013-11-18','2013-11-20 16:27:52','2013-11-20 16:27:52'),(389,7,66,41,'rice, noodles, sardines, water',NULL,364,1820,'2013-11-18','2013-11-19','2013-11-20 17:17:19','2013-11-20 17:17:19'),(390,7,59,41,'bread & water',NULL,400,200,'2013-11-17','2013-11-17','2013-11-20 17:18:26','2013-11-20 17:18:26'),(391,7,64,41,'Bread & water',NULL,240,1200,'2013-11-17','2013-11-18','2013-11-20 17:19:19','2013-11-20 17:19:19'),(392,7,61,41,'Rice, water, sardines, noodles',NULL,77,385,'2013-11-18','2013-11-19','2013-11-20 17:21:47','2013-11-20 17:21:47'),(393,7,262,30,'3.3 kg of rice',NULL,75,375,'2013-11-19','2013-11-22','2013-11-20 21:23:07','2013-11-20 21:34:51'),(394,7,27,30,'3.3 kg of rice of rice',NULL,75,375,'2013-11-19','2013-11-22','2013-11-20 21:29:23','2013-11-20 21:35:00'),(395,7,165,30,'3.3 kg of rice',NULL,30,150,'2013-11-19','2013-11-22','2013-11-20 21:33:30','2013-11-20 21:33:30'),(396,7,19,85,'3 kg rice, 7 canned goods, 1 blanket, 2L water, 5 pcs Loperamide, 10 pcs Paracetamol, 3 packs of noodles',NULL,77,385,'2013-11-16','2013-11-19','2013-11-20 21:36:43','2013-11-20 21:36:43'),(397,7,12,3,'Boxes of Bottled Water',NULL,50,250,'2013-11-11',NULL,'2013-11-20 21:38:05','2013-11-20 21:38:05'),(398,7,155,2,'5 kg rice, 2 canned goods, 4 noodles, 150g milk, 500g sugar, 500g salt, toiletries (soap, shampoo, toothbrush, toothpaste), 4L water',NULL,480,2400,'2013-11-18','2013-11-23','2013-11-20 21:38:06','2013-11-20 21:38:06'),(399,7,12,4,'Rice (2 kg), canned goods, noodles, bottled water',NULL,1000,5000,'2013-11-12','2013-11-14','2013-11-20 21:38:58','2013-11-20 21:38:58'),(400,7,152,2,'5 kg rice, 2 canned goods, 4 noodles, 150g milk, 500g sugar, 500g salt, toiletries (soap, shampoo, toothbrush, toothpaste), 4L water',NULL,200,1000,'2013-11-18','2013-11-23','2013-11-20 21:39:07','2013-11-20 21:39:07'),(401,7,18,86,'2kg rice, 3 canned goods, 4 packs noodles, 1.5L water,  biscuits, used clothing, candles, matches, soap, milk, sugar. \r\nFeeding included: porridge',NULL,800,4000,'2013-11-17','2013-11-19','2013-11-20 21:53:56','2013-11-20 21:53:56'),(402,7,18,85,'2 kg rice, 7 canned goods, 1 blanket, 2L water, 5 pcs Loperamide, 10 pcs Paracetamol, 3 packs of noodles, 1 pack feminine napkin',NULL,200,1000,'2013-11-15','2013-11-17','2013-11-20 21:54:48','2013-11-20 21:54:48'),(403,7,18,85,'2 kg rice, 7 canned goods, 1 blanket, 2L water, 5 pcs Loperamide, 10 pcs Paracetamol',NULL,266,1330,'2013-11-13','2013-11-15','2013-11-20 21:55:27','2013-11-20 21:55:27'),(404,7,12,5,'Bottle Water\r\nAssorted Food (648packs (2sardines, 4noodles, 2kg rice) Corn,biscuit\r\nRelief items(Slippers,sandals,meds, used clothing, soap)',NULL,10000,50000,'2013-11-11','2013-11-13','2013-11-20 21:57:31','2013-11-21 01:33:06'),(405,9,136,17,'\"5 kilos of rice, 1 kilo monggo\r\n1/2 kilo dried fish. 1 kilo brown sugar, 6 cans of sardines, 4 liters of water\"',NULL,454,2270,'2013-11-19','2013-11-24','2013-11-20 21:57:41','2013-11-20 21:57:41'),(406,7,128,30,'3.3 kg of rice',NULL,105,525,'2013-11-19','2013-11-22','2013-11-20 21:59:08','2013-11-20 21:59:08'),(407,7,12,27,'Additional Item:\r\n210 Cases of Water',NULL,1800,9000,'2013-11-16',NULL,'2013-11-20 22:00:16','2013-11-20 22:00:16'),(408,7,122,87,'2Kgs of Rice, 2 Canned Goods, 3 noodles, 2 Candles, 1 match, milk or milo or coffee',NULL,300,1500,'2013-11-16','2013-11-18','2013-11-20 22:00:21','2013-11-20 22:00:21'),(409,7,116,30,'3.3 kg of rice',NULL,450,2250,'2013-11-19','2013-11-22','2013-11-20 22:02:41','2013-11-20 22:02:41'),(410,7,116,17,'\"5 kilos of rice, 1 kilo monggo\r\n1/2 kilo dried fish. 1 kilo brown sugar, 6 cans of sardines, 4 liters of water\"',NULL,315,1575,'2013-11-19','2013-11-24','2013-11-20 22:03:50','2013-11-20 22:03:50'),(411,7,17,86,'2kg rice, 3 canned goods, 4 packs noodles, 1.5L water,  biscuits, used clothing, candles, matches, soap, milk, sugar. Feeding included: porridge',NULL,800,4000,'2013-11-17','2013-11-19','2013-11-20 22:05:00','2013-11-20 22:05:00'),(412,6,110,88,'Generator Unit: \r\n25 KVA Genset',NULL,1,5,'2013-11-12',NULL,'2013-11-20 22:07:32','2013-11-20 22:07:32'),(413,6,107,88,'Generator Unit: \r\n25 KVA Genset',NULL,1,5,'2013-11-12',NULL,'2013-11-20 22:08:37','2013-11-20 22:10:01'),(414,7,614,88,'2 kg rice, 6 packs noodles, 4 canned goods, 4L bottled water, 1 laundry soap, 1 bath soap, 1 big pail',NULL,1000,5000,'2013-11-15','2013-11-17','2013-11-20 22:10:14','2013-11-20 22:10:14'),(415,7,12,26,'Individual Packs (2 kg rice, 6 Energine, 3 Milo, 3 noodles, 2 500 ml bottled water)',NULL,689,3445,'2013-11-12','2013-11-14','2013-11-20 22:10:35','2013-11-20 22:10:35'),(416,7,105,88,'2 kg rice, 6 packs noodles, 4 canned goods, 4L bottled water, 1 laundry soap, 1 bath soap, 1 big pail',NULL,470,2350,'2013-11-15','2013-11-17','2013-11-20 22:10:51','2013-11-20 22:10:51'),(417,7,12,26,'Provision good for 2 days (in boxes)',NULL,304,1520,'2013-11-12','2013-11-14','2013-11-20 22:11:23','2013-11-20 22:11:23'),(418,7,104,88,'2 kg rice, 6 packs noodles, 4 canned goods, 4L bottled water, 1 laundry soap, 1 bath soap, 1 big pail',NULL,650,350,'2013-11-13','2013-11-15','2013-11-20 22:11:33','2013-11-20 22:11:33'),(419,7,103,88,'2 kg rice, 6 packs noodles, 4 canned goods, 4L bottled water, 1 laundry soap, 1 bath soap, 1 big pail',NULL,820,4100,'2013-11-13','2013-11-15','2013-11-20 22:12:08','2013-11-20 22:12:08'),(420,7,12,85,'3 kg rice, 9 canned goods',NULL,85,425,'2013-11-10','2013-11-13','2013-11-20 22:12:10','2013-11-20 22:12:10'),(421,7,102,88,'2 kg rice, 6 packs noodles, 4 canned goods, 4L bottled water, 1 laundry soap, 1 bath soap, 1 big pail',NULL,2060,10300,'2013-11-16','2013-11-18','2013-11-20 22:12:48','2013-11-20 22:12:48'),(422,7,12,85,'2 kg rice, 7 canned goods, 1 blanket, 2L water, 5 pcs Loperamide, 10 pcs Paracetamol',NULL,211,1055,'2013-11-13','2013-11-15','2013-11-20 22:13:02','2013-11-20 22:13:02'),(423,6,598,36,'Relief packs (2kl rice, 3 canned goods 3 noodles 2 coffee/milo/ovaltine 2biscuits, Bottled Water and Used clothing)',NULL,1046,5230,'2013-11-15','2013-11-17','2013-11-20 22:17:06','2013-11-20 22:17:06'),(424,7,12,30,'3.3kg rice, 50 sacks of canned goods',NULL,750,3750,'2013-11-10','2013-11-13','2013-11-20 22:18:37','2013-11-20 22:18:37'),(425,7,12,30,'3.3kg rice, 463 sacks of canned goods',NULL,6945,34725,'2013-11-13','2013-11-16','2013-11-20 22:19:42','2013-11-20 22:19:42'),(426,7,100,88,'21bxs used clothing, 28bxs 330ml water, mini packs(1kg rice, 6 sardines, 4 noodles, 1 soap, 2 350ml h2o), 11bxs asstd supplies (medical supplies)',NULL,300,1500,'2013-11-16','2013-11-17','2013-11-20 22:21:01','2013-11-20 22:21:01'),(427,7,12,3,'Assorted Items',NULL,240,1200,'2013-11-15',NULL,'2013-11-20 22:21:25','2013-11-20 22:21:25'),(428,6,93,88,'Generator Unit:\r\n25 KVA Genset',NULL,1,5,'2013-11-12',NULL,'2013-11-20 22:21:49','2013-11-20 22:21:49'),(429,7,16,85,'3 kg rice, 7 canned goods, 1 blanket, 2L water, 5 pcs Loperamide, 10 pcs Paracetamol, 3 packs of noodles, 1 pack feminine napkin',NULL,150,750,'2013-11-15','2013-11-18','2013-11-20 22:23:32','2013-11-20 22:23:32'),(430,7,16,85,'2 kg rice, 7 canned goods, 1 blanket, 2L water, 5 pcs Loperamide, 10 pcs Paracetamol',NULL,200,1000,'2013-11-13','2013-11-15','2013-11-20 22:24:06','2013-11-20 22:24:06'),(431,7,32,89,'2 bottles 1L water, Biscuits and planggana',NULL,500,2500,'2013-11-19',NULL,'2013-11-20 22:25:00','2013-11-20 22:25:00'),(432,7,15,85,'3 kg rice, 7 canned goods, 1 blanket, 2L water, 5 pcs Loperamide, 10 pcs Paracetamol, 3 packs of noodles, 1 pack feminine napkin',NULL,150,750,'2013-11-15','2013-11-18','2013-11-20 22:25:24','2013-11-20 22:25:24'),(433,7,15,85,'2 kg rice, 7 canned goods, 1 blanket, 2L water, 5 pcs Loperamide, 10 pcs Paracetamol',NULL,250,1250,'2013-11-13','2013-11-15','2013-11-20 22:26:04','2013-11-20 22:26:04'),(434,7,44,30,'3.3kg rice',NULL,1500,7500,'2013-11-19','2013-11-22','2013-11-20 22:26:36','2013-11-20 22:26:36'),(435,7,72,61,'rice only',NULL,250,1250,'2013-11-15','2013-11-16','2013-11-20 22:28:57','2013-11-20 22:28:57'),(437,7,48,86,'2kg of rice, 3canned goods, 4pcks noodles, 1.5L water, biscuits, used clothing, candles, matches, soap, milk, sugar\r\nFeeding: - porridge & boiled egg',NULL,1000,5000,'2013-11-17','2013-11-19','2013-11-20 22:29:43','2013-11-20 22:29:43'),(438,7,13,30,'3.3kg rice',NULL,3000,15000,'2013-11-19','2013-11-22','2013-11-20 22:30:53','2013-11-20 22:30:53'),(439,7,14,85,'3 kg rice, 7 canned goods, 1 blanket, 2L water, 5 pcs Loperamide, 10 pcs Paracetamol, 3 packs of noodles',NULL,240,1200,'2013-11-16','2013-11-19','2013-11-20 22:30:54','2013-11-20 22:30:54'),(440,6,58,36,'Assorted Items',NULL,700,3500,'2013-11-12',NULL,'2013-11-20 22:31:39','2013-11-20 22:31:39'),(441,7,14,85,'2 kg rice, 7 canned goods, 1 blanket, 2L water, 5 pcs Loperamide, 10 pcs Paracetamol',NULL,200,1000,'2013-11-13','2013-11-15','2013-11-20 22:31:56','2013-11-20 22:31:56'),(442,7,14,32,'2 kg rice, 3 canned goods, 1L water, 2 packs noodles',NULL,1098,5490,'2013-11-17','2013-11-19','2013-11-20 22:33:59','2013-11-20 22:33:59'),(443,7,14,61,'rice only',NULL,600,3000,'2013-11-15','2013-11-16','2013-11-20 22:35:22','2013-11-20 22:35:22'),(444,7,14,30,'4.1 kg of rice',NULL,2316,11580,'2013-11-19','2013-11-23','2013-11-20 22:37:45','2013-11-20 22:37:45'),(445,6,12,28,'9bxs asstd garments, 3bxs footwear, 31bxs asstd groceries, 3bxs toiletries, 2bxs asstd meds, 2bxs beddings, 5bxs asstd items, 1sack used tarpaulin',NULL,NULL,1,'2013-11-15',NULL,'2013-11-21 03:25:11','2013-11-21 03:25:11'),(446,6,12,26,'30 1L bottled water, 50 slippers, 13 sacks + 1 box assorted clothes',NULL,NULL,1,'2013-11-12',NULL,'2013-11-21 03:25:54','2013-11-21 03:25:54'),(447,7,12,29,'2 kilos rice, 2 bottled water, 3 Canned goods, 3 noodles, 2 3in1 coffee or milo or ovaltine, 2 biscuits, asstd meds., used tarps, used clothing',NULL,1046,5230,'2013-11-15','2013-11-17','2013-11-21 03:51:02','2013-11-21 03:51:02'),(448,6,1883,90,'Communication system insattlation',NULL,3,20000,'2013-11-12',NULL,'2013-11-21 14:23:22','2013-11-21 14:23:22'),(449,7,12,90,'Food, water and hygiene kit distribution to different barangay',NULL,4000,4000,'2013-11-16',NULL,'2013-11-21 14:24:54','2013-11-22 22:43:37'),(450,6,107,91,'Hygiene Kits (soap, shampoo, toothbrushs, toothpaste, pail, mosquito coi, detergent, dish washing product)',NULL,350,1750,'2013-11-14','2013-12-13','2013-11-21 17:27:56','2013-11-21 17:27:56'),(451,6,93,91,'Hygiene Kits (soap, shampoo, toothbrushs, toothpaste, pail, mosquito coil, detergent, dish washing product)',NULL,150,750,'2013-11-15','2013-12-14','2013-11-21 17:29:52','2013-11-21 17:36:54'),(452,7,107,91,'Rice bags 5 Kg',NULL,350,1750,'2013-11-27','2013-12-01','2013-11-21 17:31:38','2013-11-21 17:31:38'),(453,5,107,91,'Tarpaulins 5m',NULL,180,900,'2013-11-27','2014-01-25','2013-11-21 17:32:38','2013-11-21 17:32:38'),(454,7,93,91,'Rice 5 Kg',NULL,150,750,'2013-11-27','2013-12-01','2013-11-21 17:34:00','2013-11-21 17:34:00'),(456,7,12,26,'1 skyflakes, 1pc pork & beans, 2 sardines, 1pack candy, 2milo or coffee or energy drink, 1 towellete, 1bottled water',NULL,500,2500,'2013-11-09',NULL,'2013-11-22 22:44:52','2013-11-22 22:44:52'),(457,7,12,94,'40 boxes mineral water x 25 bottles @ 500 ml',NULL,500,2500,'2013-11-15',NULL,'2013-11-22 22:46:48','2013-11-22 22:46:48'),(458,7,12,85,'3 kg rice, 9 canned goods',NULL,85,425,'2013-11-10','2013-11-13','2013-11-22 22:47:54','2013-11-22 22:47:54'),(459,7,12,85,'2 kg rice, 7 canned goods, 1 blanket, 2L water, 5 pcs Loperamide, 10 pcs Paracetamol',NULL,211,1055,'2013-11-13','2013-11-15','2013-11-22 22:48:36','2013-11-22 22:48:36'),(460,7,12,96,'2 cans meat\r\n(c/o BangonCebu/Cebu Chamber of Commerce & Industry)',NULL,4800,24000,'2013-11-19',NULL,'2013-11-22 22:54:37','2013-11-22 23:24:09'),(461,7,12,96,'bottled water\r\n(c/o BangonCebu/Cebu Chamber of Commerce & Industry)',NULL,100,500,'2013-11-21',NULL,'2013-11-22 22:55:26','2013-11-22 23:24:17'),(462,7,31,95,'3kg rice, 8 canned goods, 1kg biscuit, 6L water',NULL,500,2500,'2013-11-13','2013-11-16','2013-11-22 22:57:27','2013-11-22 22:59:45'),(463,7,31,14,'3kg rice, 8 canned goods, 1kg biscuit, 6L water',NULL,820,4100,'2013-11-21','2013-11-24','2013-11-22 22:58:15','2013-11-22 23:00:34'),(465,7,33,14,'3kg rice, 8 canned goods, 1kg biscuit, 6L water',NULL,695,3475,'2013-11-20','2013-11-23','2013-11-22 23:06:48','2013-11-22 23:06:48'),(466,7,33,96,'2canned goods & 5 sacks of rice',NULL,800,4000,'2013-11-18',NULL,'2013-11-22 23:27:01','2013-11-22 23:27:01'),(467,7,33,96,'2 cans meat',NULL,600,3000,'2013-11-19',NULL,'2013-11-22 23:28:12','2013-11-22 23:28:12'),(468,7,36,14,'3kg rice, 8 canned goods, 1kg biscuit, 6L water',NULL,706,3530,'2013-11-20','2013-11-23','2013-11-22 23:29:07','2013-11-22 23:29:07'),(469,7,36,94,'2kg rice, 3 canned goods, 4 noodles, 5 bottles of H2O',NULL,100,500,'2013-11-15','2013-11-17','2013-11-22 23:30:19','2013-11-22 23:30:19'),(470,9,37,97,'pail w/ 3kg rice, 5sardines, 2btl 1L h2O, 250g Sugar, 250g Salt, 2pairs slippers, 1pack slice bread, 2pc katol, 1box match, 1pc detergnt soap',NULL,300,1500,'2013-11-18','2013-11-21','2013-11-22 23:34:32','2013-11-22 23:34:32'),(471,7,38,14,'3kg rice, 8 canned goods, 1kg biscuit, 6L water',NULL,500,2500,'2013-11-20','2013-11-23','2013-11-22 23:35:50','2013-11-22 23:35:50'),(472,7,42,87,'2Kgs of Rice \r\n2 Canned Goods \r\n3 noodles \r\n2 Candles \r\n1 match \r\nmilk or milo or coffee',NULL,500,2500,'2013-11-16','2013-11-18','2013-11-22 23:36:56','2013-11-22 23:38:37'),(475,7,44,30,'3.3kg rice',NULL,1500,7500,'2013-11-20','2013-11-23','2013-11-22 23:47:29','2013-11-22 23:47:29'),(476,7,44,96,'2 canned goods, 1 pack biscuit\r\n (c/o BangonCebu/Cebu Chamber of Commerce & Industry)',NULL,1500,7500,'2013-11-21',NULL,'2013-11-22 23:48:47','2013-11-22 23:48:47'),(478,7,252,26,'1pack biscuits, 1pack candy, 2cans sardines, 6energen, 3noodles, 1 virginia product, 1L Water',NULL,100,500,'2013-11-18',NULL,'2013-11-22 23:51:58','2013-11-22 23:51:58'),(479,7,48,98,'2kg rice, 3canned goods, 4 noodles, 1.5L H2O, biscuits, used clothng, candles, matches, soap, milk, sugar\r\nFeeding: Porridge & boiled egg',NULL,1000,5000,'2013-11-17','2013-11-19','2013-11-22 23:52:01','2013-11-22 23:52:01'),(481,7,54,14,'3kg rice, 8 canned goods, 1kg biscuit, 6L water',NULL,236,1180,'2013-11-21','2013-11-24','2013-11-22 23:53:52','2013-11-22 23:53:52'),(482,7,26,96,'2 canned goods & 1.5kg sugar',NULL,2250,11250,'2013-11-18',NULL,'2013-11-22 23:54:54','2013-11-22 23:54:54'),(484,7,58,36,'1K rice, 2 canned goods, 1 pack biscuits, 2 pcs bread, 3 pcs cereal drink',NULL,120,600,'2013-11-16','2013-11-17','2013-11-22 23:56:17','2013-11-22 23:56:17'),(485,7,26,96,'2 canned goods',NULL,480,2400,'2013-11-18',NULL,'2013-11-22 23:57:05','2013-11-22 23:57:05'),(486,6,60,97,'pail w/ 3kg rice, 5sardines, 2btl 1L h2O, 250g Sugar, 250g Salt, 2pairs slippers, 1pack slice bread, 2pcs katol, 1pc detergnt soap, 1box match',NULL,300,1500,'2013-11-18','2013-11-21','2013-11-22 23:58:14','2013-11-22 23:58:14'),(487,7,64,14,'3kg rice, 8 canned goods, 1kg biscuit, 6L water',NULL,765,3825,'2013-11-21','2013-11-24','2013-11-22 23:59:19','2013-11-22 23:59:19'),(488,4,26,94,'Vitamin C (Ceelin) 10 ml',NULL,288,1440,'2013-11-18',NULL,'2013-11-22 23:59:35','2013-11-22 23:59:35'),(489,7,65,14,'3kg rice, 8 canned goods, 1kg biscuit, 6L water',NULL,480,2400,'2013-11-21','2013-11-24','2013-11-23 00:00:02','2013-11-23 00:00:02'),(490,7,26,94,'2kg rice, 3 canned goods, 4 noodles, 5 bottles of water',NULL,100,500,'2013-11-18','2013-11-20','2013-11-23 00:01:24','2013-11-23 00:01:24'),(492,7,14,99,'rice only',NULL,500,2500,'2013-11-15',NULL,'2013-11-23 00:03:25','2013-11-23 00:03:25'),(494,7,234,30,'20 sacks of canned goods',NULL,300,1500,'2013-11-20',NULL,'2013-11-23 00:05:15','2013-11-23 00:05:15'),(495,7,25,96,'2 cans Fish & 1 can stewed beef',NULL,3000,15000,'2013-11-18',NULL,'2013-11-23 00:08:27','2013-11-23 00:08:27'),(498,7,232,2,'5 kg rice, 2 canned goods, 4 noodles, 150g milk, 500g sugar, 500g salt, toiletries (soap, shampoo, toothbrush, toothpaste), 4L water',NULL,165,825,'2013-11-21','2013-11-26','2013-11-23 00:23:56','2013-11-23 00:23:56'),(499,9,14,26,'1 sack: 8 packs assorted Bras, 1 pack underwear, 4 sacks men\'s wear, 6 sacks ladies\' wear, 1 sack kids\' wear',NULL,NULL,1,'2013-11-19',NULL,'2013-11-23 00:26:13','2013-11-23 00:26:13'),(500,7,231,30,'3.33kg rice, 5 packs of rice, 800 packs of canned goods',NULL,800,4000,'2013-11-21','2013-11-24','2013-11-23 00:27:44','2013-11-23 04:17:20'),(501,7,67,97,'pail w/ 3kg rice, 5sardines, 2btl 1L h2O, 250g Sugar, 250g Salt, 2pairs slippers, 1pack slice bread, 2pcs katol, 1pc detergnt soap, 1box match',NULL,250,1250,'2013-11-18','2013-11-21','2013-11-23 00:29:05','2013-11-23 00:29:05'),(502,7,67,100,'rice, canned goods and water',NULL,200,1000,'2013-11-19',NULL,'2013-11-23 00:29:42','2013-11-23 00:29:42'),(503,7,68,26,'Cupnoodles, rice, mineral water, sardines',NULL,794,3970,'2013-11-19',NULL,'2013-11-23 00:31:56','2013-11-23 00:31:56'),(504,7,69,2,'5 kg rice, 2 canned goods, 4 noodles, 150g milk, 500g sugar, 500g salt, toiletries (soap, shampoo, toothbrush, toothpaste), 4L water',NULL,500,2500,'2013-11-20','2013-11-25','2013-11-23 00:32:34','2013-11-23 00:32:34'),(505,7,69,87,'2Kgs of Rice \r\n3 noodles \r\n5 canned goods \r\n400 bottles of 500ml water',NULL,300,1500,'2013-11-16','2013-11-18','2013-11-23 00:33:24','2013-11-23 00:33:24'),(506,7,229,17,'5kg rice, 750g monggo, 5x155g sardines, 4x150g beefloaf, 500g sugar, 4L water',NULL,200,1000,'2013-11-20','2013-11-25','2013-11-23 00:33:37','2013-11-23 00:33:37'),(507,7,69,97,'pail w/ 3kg rice, 5sardines, 2btl 1L h2O, 250g Sugar, 250g Salt, 2pairs slippers, 1pack slice bread, 2pcs katol, 1pc detergnt soap, 1box match',NULL,50,250,'2013-11-18','2013-11-21','2013-11-23 00:34:22','2013-11-23 00:34:22'),(508,7,69,26,'Cupnoodles, rice, mineral water, sardines',NULL,383,1915,'2013-11-19',NULL,'2013-11-23 00:35:17','2013-11-23 00:35:17'),(509,7,612,17,'5 kgs rice, 750g monggo, 5x155g sardines, 4x150g beefloaf, 500g sugar, 4L water',NULL,182,910,'2013-11-20','2013-11-25','2013-11-23 00:36:29','2013-11-23 00:36:29'),(510,7,70,2,'5 kg rice, 2 canned goods, 4 noodles, 150g milk, 500g sugar, 500g salt, toiletries (soap, shampoo, toothbrush, toothpaste), 4L water',NULL,580,2900,'2013-11-20','2013-11-25','2013-11-23 00:36:43','2013-11-23 00:36:43'),(511,7,70,2,'Water',NULL,170,850,'2013-11-20',NULL,'2013-11-23 00:37:41','2013-11-23 00:37:41'),(512,5,70,2,'Laminated sack/trapal (5m), rope',NULL,300,1500,'2013-11-20',NULL,'2013-11-23 00:40:35','2013-11-23 00:40:35'),(513,7,71,14,'3kg rice, 8 canned goods, 1kg biscuit, 6L water',NULL,710,3550,'2013-11-21','2013-11-24','2013-11-23 00:41:24','2013-11-23 00:41:24'),(514,7,227,17,'5 kgs rice, 750g monggo, 5x155g sardines, 4x150g beefloaf, 500g sugar, 4L water',NULL,385,1925,'2013-11-20','2013-11-25','2013-11-23 00:41:44','2013-11-23 00:41:44'),(515,7,72,99,'rice only',NULL,250,1000,'2013-11-15',NULL,'2013-11-23 00:41:51','2013-11-23 00:41:51'),(516,7,73,14,'3kg rice, 8 canned goods, 1kg biscuit, 6L water',NULL,440,2200,'2013-11-21','2013-11-24','2013-11-23 00:42:43','2013-11-23 00:42:43'),(517,7,226,2,'5 kg rice, 2 canned goods, 4 noodles, 150g milk, 500g sugar, 500g salt, toiletries (soap, shampoo, toothbrush, toothpaste), 4L water',NULL,143,715,'2013-11-21','2013-11-26','2013-11-23 00:43:55','2013-11-28 14:45:44'),(518,7,74,32,'2 kilos rice, 3 canned goods, 1L water & 2 packs noodles',NULL,1098,5490,'2013-11-17','2013-11-19','2013-11-23 00:44:22','2013-11-23 00:44:22'),(519,7,75,14,'3kg rice, 8 canned goods, 1kg biscuit, 6L water',NULL,670,3350,'2013-11-21','2013-11-24','2013-11-23 00:46:17','2013-11-23 00:46:17'),(520,9,221,30,'3.3kg rice [33 sacks of rice, 5 packs of rice], packs of canned goods',NULL,500,2500,'2013-11-21','2013-11-24','2013-11-23 00:46:57','2013-11-23 00:46:57'),(523,7,15,30,'3.3kg rice',NULL,2250,11250,'2013-11-21','2013-11-24','2013-11-23 00:48:49','2013-11-23 00:48:49'),(524,7,217,94,'2kg rice, 3 canned goods, 4 noodles, 5 bottles of water;\r\n300 water packs',NULL,300,1500,'2013-11-23','2013-11-25','2013-11-23 00:50:00','2013-11-23 00:50:00'),(525,7,15,30,'3.3kg rice, 250 sacks of canned goods',NULL,3750,18750,'2013-11-20','2013-11-23','2013-11-23 00:50:44','2013-11-23 00:50:44'),(526,7,15,36,'2 Kgs of Rice \r\n4 canned goods \r\n2 Energen Drink \r\n2 candles \r\n1 match \r\nshampoo, toothpaste, soap, toothbrush and comb. \r\n1L of water',NULL,200,1000,'2013-11-16','2013-11-18','2013-11-23 00:52:02','2013-11-23 00:52:02'),(527,6,78,57,'1 box medicines (paracetamol, antibiotics, vitamin C, betadine), 8 boxes 1L water, 6 trapals, 1 box candles, 1 box matches',NULL,300,1500,'2013-11-14',NULL,'2013-11-23 00:54:04','2013-11-23 00:54:04'),(528,7,80,2,'5 kg rice, 2 canned goods, 4 noodles, 150g milk, 500g sugar, 500g salt, toiletries (soap, shampoo, toothbrush, toothpaste), 4L water',NULL,979,4895,'2013-11-18','2013-11-23','2013-11-23 00:55:41','2013-11-23 00:55:41'),(529,7,83,2,'5 kg rice, 2 canned goods, 4 noodles, 150g milk, 500g sugar, 500g salt, toiletries (soap, shampoo, toothbrush, toothpaste), 4L water',NULL,188,940,'2013-11-13','2013-11-18','2013-11-23 00:57:37','2013-11-23 00:57:37'),(530,7,215,36,'1kg rice, 4 Canned Goods, Assorted Biscuits, 1L water\r\nUsed clothes',NULL,200,1000,'2013-11-17','2013-11-18','2013-11-23 00:57:54','2013-11-23 00:57:54'),(531,7,212,2,'5 kg rice, 2 canned goods, 4 noodles, 150g milk, 500g sugar, 500g salt, toiletries (soap, shampoo, toothbrush, toothpaste), 4L water',NULL,139,695,'2013-11-21','2013-11-26','2013-11-23 00:59:55','2013-11-23 00:59:55'),(532,7,86,2,'5 kg rice, 2 canned goods, 4 noodles, 150g milk, 500g sugar, 500g salt, toiletries (soap, shampoo, toothbrush, toothpaste), 4L water',NULL,374,1735,'2013-11-18','2013-11-23','2013-11-23 00:59:57','2013-11-23 00:59:57'),(533,7,211,30,'3.33kg rice, 40 sacks of canned goods',NULL,600,3000,'2013-11-20','2013-11-23','2013-11-23 01:03:46','2013-11-23 01:03:46'),(534,7,211,96,'2pcs canned goods, 1pack biscuit',NULL,600,3000,'2013-11-20',NULL,'2013-11-23 01:07:18','2013-11-23 01:07:18'),(535,7,24,64,'Cupnoodles, rice, mineral water, sardines',NULL,400,2000,'2013-11-20',NULL,'2013-11-23 01:09:44','2013-11-23 01:09:44'),(536,7,24,17,'5 kgs rice, 750g monggo, 5x155g sardines, 4x150g beefloaf, 500g sugar, 4L water',NULL,49,245,'2013-11-20','2013-11-25','2013-11-23 01:11:16','2013-11-23 01:11:16'),(537,7,24,30,'3.33kg rice',NULL,4500,22500,'2013-11-20','2013-11-23','2013-11-23 01:15:36','2013-11-23 01:15:36'),(538,7,616,30,'3.33kg rice',NULL,75,375,'2013-11-20','2013-11-23','2013-11-23 01:17:19','2013-11-23 01:17:19'),(539,7,23,30,'3.33kg rice, 2 sacks of canned goods',NULL,30,150,'2013-11-21','2013-11-24','2013-11-23 01:20:27','2013-11-23 01:20:27'),(541,7,20,26,'Cupnoodles, rice, mineral water, sardines',NULL,300,1500,'2013-11-19',NULL,'2013-11-23 01:24:14','2013-11-23 01:24:14'),(542,9,20,26,'1 sack assorted Kids\' clothes',NULL,1,1,'2013-11-18',NULL,'2013-11-23 01:25:15','2013-11-23 01:25:15'),(543,7,20,96,'Bottled Water',NULL,2414,12070,'2013-11-19',NULL,'2013-11-23 01:26:21','2013-11-23 01:26:21'),(544,7,20,96,'2 cans meat, 1L water',NULL,2800,14000,'2013-11-19',NULL,'2013-11-23 01:28:31','2013-11-23 01:28:31'),(546,7,162,2,'5 kg rice, 2 canned goods, 4 noodles, 150g milk, 500g sugar, 500g salt, toiletries (soap, shampoo, toothbrush, toothpaste), 4L water',NULL,260,1300,'2013-11-18','2013-11-23','2013-11-23 01:31:25','2013-11-23 01:31:25'),(547,6,161,57,'1 box medicines (paracetamol, antibiotics, vitamin C, betadine), 8 boxes 1L water, 6 trapals, 1 box candles, 1 box matches',NULL,250,1250,'2013-11-14',NULL,'2013-11-23 01:36:46','2013-11-23 01:36:46'),(548,7,88,33,'5 kg rice, 2 canned goods, 4 noodles, 150g milk, 500g sugar, 500g salt, toiletries (soap, shampoo, toothbrush, toothpaste), 4L water',NULL,651,3255,'2013-11-18','2013-11-23','2013-11-23 01:42:57','2013-11-23 01:42:57'),(549,6,158,57,'1 box medicines (paracetamol, antibiotics, vitamin C, betadine), 9 boxes 1L water, 1 trapal, 1 box candles, 1 box matches',NULL,1,1,'2013-11-14',NULL,'2013-11-23 01:45:51','2013-11-23 01:45:51'),(552,7,89,102,'1 kilo rice, misua/udong, sardines, cooking oil, water and sanitary napkins',NULL,215,1075,'2013-11-12','2013-11-13','2013-11-23 01:49:43','2013-11-23 01:49:43'),(553,6,89,102,'1 kilo rice, misua/udong, sardines, cooking oil, water and sanitary napkins\r\nAdditional Items:\r\nmats, tarps and tents',NULL,600,3000,'2013-11-17','2013-11-18','2013-11-23 01:50:58','2013-11-23 01:50:58'),(554,7,149,94,'2kg rice, 3 canned goods, 4noodles, 4 bottles mineral water',NULL,32,160,'2013-11-23','2013-11-25','2013-11-23 01:51:18','2013-11-23 01:51:18'),(555,6,91,2,'5 kg rice, 2 canned goods, 4 noodles, 150g milk, 500g sugar, 500g salt, toiletries (soap, shampoo, toothbrush, toothpaste), 4L water',NULL,469,2345,'2013-11-18','2013-11-23','2013-11-23 01:51:54','2013-11-23 01:51:54'),(556,7,148,98,'2kg rice, 3 canned goods, 4 packs noodles, 1.5 L water,  biscuits, used clothing, candles, matches, soap, milk, sugar\r\nFeeding: Porridge, egg',NULL,800,4000,'2013-11-17','2013-11-19','2013-11-23 01:52:52','2013-11-23 01:52:52'),(557,7,91,30,'3.3kg rice, 1 sack of canned goods',NULL,15,75,'2013-11-20','2013-11-23','2013-11-23 01:52:58','2013-11-23 01:52:58'),(558,7,16,94,'2kg rice, 3 canned goods, 4 noodles, 5 bottles of H2O',NULL,100,500,'2013-11-14','2013-11-16','2013-11-23 01:54:04','2013-11-23 01:54:04'),(559,4,139,94,'10 boxes Symdex, 20 boxes paracetamol, 10 boxes Mefenamic acid,50 bottles paracetamol drops, 50 bottles carbocisteine syrup, 10 boxes carbocisteine ca',NULL,1,1,'2013-11-15',NULL,'2013-11-23 01:54:57','2013-11-23 01:54:57'),(561,7,137,30,'5 packs of rice',NULL,5,25,'2013-11-19',NULL,'2013-11-23 01:55:41','2013-11-23 01:55:41'),(565,9,16,26,'1pack biscuits, 1pack canday, 2cans sardines, 6energen, 3noodles, 1 virginia product, 1L Water + 100tablets ascorbic acid',NULL,100,500,'2013-11-18',NULL,'2013-11-23 02:00:05','2013-11-23 02:00:05'),(566,7,16,96,'2cans Fish and 1 can stewed beef\r\n(c/o BangonCebu/Cebu Chamber of Commerce & Industry)',NULL,3000,15000,'2013-11-18',NULL,'2013-11-23 02:01:40','2013-11-23 02:01:40'),(567,7,18,30,'3.33kg rice',NULL,4500,22500,'2013-11-20','2013-11-23','2013-11-23 02:01:47','2013-11-23 02:01:47'),(568,6,93,88,'25 KVA Genset',NULL,1,1,'2013-11-12',NULL,'2013-11-23 02:02:23','2013-11-23 02:04:19'),(569,6,18,94,'Various MBM tarpaulins, 1 box close-up toothpaste (sachet), 1 box used clothing , 13 boxes mineral water, 25 bottles amoxicillin, 15 bottles Cefalexin',NULL,1,1,'2013-11-13',NULL,'2013-11-23 02:04:32','2013-11-23 02:04:32'),(570,7,18,26,'250 ml water',NULL,288,288,'2013-11-10',NULL,'2013-11-23 02:05:37','2013-11-23 02:05:37'),(571,6,93,2,'5 kg rice, 2 canned goods, 4 noodles, 150g milk, 500g sugar, 500g salt, toiletries (soap, shampoo, toothbrush, toothpaste), 4L water',NULL,1400,7000,'2013-11-18','2013-11-23','2013-11-23 02:05:40','2013-11-23 02:05:40'),(572,6,94,2,'5 kg rice, 2 canned goods, 4 noodles, 150g milk, 500g sugar, 500g salt, toiletries (soap, shampoo, toothbrush, toothpaste), 4L water',NULL,420,2100,'2013-11-18','2013-11-23','2013-11-23 02:06:32','2013-11-23 02:06:32'),(573,7,18,26,'1 skyflakes, 1pc pork & beans, 2 sardines, 1 pack candy, 2milo or coffee or energy drink, 1 towellete',NULL,120,600,'2013-11-10',NULL,'2013-11-23 02:06:34','2013-11-23 02:06:34'),(574,9,97,96,'2 canned goods, 1 pack biscuit\r\n(c/o BangonCebu/Cebu Chamber of Commerce & Industry)',NULL,450,2250,'2013-11-21',NULL,'2013-11-23 02:07:22','2013-11-23 02:07:22'),(575,7,18,26,'1 skyflakes, 1pc pork & beans, 2 sardines, 1pack candy, 2milo or coffee or energy drink, 1 towellete',NULL,150,750,'2013-11-09',NULL,'2013-11-23 02:07:34','2013-11-23 02:07:34'),(576,7,97,30,'3.3kg rice, 30 sacks of canned goods',NULL,450,2250,'2013-11-20','2013-11-23','2013-11-23 02:08:32','2013-11-23 02:08:32'),(578,7,98,30,'3.3kg rice, 35 sacks of canned goods',NULL,525,2625,'2013-11-20','2013-11-23','2013-11-23 02:09:50','2013-11-23 02:09:50'),(579,7,135,104,'1k rice, 2 canned goods, 2 noodles, 1 L water',NULL,300,1500,'2013-11-14','2013-11-15','2013-11-23 02:10:23','2013-11-23 02:10:23'),(580,7,98,96,'2pcs canned goods, 1pack biscuit',NULL,480,2400,'2013-11-20',NULL,'2013-11-23 02:10:35','2013-11-23 02:10:35'),(581,7,99,2,'5 kg rice, 2 canned goods, 4 noodles, 150g milk, 500g sugar, 500g salt, toiletries (soap, shampoo, toothbrush, toothpaste), 4L water',NULL,768,3840,'2013-11-18','2013-11-23','2013-11-23 02:12:02','2013-11-28 15:10:25'),(582,7,134,30,'3.3kg rice, 52 sacks of canned goods',NULL,780,3900,'2013-11-20','2013-11-23','2013-11-23 02:13:48','2013-11-23 02:13:48'),(583,7,134,96,'2pcs canned goods, 1pack biscuit',NULL,675,3375,'2013-11-20',NULL,'2013-11-23 02:14:21','2013-11-23 02:14:21'),(584,7,622,98,'2kg rice, 3 canned goods, 4 packs noodles, 1.5L water,  biscuits, used clothing, candles, matches, soap, milk, sugar\r\nFeeding: porridge, egg',NULL,800,4000,'2013-11-17','2013-11-19','2013-11-23 02:17:57','2013-11-23 02:17:57'),(587,7,129,94,'50 pcs food packs, 50 packs of 5 mineral water, 2 boxes mefenamicacid, 2 boxes symdex, 3 boxes carbocisteine, 3 boxes paracetamol etc',NULL,50,250,'2013-11-15',NULL,'2013-11-23 02:21:31','2013-11-23 02:21:31'),(589,6,103,2,'5 kg rice, 2 canned goods, 4 noodles, 150g milk, 500g sugar, 500g salt, toiletries (soap, shampoo, toothbrush, toothpaste), 4L water',NULL,700,3500,'2013-11-15','2013-11-20','2013-11-23 02:23:01','2013-11-23 02:23:01'),(590,6,104,2,'5 kg rice, 2 canned goods, 4 noodles, 150g milk, 500g sugar, 500g salt, toiletries (soap, shampoo, toothbrush, toothpaste), 4L water',NULL,576,2880,'2013-11-15','2013-11-20','2013-11-23 02:23:45','2013-11-23 02:23:45'),(591,7,128,96,'2pcs canned goods, 1pack biscuit',NULL,105,525,'2013-11-20',NULL,'2013-11-23 02:24:40','2013-11-23 02:24:40'),(593,7,105,2,'5 kg rice, 2 canned goods, 4 noodles, 150g milk, 500g sugar, 500g salt, toiletries (soap, shampoo, toothbrush, toothpaste), 4L water',NULL,352,1760,'2013-11-15','2013-11-20','2013-11-23 02:25:38','2013-11-28 15:12:14'),(595,7,106,2,'5 kg rice, 2 canned goods, 4 noodles, 150g milk, 500g sugar, 500g salt, toiletries (soap, shampoo, toothbrush, toothpaste), 4L water',NULL,240,1200,'2013-11-18','2013-11-23','2013-11-23 02:27:12','2013-11-28 15:12:43'),(596,9,106,96,'2 canned goods, 1 pack biscuit',NULL,75,375,'2013-11-21',NULL,'2013-11-23 02:27:55','2013-11-23 02:27:55'),(597,7,106,30,'3.3kg rice, 5 sacks of canned goods',NULL,75,375,'2013-11-20','2013-11-23','2013-11-23 02:28:54','2013-11-23 02:28:54'),(598,6,614,88,'2 kg rice, 6 packs noodles, 4 canned goods, 4L bottled water, 1 laundry soap, 1 bath soap, 1 big pail',NULL,1000,5000,'2013-11-15','2013-11-17','2013-11-23 02:30:02','2013-11-23 02:30:02'),(599,7,128,96,'2canned goods & 1.5K sugar',NULL,630,3150,'2013-11-18',NULL,'2013-11-23 02:30:06','2013-11-23 02:30:06'),(600,6,107,88,'25 KVA Genset',NULL,NULL,1,'2013-11-12',NULL,'2013-11-23 02:30:35','2013-11-23 02:30:35'),(601,7,107,30,'3.3kg rice',NULL,15,75,'2013-11-21','2013-11-24','2013-11-23 02:31:39','2013-11-23 02:31:39'),(603,7,107,96,'2canned goods and 1.5K sugar\r\n (c/o BangonCebu/Cebu Chamber of Commerce & Industry)',NULL,800,4000,'2013-11-18',NULL,'2013-11-23 02:32:53','2013-11-23 02:32:53'),(604,7,108,96,'2 canned goods, 1 pack biscuit\r\n(c/o BangonCebu/Cebu Chamber of Commerce & Industry)',NULL,450,2250,'2013-11-21',NULL,'2013-11-23 02:33:54','2013-11-23 02:33:54'),(605,7,108,30,'3.3kg rice, 30 sacks of canned goods',NULL,450,2250,'2013-11-20','2013-11-23','2013-11-23 02:34:45','2013-11-23 02:34:45'),(606,7,126,26,'12 energen, 4 milo, 4 coffee, 1 pack biscuit',NULL,200,1000,'2013-11-20',NULL,'2013-11-23 02:34:51','2013-11-23 02:34:51'),(607,6,110,88,'25 KVA Genset',NULL,NULL,1,'2013-11-12',NULL,'2013-11-23 02:35:19','2013-11-23 02:35:19'),(608,7,126,26,'3 noodles, 1L water, 4 swak Bear Brand',NULL,40,200,'2013-11-20',NULL,'2013-11-23 02:35:45','2013-11-23 02:35:45'),(609,7,123,96,'2canned goods & 1.5kg sugar',NULL,630,3150,'2013-11-18',NULL,'2013-11-23 02:37:03','2013-11-23 02:37:03'),(610,7,123,87,'2Kg  Rice, 2 Canned Goods, 3 noodles, 2 Candles, 1 box matches, milk or milo or coffee',NULL,250,1250,'2013-11-16','2013-11-18','2013-11-23 02:38:07','2013-11-23 02:38:07'),(612,7,118,96,'2cans Fish & 1 can stewed beef',NULL,1500,7500,'2013-11-18',NULL,'2013-11-23 02:42:01','2013-11-23 02:42:01'),(614,7,116,30,'3.33kg rice',NULL,450,2250,'2013-11-19','2013-11-22','2013-11-23 02:45:41','2013-11-23 02:45:41'),(615,7,112,103,'1Kg rice, 2 canned goods, 3 noodles, 1L water, used clothing',NULL,914,4570,'2013-11-16','2013-11-17','2013-11-23 02:48:33','2013-11-23 02:48:33'),(616,7,112,103,'1kg rice, 2 noodles, 3 noodles, 1L water',NULL,1000,5000,'2013-11-16','2013-11-17','2013-11-23 02:49:16','2013-11-23 02:49:16'),(617,7,111,96,'2canned goods, 1.5Kg sugar & 350ml bottled Water',NULL,510,2550,'2013-11-18',NULL,'2013-11-23 02:50:33','2013-11-23 02:50:33'),(618,7,17,26,'1pack biscuits, 1pack candy, 2cans sardines, 6energen, 3noodles, 1 virginia product, 1L Water + 100tablets ascorbic acid',NULL,50,250,'2013-11-18',NULL,'2013-11-23 02:52:32','2013-11-23 02:52:32'),(619,6,17,94,'Various MBM tarpaulins, 1 box close-up toothpaste (sachet), 1 box used clothing , 13 boxes mineral water, 25 bottles amoxicillin, 15 bottles Cefalexin',NULL,1,1,'2013-11-13',NULL,'2013-11-23 02:53:39','2013-11-23 02:53:39'),(620,4,17,94,'14 bottles 250 mg/5ml Amoxicillin, 10 bottles 250 mg/5ml Cefalexin, 10 bottles 100mg/60ml Carbocisteine, 10 bottles 50mg/5ml Mefenamic acid, etc',NULL,1,1,'2013-11-13',NULL,'2013-11-23 02:55:18','2013-11-23 02:55:18'),(621,7,17,32,'2Kg rice, 3 canned goods, 2 noodles & 1L water',NULL,150,750,'2013-11-13','2013-11-15','2013-11-23 02:56:47','2013-11-23 02:56:47'),(622,7,103,79,'Rice (4 kg), water (2 x 1000 mL), sugar (500 g), salt (500 g), 2 sardines cans (2 x 155 g), 2 beef loaf cans (2 x 150 g), 1 carne norde can (corned beef) (100 g), 1 bear brand milk (150 g), 1 tooth brush, 1 tooth paste (50 mL), 1 soap (150 g), 6 sachets shampoo (6 x 13,5 mL)',NULL,96,275,'2013-11-17','2013-11-20','2013-11-23 14:19:16','2013-11-23 14:19:16'),(623,7,104,79,'Rice (4 kg), water (2 x 1000 mL), sugar (500 g), salt (500 g), 2 sardines cans (2 x 155 g), 2 beef loaf cans (2 x 150 g), 1 carne norde can (corned beef) (100 g), 1 bear brand milk (150 g), 1 tooth brush, 1 tooth paste (50 mL), 1 soap (150 g), 6 sachets shampoo (6 x 13,5 mL)',NULL,190,555,'2013-11-17','2013-11-20','2013-11-23 14:19:46','2013-11-23 14:19:46'),(624,7,104,79,'1L Water',NULL,100,50,'2013-11-17','2013-11-18','2013-11-23 14:24:18','2013-11-23 14:24:18'),(625,5,104,79,'trapals (4m long each)',NULL,125,625,'2013-11-17',NULL,'2013-11-23 14:28:17','2013-11-23 14:28:17'),(627,7,103,79,'Rice (4kg), Water (1,5L), Canned food',NULL,65,325,'2013-11-13','2013-11-16','2013-11-23 17:10:08','2013-11-23 17:10:08'),(628,7,104,79,'Rice (4kg), Water (1,5L), canned food',NULL,129,645,'2013-11-13','2013-11-16','2013-11-23 17:11:22','2013-11-23 17:11:22'),(629,4,103,79,'Paracetamol, soap, mosquito repellent, matches',NULL,65,325,'2013-11-13','2013-11-22','2013-11-23 17:13:40','2013-11-23 17:13:40'),(630,4,104,79,'Paracetamol, soap, mosquito repellent, matches',NULL,129,645,'2013-11-13','2013-11-22','2013-11-23 17:14:13','2013-11-23 17:14:13'),(631,3,1945,79,'Anti-tetanus injections, antibiotics, antiseptics, bandages, suture thread and needles (in Daanbantayan hospital)',NULL,1,1,'2013-11-13','2013-11-13','2013-11-23 17:21:52','2013-11-23 17:22:21'),(632,7,32,30,'20 tins of rice, 10 bottles of water',NULL,10,50,'2013-11-21',NULL,'2013-11-25 02:50:31','2013-11-25 02:50:31'),(633,7,13,8,'1 kilo of rice, 200 grams skyflakes crackers/3 packs of eggnog, 1 box of cereal, 3 canned goods, 3 noodles, 2 medicine pads, 1 big candle, 1 box match',NULL,100,500,'2013-11-24','2013-11-25','2013-11-25 02:52:41','2013-11-25 02:52:41'),(634,7,61,30,'3.33kg rice',NULL,105,525,'2013-11-21','2013-11-24','2013-11-25 02:54:18','2013-11-25 02:54:18'),(635,7,90,13,'2 kg rice, 2 hard boiled eggs, 1 pack bread, 1L bottled water, 1 pack crackers, 2 cans sardines, 1 pack noodles; Addtl items:12 boxes bottled water',NULL,550,2750,'2013-11-14','2013-11-16','2013-11-25 02:58:16','2013-11-25 02:58:16'),(636,7,91,13,'2 kg rice, 2 hard boiled eggs, 1 pack bread, 1L bottled water, 1 pack crackers, 2 cans sardines, 1 pack noodles',NULL,50,250,'2013-11-14','2013-11-16','2013-11-25 02:59:15','2013-11-25 02:59:15'),(637,7,91,113,'2kgrice, 2 cans sardines, 2 pcs noodles, 1L bottled water, 1 box matches, 1 candle, 1 pack dried fish',NULL,500,2500,'2013-11-16','2013-11-18','2013-11-25 03:04:33','2013-11-25 03:04:33'),(638,6,91,113,'toothbrush, toothpaste, towel, sanitary pad & soap',NULL,200,1000,'2013-11-16',NULL,'2013-11-25 03:05:10','2013-11-25 03:05:10'),(639,9,91,113,'assorted clothes',NULL,100,1,'2013-11-16',NULL,'2013-11-25 03:07:59','2013-11-25 03:07:59'),(640,7,16,30,'3.33 kg rice',NULL,2250,11250,'2013-11-21','2013-11-24','2013-11-25 03:09:46','2013-11-25 03:09:46'),(641,7,249,30,'3.3 kg of rice',NULL,15,75,'2013-11-21','2013-11-24','2013-11-25 03:14:49','2013-11-25 03:14:49'),(642,7,209,19,'2kgs rice, 4canned goods, noodles, pack of monggos, candles, match & bottled water',NULL,300,1500,'2013-11-17','2013-11-19','2013-11-25 03:16:30','2013-11-25 03:16:30'),(643,7,205,19,'2kgs rice, 4canned goods, noodles, pack of monggos, candles, match & bottled water',NULL,300,1500,'2013-11-17','2013-11-19','2013-11-25 03:17:12','2013-11-25 03:17:12'),(644,7,200,61,'2 kilos rice, 3 canned goods, 1L water & 2 packs of  noodles',NULL,300,1500,'2013-11-19','2013-11-21','2013-11-25 03:18:01','2013-11-25 03:18:01'),(645,7,195,19,'2kls rice, 4canned goods, noodles, pack of monggos, candles, match & bottled water',NULL,100,500,'2013-11-17','2013-11-19','2013-11-25 03:18:50','2013-11-25 03:18:50'),(646,7,618,19,'2kls rice, 4canned goods, noodles, pack of monggos, candles, match & bottled water',NULL,100,500,'2013-11-17','2013-11-19','2013-11-25 03:19:31','2013-11-25 03:19:31'),(647,7,194,19,'2kls rice, 4canned goods, noodles, pack of monggos, candles, match & bottled water',NULL,100,500,'2013-11-17','2013-11-19','2013-11-25 03:20:18','2013-11-25 03:20:18'),(648,7,192,19,'2kls rice, 4canned goods, noodles, pack of monggos, candles, match & bottled water',NULL,100,500,'2013-11-17','2013-11-19','2013-11-25 03:20:45','2013-11-25 03:20:45'),(649,7,190,19,'2kls rice, 4canned goods, noodles, pack of monggos, candles, match & bottled water',NULL,100,500,'2013-11-17','2013-11-19','2013-11-25 03:21:12','2013-11-25 03:21:12'),(650,7,189,19,'2kls rice, 4canned goods, noodles, pack of monggos, candles, match & bottled water',NULL,100,500,'2013-11-17','2013-11-19','2013-11-25 03:21:36','2013-11-25 03:21:36'),(651,7,193,19,'2kls rice, 4canned goods, noodles, pack of monggos, candles, match & bottled water',NULL,100,500,'2013-11-17','2013-11-19','2013-11-25 03:21:58','2013-11-25 03:21:58'),(652,7,179,19,'2kls rice, 4canned goods, noodles, pack of monggos, candles, match & bottled water',NULL,557,2785,'2013-11-17','2013-11-19','2013-11-25 03:22:43','2013-11-25 03:22:43'),(653,7,176,19,'2kls rice, 4canned goods, noodles, pack of monggos, candles, match & bottled water',NULL,150,750,'2013-11-17','2013-11-19','2013-11-25 03:23:08','2013-11-25 03:23:08'),(654,7,20,19,'2kls rice, 4canned goods, noodles, pack of monggos, candles, match & bottled water',NULL,750,3750,'2013-11-17','2013-11-19','2013-11-25 03:23:49','2013-11-25 03:23:49'),(655,7,155,13,'\"2 kg rice, 2 hard boiled eggs, 1 pack bread (1 pack = 4 pcs), 1L bottled water, 1 pack crackers, 2 cans sardines, 1 pack noodles',NULL,300,1500,'2013-11-14','2013-11-16','2013-11-25 03:24:52','2013-11-25 03:24:52'),(656,7,131,110,'\" 2K of rice, 2 cans of meat loaf, 2-3 cans of sardines, 1 can pork and beans, 2 bottles of 500ml water, candles, match, 2 packs biscuits. \r\n\"',NULL,274,1370,'2013-11-16','2013-11-18','2013-11-25 03:26:08','2013-11-25 03:26:08'),(657,7,126,110,'\" 2K of rice, 2 cans of meat loaf, 2-3 cans of sardines, 1 can pork and beans, 2 bottles of 500ml water, candles, match, 2 packs biscuits. \r\n\"',NULL,268,1340,'2013-11-16','2013-11-18','2013-11-25 03:26:47','2013-11-25 03:26:47'),(658,7,119,114,'2kls rice, 1 can sardines, 1 can bingo carne norte, 2 pcs noodles, 1-liter bottled water, 1 pack dried fish',NULL,1000,5000,'2013-11-14','2013-11-16','2013-11-25 03:27:55','2013-11-25 03:29:24'),(659,7,17,114,'2kls rice, 2 cans sardines, 2 pcs noodles, 1-liter bottled water, 1 box matches, I candle, 1 pack dried fish',NULL,662,3310,'2013-11-18','2013-11-20','2013-11-25 03:30:28','2013-11-25 03:30:28'),(660,7,94,13,'2kg rice, 2 hard boiled eggs, 1 pack bread, 1L bottled water, 1 pack crackers, 2 cans sardines, 1 pack noodles',NULL,50,250,'2013-11-14','2013-11-16','2013-11-25 03:30:48','2013-11-25 03:30:48'),(661,3,17,108,'3 doctors/meds',NULL,NULL,1,'2013-11-18',NULL,'2013-11-25 03:31:25','2013-11-25 03:31:25'),(662,7,106,13,'2 kg rice, 2 hard boiled eggs, 1 pack bread, 1L bottled water, 1 pack crackers, 2 cans sardines, 1 pack noodles',NULL,150,750,'2013-11-14','2013-11-16','2013-11-25 03:32:05','2013-11-25 03:32:05'),(663,7,106,30,'5 sacks of canned goods',NULL,75,375,'2013-11-21',NULL,'2013-11-25 03:32:49','2013-11-25 03:32:49'),(664,7,107,8,'1kg rice, 200g skyflakes crackers/3 packs of eggnog, 1 box cereal, 3 canned goods, 3 noodles, 2 medicine pads, 1 big candle, 1 box matches',NULL,100,500,'2013-11-24','2013-11-25','2013-11-25 03:36:12','2013-11-25 03:36:12'),(665,6,607,90,'Together with Global Medic, 80,000 aquatabs were distributed in medelline and daan bantayan',NULL,80000,20000,'2013-11-20',NULL,'2013-11-25 13:23:27','2013-11-25 13:23:27'),(666,7,171,90,'together with personnel from Global Medic 200 packs of relief goods, 200 1liter bottled water, and 20000 aquatabs were distributed in pilar',NULL,200,1400,'2013-11-23',NULL,'2013-11-25 13:38:30','2013-11-25 13:38:30'),(667,7,174,90,'Together with personnel from Global medics 300 packs of relief goods, 300 1lite bottled water were distributed in Poro',NULL,300,2100,'2013-11-23',NULL,'2013-11-25 13:41:22','2013-11-25 13:41:22'),(668,7,206,90,'200 packs of relief goods and 200 bottled water were distributed to different areas in tudela',NULL,200,1400,'2013-11-23',NULL,'2013-11-25 13:42:31','2013-11-25 14:11:23'),(669,7,2311,62,'2 kilos rice',NULL,200,200,'2013-11-21',NULL,'2013-11-25 14:08:20','2013-11-25 14:08:20'),(670,7,2311,90,'Together w/ Global medics 500 packs of relief goods were distributed in san francisco included brgy santa cruz, santiago, ezperanza and tulang diot',NULL,500,3500,'2013-11-24',NULL,'2013-11-25 14:43:15','2013-11-25 15:42:16'),(671,7,2311,90,'Together w/ Global medics 500 1L bottled water were distributed in san francisco, included are brgy santa cruz, santiago, ezperanza and tulang diot',NULL,500,3500,'2013-11-24',NULL,'2013-11-25 15:40:33','2013-11-25 15:43:33'),(672,7,2311,90,'Together w/ Global medics 42 5gal water were distributed in san francisco, included are brgy santa cruz, santiago, ezperanza and tulang diot',NULL,42,3500,'2013-11-24',NULL,'2013-11-25 15:45:00','2013-11-25 15:45:00'),(673,6,2311,90,'Together w/ Global medics 130000 aquatabs were distributed in san francisco, included are brgy santa cruz, santiago, ezperanza and tulang diot',NULL,130000,3500,'2013-11-24',NULL,'2013-11-25 15:46:40','2013-11-25 15:46:40'),(674,7,258,30,'3.3kg rice, 40 sacks of canned goods',NULL,600,3000,'2013-11-21','2013-11-24','2013-11-25 22:19:27','2013-11-25 22:19:27'),(675,6,256,2,'5 kg rice, 2 canned goods, 4 noodles, 150g milk, 500g sugar, 500g salt, toiletries (soap, shampoo, toothbrush, toothpaste), 4L water',NULL,185,925,'2013-11-25','2013-11-30','2013-11-25 22:20:06','2013-11-25 22:20:06'),(676,6,608,2,'5 kg rice, 2 canned goods, 4 noodles, 150g milk, 500g sugar, 500g salt, toiletries (soap, shampoo, toothbrush, toothpaste), 4L water',NULL,214,1070,'2013-11-25','2013-11-30','2013-11-25 22:22:09','2013-11-25 22:22:09'),(677,6,253,2,'5 kg rice, 2 canned goods, 4 noodles, 150g milk, 500g sugar, 500g salt, toiletries (soap, shampoo, toothbrush, toothpaste), 4L water',NULL,761,3805,'2013-11-25','2013-11-30','2013-11-25 22:22:53','2013-11-25 22:22:53'),(678,7,12,29,'200 white bags of relief goods packed (rice, canned goods, etc)',NULL,200,1000,'2013-11-22','2013-11-23','2013-11-25 22:23:40','2013-11-25 22:23:40'),(679,6,225,2,'5 kg rice, 2 canned goods, 4 noodles, 150g milk, 500g sugar, 500g salt, toiletries (soap, shampoo, toothbrush, toothpaste), 4L water',NULL,539,2695,'2013-11-22','2013-11-27','2013-11-25 22:24:21','2013-11-25 22:24:21'),(680,7,48,30,'3.3 kg of rice, 3 sacks of canned goods',NULL,45,225,'2013-11-22','2013-11-25','2013-11-25 22:24:36','2013-11-25 22:24:36'),(681,6,224,2,'5 kg rice, 2 canned goods, 4 noodles, 150g milk, 500g sugar, 500g salt, toiletries (soap, shampoo, toothbrush, toothpaste), 4L water',NULL,275,1375,'2013-11-22','2013-11-27','2013-11-25 22:25:29','2013-11-25 22:25:29'),(682,6,216,2,'5 kg rice, 2 canned goods, 4 noodles, 150g milk, 500g sugar, 500g salt, toiletries (soap, shampoo, toothbrush, toothpaste), 4L water',NULL,440,2200,'2013-11-22','2013-11-27','2013-11-25 22:26:23','2013-11-25 22:26:23'),(683,7,13,118,'3 kilos rice,5 canned goods, 1 kg bihon, 2 bottles 1L water',NULL,3000,15000,'2013-11-15','2013-11-18','2013-11-25 22:32:53','2013-11-25 22:32:53'),(684,7,14,118,'3 kilos rice,5 canned goods, 1 kg bihon, 2 bottles 1L water',NULL,3000,15000,'2013-11-15','2013-11-18','2013-11-25 22:33:30','2013-11-25 22:33:30'),(685,7,15,119,'2 kg rice, 3 packs noodles, 4 canned goods, 1 box matches, 1 pack candle',NULL,400,2000,'2013-11-23','2013-11-25','2013-11-25 22:37:00','2013-11-25 22:37:00'),(686,6,214,2,'5 kg rice, 2 canned goods, 4 noodles, 150g milk, 500g sugar, 500g salt, toiletries (soap, shampoo, toothbrush, toothpaste), 4L water',NULL,135,675,'2013-11-22','2013-11-27','2013-11-25 22:37:21','2013-11-25 22:37:21'),(687,6,213,2,'5 kg rice, 2 canned goods, 4 noodles, 150g milk, 500g sugar, 500g salt, toiletries (soap, shampoo, toothbrush, toothpaste), 4L water',NULL,255,1275,'2013-11-22','2013-11-27','2013-11-25 22:38:04','2013-11-25 22:38:04'),(688,6,210,2,'5 kg rice, 2 canned goods, 4 noodles, 150g milk, 500g sugar, 500g salt, toiletries (soap, shampoo, toothbrush, toothpaste), 4L water',NULL,161,805,'2013-11-22','2013-11-27','2013-11-25 22:38:42','2013-11-25 22:38:42'),(689,7,81,17,'\"Items sent in bulk: 15 x .500 gms monggo\r\n500 x .155gms sardines, 240 x 1 liter water, 20 x 330 gms powdered milk\"',NULL,240,1200,'2013-11-24','2013-11-24','2013-11-25 22:42:11','2013-11-25 22:42:11'),(690,6,209,2,'5 kg rice, 2 canned goods, 4 noodles, 150g milk, 500g sugar, 500g salt, toiletries (soap, shampoo, toothbrush, toothpaste), 4L water',NULL,270,1350,'2013-11-23','2013-11-28','2013-11-25 22:42:38','2013-11-25 22:42:38'),(691,7,87,119,'2 kg rice, 3 packs noodles, 4 canned goods, 1 box matches, 1 pack candle',NULL,200,1000,'2013-11-23','2013-11-25','2013-11-25 22:42:48','2013-11-25 22:42:48'),(692,7,16,40,'3 canned goods, 2.5 kilo rice, 3 noodles, matches',NULL,192,960,'2013-11-12','2013-11-14','2013-11-25 22:43:25','2013-11-25 22:43:25'),(693,7,16,40,'Bottled Water',NULL,108,540,'2013-11-12','2013-11-13','2013-11-25 22:44:02','2013-11-25 22:44:02'),(694,6,615,2,'5 kg rice, 2 canned goods, 4 noodles, 150g milk, 500g sugar, 500g salt, toiletries (soap, shampoo, toothbrush, toothpaste), 4L water',NULL,180,900,'2013-11-23','2013-11-28','2013-11-25 22:44:13','2013-11-25 22:44:13'),(695,6,208,2,'5 kg rice, 2 canned goods, 4 noodles, 150g milk, 500g sugar, 500g salt, toiletries (soap, shampoo, toothbrush, toothpaste), 4L water',NULL,140,700,'2013-11-23','2013-11-28','2013-11-25 22:44:59','2013-11-25 22:44:59'),(696,7,16,30,'3.3 kg rice, 3 sacks of canned goods',NULL,45,225,'2013-11-22','2013-11-25','2013-11-25 22:45:02','2013-11-25 22:45:02'),(697,6,207,2,'5 kg rice, 2 canned goods, 4 noodles, 150g milk, 500g sugar, 500g salt, toiletries (soap, shampoo, toothbrush, toothpaste), 4L water',NULL,137,685,'2013-11-23','2013-11-28','2013-11-25 22:45:39','2013-11-25 22:45:39'),(698,7,107,8,'\"1 kilo of rice/ 200 grams; skyflakes crackers/3 packs of eggnog; 1 box of cereal; \r\n3 canned goods; 3 noodles; \r\n2 medpads; 1 big candle; \r\n1 match',NULL,100,500,'2013-11-19','2013-11-20','2013-11-25 22:46:03','2013-11-25 22:46:03'),(699,6,206,2,'5 kg rice, 2 canned goods, 4 noodles, 150g milk, 500g sugar, 500g salt, toiletries (soap, shampoo, toothbrush, toothpaste), 4L water',NULL,658,3290,'2013-11-23','2013-11-28','2013-11-25 22:46:42','2013-11-25 22:46:42'),(700,7,624,2,'5 kg rice, 2 canned goods, 4 noodles, 150g milk, 500g sugar, 500g salt, toiletries (soap, shampoo, toothbrush, toothpaste), 4L water',NULL,189,945,'2013-11-25','2013-11-30','2013-11-25 22:47:14','2013-11-25 22:47:14'),(701,7,165,2,'5 kg rice, 2 canned goods, 4 noodles, 150g milk, 500g sugar, 500g salt, toiletries (soap, shampoo, toothbrush, toothpaste), 4L water',NULL,226,1130,'2013-11-25','2013-11-30','2013-11-25 22:47:51','2013-11-25 22:47:51'),(702,6,616,2,'5 kg rice, 2 canned goods, 4 noodles, 150g milk, 500g sugar, 500g salt, toiletries (soap, shampoo, toothbrush, toothpaste), 4L water',NULL,80,400,'2013-11-23','2013-11-28','2013-11-25 22:48:17','2013-11-25 22:48:17'),(703,7,172,2,'5 kg rice, 2 canned goods, 4 noodles, 150g milk, 500g sugar, 500g salt, toiletries (soap, shampoo, toothbrush, toothpaste), 4L water',NULL,283,1415,'2013-11-25','2013-11-30','2013-11-25 22:48:32','2013-11-25 22:48:32'),(704,7,172,2,'5 kg rice, 2 canned goods, 4 noodles, 150g milk, 500g sugar, 500g salt, toiletries (soap, shampoo, toothbrush, toothpaste), 4L water',NULL,283,1415,'2013-11-25','2013-11-30','2013-11-25 22:48:32','2013-11-25 22:48:32'),(705,7,174,2,'5 kg rice, 2 canned goods, 4 noodles, 150g milk, 500g sugar, 500g salt, toiletries (soap, shampoo, toothbrush, toothpaste), 4L water',NULL,225,1125,'2013-11-24','2013-11-29','2013-11-25 22:49:10','2013-11-25 22:49:10'),(706,7,205,19,'2kls rice, 4canned goods, noodles, pack of monggos, candles, match & bottled water',NULL,300,1500,'2013-11-17','2013-11-19','2013-11-25 22:49:15','2013-11-25 22:49:15'),(707,7,175,2,'5 kg rice, 2 canned goods, 4 noodles, 150g milk, 500g sugar, 500g salt, toiletries (soap, shampoo, toothbrush, toothpaste), 4L water',NULL,105,525,'2013-11-25','2013-11-30','2013-11-25 22:49:53','2013-11-25 22:49:53'),(708,6,204,2,'5 kg rice, 2 canned goods, 4 noodles, 150g milk, 500g sugar, 500g salt, toiletries (soap, shampoo, toothbrush, toothpaste), 4L water',NULL,311,1555,'2013-11-23','2013-11-28','2013-11-25 22:50:24','2013-11-25 22:50:24'),(709,7,176,2,'5 kg rice, 2 canned goods, 4 noodles, 150g milk, 500g sugar, 500g salt, toiletries (soap, shampoo, toothbrush, toothpaste), 4L water',NULL,579,2895,'2013-11-24','2013-11-29','2013-11-25 22:50:44','2013-11-25 22:50:44'),(710,6,203,2,'5 kg rice, 2 canned goods, 4 noodles, 150g milk, 500g sugar, 500g salt, toiletries (soap, shampoo, toothbrush, toothpaste), 4L water',NULL,135,675,'2013-11-23','2013-11-28','2013-11-25 22:51:07','2013-11-25 22:51:07'),(711,7,178,2,'5 kg rice, 2 canned goods, 4 noodles, 150g milk, 500g sugar, 500g salt, toiletries (soap, shampoo, toothbrush, toothpaste), 4L water',NULL,156,780,'2013-11-24','2013-11-29','2013-11-25 22:51:20','2013-11-25 22:51:20'),(712,6,202,2,'5 kg rice, 2 canned goods, 4 noodles, 150g milk, 500g sugar, 500g salt, toiletries (soap, shampoo, toothbrush, toothpaste), 4L water',NULL,405,2025,'2013-11-23','2013-11-28','2013-11-25 22:51:47','2013-11-25 22:51:47'),(713,7,621,2,'5 kg rice, 2 canned goods, 4 noodles, 150g milk, 500g sugar, 500g salt, toiletries (soap, shampoo, toothbrush, toothpaste), 4L water',NULL,486,2430,'2013-11-24','2013-11-29','2013-11-25 22:51:57','2013-11-25 22:51:57'),(714,7,180,2,'5 kg rice, 2 canned goods, 4 noodles, 150g milk, 500g sugar, 500g salt, toiletries (soap, shampoo, toothbrush, toothpaste), 4L water',NULL,180,900,'2013-11-25','2013-11-30','2013-11-25 22:52:24','2013-11-25 22:52:24'),(715,7,181,2,'5 kg rice, 2 canned goods, 4 noodles, 150g milk, 500g sugar, 500g salt, toiletries (soap, shampoo, toothbrush, toothpaste), 4L water',NULL,474,2370,'2013-11-25','2013-11-30','2013-11-25 22:52:54','2013-11-25 22:52:54'),(716,6,681,2,'5 kg rice, 2 canned goods, 4 noodles, 150g milk, 500g sugar, 500g salt, toiletries (soap, shampoo, toothbrush, toothpaste), 4L water',NULL,160,800,'2013-11-23','2013-11-28','2013-11-25 22:52:59','2013-11-25 22:52:59'),(717,7,182,2,'5 kg rice, 2 canned goods, 4 noodles, 150g milk, 500g sugar, 500g salt, toiletries (soap, shampoo, toothbrush, toothpaste), 4L water',NULL,173,865,'2013-11-25','2013-11-30','2013-11-25 22:53:25','2013-11-25 22:53:25'),(718,6,195,2,'5 kg rice, 2 canned goods, 4 noodles, 150g milk, 500g sugar, 500g salt, toiletries (soap, shampoo, toothbrush, toothpaste), 4L water',NULL,865,4325,'2013-11-25','2013-11-30','2013-11-25 22:53:49','2013-11-25 22:53:49'),(719,7,183,2,'5 kg rice, 2 canned goods, 4 noodles, 150g milk, 500g sugar, 500g salt, toiletries (soap, shampoo, toothbrush, toothpaste), 4L water',NULL,287,1435,'2013-11-24','2013-11-29','2013-11-25 22:53:56','2013-11-25 22:53:56'),(720,7,184,2,'5 kg rice, 2 canned goods, 4 noodles, 150g milk, 500g sugar, 500g salt, toiletries (soap, shampoo, toothbrush, toothpaste), 4L water',NULL,208,1040,'2013-11-24','2013-11-29','2013-11-25 22:54:36','2013-11-25 22:54:36'),(721,6,194,2,'5 kg rice, 2 canned goods, 4 noodles, 150g milk, 500g sugar, 500g salt, toiletries (soap, shampoo, toothbrush, toothpaste), 4L water',NULL,615,3075,'2013-11-25','2013-11-30','2013-11-25 22:54:51','2013-11-25 22:54:51'),(722,6,189,2,'5 kg rice, 2 canned goods, 4 noodles, 150g milk, 500g sugar, 500g salt, toiletries (soap, shampoo, toothbrush, toothpaste), 4L water',NULL,459,2295,'2013-11-25','2013-11-30','2013-11-25 22:55:27','2013-11-25 22:55:27'),(723,7,185,2,'5 kg rice, 2 canned goods, 4 noodles, 150g milk, 500g sugar, 500g salt, toiletries (soap, shampoo, toothbrush, toothpaste), 4L water',NULL,233,1165,'2013-11-24','2013-11-29','2013-11-25 22:55:36','2013-11-25 22:55:36'),(724,7,186,2,'5 kg rice, 2 canned goods, 4 noodles, 150g milk, 500g sugar, 500g salt, toiletries (soap, shampoo, toothbrush, toothpaste), 4L water',NULL,212,1060,'2013-11-24','2013-11-29','2013-11-25 22:56:41','2013-11-25 22:56:41'),(725,7,214,120,'3kg rice, 4 tinned goods\r\n3 noodles, 4 Biogesic, 4 Diatabs, 1 litre water',NULL,450,2250,'2013-11-17','2013-11-20','2013-11-25 22:57:04','2013-11-25 22:57:04'),(726,7,187,2,'5 kg rice, 2 canned goods, 4 noodles, 150g milk, 500g sugar, 500g salt, toiletries (soap, shampoo, toothbrush, toothpaste), 4L water',NULL,254,1270,'2013-11-24','2013-11-29','2013-11-25 22:57:06','2013-11-25 22:57:06'),(727,7,191,121,'5 kg rice, 2 canned goods, 4 noodles, 150g milk, 500g sugar, 500g salt, toiletries (soap, shampoo, toothbrush, toothpaste), 4L water',NULL,262,1310,'2013-11-26','2013-11-30','2013-11-27 16:55:51','2013-11-27 16:55:51'),(728,7,192,121,'5 kg rice, 2 canned goods, 4 noodles, 150g milk, 500g sugar, 500g salt, toiletries (soap, shampoo, toothbrush, toothpaste), 4L water',NULL,315,1575,'2013-11-28','2013-12-02','2013-11-27 16:58:55','2013-11-28 13:38:04'),(729,7,618,121,'5 kg rice, 2 canned goods, 4 noodles, 150g milk, 500g sugar, 500g salt, toiletries (soap, shampoo, toothbrush, toothpaste), 4L water',NULL,934,4670,'2013-11-26','2013-11-30','2013-11-27 17:06:03','2013-11-27 17:06:03'),(730,7,198,121,'5 kg rice, 2 canned goods, 4 noodles, 150g milk, 500g sugar, 500g salt, toiletries (soap, shampoo, toothbrush, toothpaste), 4L water',NULL,146,730,'2013-11-26','2013-11-30','2013-11-27 17:15:02','2013-11-27 17:15:02'),(731,6,26,13,'Bucket and dipper',NULL,52,260,'2013-11-22',NULL,'2013-11-28 01:32:38','2013-11-28 01:32:38'),(732,6,26,13,'Hygiene Kits (2 pcs of body soap and 4 pcs of laundry soap)',NULL,150,750,'2013-11-22',NULL,'2013-11-28 01:33:20','2013-11-28 01:33:20'),(733,7,26,13,'\"Bread and Pork & Beans Set (4 pcs of bread and 2 packs of pork & beans)\r\nAdditional Item:\r\nCrackers for the children\"',NULL,100,500,'2013-11-22','2013-11-23','2013-11-28 01:34:05','2013-11-28 01:34:05'),(734,5,26,13,'Temporary Shelter Materials (tarpaulin)',NULL,140,700,'2013-11-22',NULL,'2013-11-28 01:34:34','2013-11-28 01:34:34'),(735,9,12,179,'Family Bags -  Father: 2briefs, shorts, maong, Mother: bra, 2panties, long gown, blouse, maong, Son: 2briefs, polo, short, Daughter: 2panties, dress',NULL,1000,5000,'2013-11-26',NULL,'2013-11-28 01:35:52','2013-11-28 01:35:52'),(736,7,241,180,'2 kg rice, 2 canned goods, 3 packs noodles, 1L water',NULL,1005,5025,'2013-11-24','2013-11-26','2013-11-28 01:36:26','2013-11-28 01:36:26'),(737,7,12,179,'Biscuits in Cans',NULL,1000,5000,'2013-11-26',NULL,'2013-11-28 01:36:29','2013-11-28 01:36:29'),(738,7,25,181,'5 gallon containers',NULL,50,250,'2013-11-13','2013-11-14','2013-11-28 01:37:43','2013-11-28 01:37:43'),(739,7,213,120,'1kg rice, 4 tins, 1 litre water, 3 noodles',NULL,200,1000,'2013-11-15','2013-11-16','2013-11-28 01:38:23','2013-11-28 01:38:23'),(740,6,12,182,'Mosquito Nets and Jerry Cans',NULL,1471,1471,'2013-11-20',NULL,'2013-11-28 01:38:50','2013-11-28 01:38:50'),(741,7,18,181,'5 gallon containers',NULL,50,250,'2013-11-13','2013-11-14','2013-11-28 01:39:12','2013-11-28 01:39:12'),(742,6,12,182,'Hygiene Kits and Tarpaulin',NULL,971,4855,'2013-11-20',NULL,'2013-11-28 01:39:42','2013-11-28 01:39:42'),(743,9,12,182,'Kitchen Sets and Shelter Repair Kits',NULL,500,2500,'2013-11-20',NULL,'2013-11-28 01:40:02','2013-11-28 01:40:02'),(744,7,107,180,'2 kg rice, 2 canned goods, 3 packs noodles, 1L water',NULL,1046,5230,'2013-11-24','2013-11-26','2013-11-28 01:40:13','2013-11-28 01:40:13'),(745,7,12,179,'4pcs Milo, 4pcs Kopiko, 2 cans Biscuits, 1 pack Virginia Tapa, 1pack Virginia Sausage',NULL,2000,10000,'2013-11-26',NULL,'2013-11-28 01:40:49','2013-11-28 01:40:49'),(746,7,107,13,'\"1 pail with tabo, 1 hygiene pack (2 bars of body soap and 4 bars of laundry soap), 1 food pack (4 pcs of bread with 2 packs of pork & beans)',NULL,248,1240,'2013-11-22','2013-11-23','2013-11-28 01:41:04','2013-11-28 01:41:04'),(747,7,16,181,'5 gallon containers',NULL,50,250,'2013-11-13','2013-11-14','2013-11-28 01:42:53','2013-11-28 01:42:53'),(748,6,91,13,'Hygiene Kits (2 pcs of body soap and 4 pcs of laundry soap)',NULL,150,750,'2013-11-22',NULL,'2013-11-28 01:43:51','2013-11-28 01:43:51'),(749,5,91,13,'Temporary Shelter Materials (tarpaulin)',NULL,140,700,'2013-11-22',NULL,'2013-11-28 01:44:31','2013-11-28 01:44:31'),(750,7,91,13,'\"Bread and Pork & Beans Set (4 pcs of bread and 2 packs of pork & beans)\r\nAdditional Item:\r\nCrackers for the children\"',NULL,100,500,'2013-11-22','2013-11-23','2013-11-28 01:45:04','2013-11-28 01:45:04'),(751,9,14,120,'4 barangays served (Okoy, Poblacion, Pooc & Talisay)\r\n3kg rice, 4 tinned goods\r\n3 noodles, 4 Biogesic, 4 Diatabs, 1L water',NULL,300,1500,'2013-11-12','2013-11-15','2013-11-28 01:46:11','2013-11-28 01:46:11'),(752,6,77,182,'Jerry Cans',NULL,150,750,'2013-11-20',NULL,'2013-11-28 01:46:32','2013-11-28 01:46:32'),(753,6,77,182,'Kitchen Sets',NULL,180,900,'2013-11-20',NULL,'2013-11-28 01:47:04','2013-11-28 01:47:04'),(754,5,77,182,'Tents',NULL,35,175,'2013-11-20',NULL,'2013-11-28 01:47:41','2013-11-28 01:47:41'),(755,7,77,182,'Relief Food Packs',NULL,117,585,'2013-11-20','2013-11-21','2013-11-28 01:48:13','2013-11-28 01:48:13'),(756,6,15,182,'No Details Provided',NULL,500,2500,'2013-11-21',NULL,'2013-11-28 01:49:17','2013-11-28 01:49:17'),(757,7,779,121,'5 kg rice, 2 canned goods, 4 noodles, 150g milk, 500g sugar, 500g salt, toiletries (soap, shampoo, toothbrush, toothpaste), 4L water',NULL,45,225,'2013-11-23','2013-11-27','2013-11-28 10:31:18','2013-11-28 10:31:18'),(758,7,785,121,'5 kg rice, 2 canned goods, 4 noodles, 150g milk, 500g sugar, 500g salt, toiletries (soap, shampoo, toothbrush, toothpaste), 4L water',NULL,50,250,'2013-11-23','2013-11-27','2013-11-28 10:32:55','2013-11-28 10:32:55'),(759,7,786,121,'5 kg rice, 2 canned goods, 4 noodles, 150g milk, 500g sugar, 500g salt, toiletries (soap, shampoo, toothbrush, toothpaste), 4L water',NULL,675,3375,'2013-11-23','2013-11-27','2013-11-28 10:33:48','2013-11-28 10:33:48'),(760,7,787,121,'5 kg rice, 2 canned goods, 4 noodles, 150g milk, 500g sugar, 500g salt, toiletries (soap, shampoo, toothbrush, toothpaste), 4L water',NULL,38,190,'2013-11-23','2013-11-27','2013-11-28 10:34:40','2013-11-28 10:34:40'),(761,7,872,121,'5 kg rice, 2 canned goods, 4 noodles, 150g milk, 500g sugar, 500g salt, toiletries (soap, shampoo, toothbrush, toothpaste), 4L water',NULL,18,90,'2013-11-23','2013-11-27','2013-11-28 10:36:00','2013-11-28 10:36:00'),(762,7,874,121,'5 kg rice, 2 canned goods, 4 noodles, 150g milk, 500g sugar, 500g salt, toiletries (soap, shampoo, toothbrush, toothpaste), 4L water',NULL,13,65,'2013-11-23','2013-11-27','2013-11-28 10:38:02','2013-11-28 10:38:02'),(763,7,882,121,'5 kg rice, 2 canned goods, 4 noodles, 150g milk, 500g sugar, 500g salt, toiletries (soap, shampoo, toothbrush, toothpaste), 4L water',NULL,19,95,'2013-11-23','2013-11-27','2013-11-28 10:39:15','2013-11-28 10:39:15'),(764,7,888,121,'5 kg rice, 2 canned goods, 4 noodles, 150g milk, 500g sugar, 500g salt, toiletries (soap, shampoo, toothbrush, toothpaste), 4L water',NULL,18,90,'2013-11-23','2013-11-27','2013-11-28 10:40:41','2013-11-28 10:40:41'),(765,7,889,121,'5 kg rice, 2 canned goods, 4 noodles, 150g milk, 500g sugar, 500g salt, toiletries (soap, shampoo, toothbrush, toothpaste), 4L water',NULL,12,60,'2013-11-23','2013-11-27','2013-11-28 10:41:22','2013-11-28 10:41:22'),(766,7,891,121,'5 kg rice, 2 canned goods, 4 noodles, 150g milk, 500g sugar, 500g salt, toiletries (soap, shampoo, toothbrush, toothpaste), 4L water',NULL,10,50,'2013-11-23','2013-11-27','2013-11-28 10:42:21','2013-11-28 10:42:21'),(767,7,894,121,'5 kg rice, 2 canned goods, 4 noodles, 150g milk, 500g sugar, 500g salt, toiletries (soap, shampoo, toothbrush, toothpaste), 4L water',NULL,10,50,'2013-11-23','2013-11-27','2013-11-28 10:43:07','2013-11-28 10:43:07'),(768,7,877,121,'5 kg rice, 2 canned goods, 4 noodles, 150g milk, 500g sugar, 500g salt, toiletries (soap, shampoo, toothbrush, toothpaste), 4L water',NULL,20,100,'2013-11-23','2013-11-27','2013-11-28 10:44:23','2013-11-28 10:44:23'),(769,7,898,121,'5 kg rice, 2 canned goods, 4 noodles, 150g milk, 500g sugar, 500g salt, toiletries (soap, shampoo, toothbrush, toothpaste), 4L water',NULL,18,90,'2013-11-23','2013-11-27','2013-11-28 10:45:19','2013-11-28 10:45:19'),(770,7,901,121,'5 kg rice, 2 canned goods, 4 noodles, 150g milk, 500g sugar, 500g salt, toiletries (soap, shampoo, toothbrush, toothpaste), 4L water',NULL,20,100,'2013-11-23','2013-11-27','2013-11-28 10:45:55','2013-11-28 10:45:55'),(771,7,903,121,'5 kg rice, 2 canned goods, 4 noodles, 150g milk, 500g sugar, 500g salt, toiletries (soap, shampoo, toothbrush, toothpaste), 4L water',NULL,15,75,'2013-11-23','2013-11-27','2013-11-28 10:46:39','2013-11-28 10:46:39'),(772,7,911,121,'5 kg rice, 2 canned goods, 4 noodles, 150g milk, 500g sugar, 500g salt, toiletries (soap, shampoo, toothbrush, toothpaste), 4L water',NULL,10,50,'2013-11-23','2013-11-27','2013-11-28 10:47:26','2013-11-28 10:47:26'),(773,7,913,121,'5 kg rice, 2 canned goods, 4 noodles, 150g milk, 500g sugar, 500g salt, toiletries (soap, shampoo, toothbrush, toothpaste), 4L water',NULL,12,60,'2013-11-23','2013-11-27','2013-11-28 10:48:05','2013-11-28 10:48:05'),(774,7,914,121,'5 kg rice, 2 canned goods, 4 noodles, 150g milk, 500g sugar, 500g salt, toiletries (soap, shampoo, toothbrush, toothpaste), 4L water',NULL,21,105,'2013-11-23','2013-11-27','2013-11-28 10:48:45','2013-11-28 10:48:45'),(775,7,927,121,'5 kg rice, 2 canned goods, 4 noodles, 150g milk, 500g sugar, 500g salt, toiletries (soap, shampoo, toothbrush, toothpaste), 4L water',NULL,12,60,'2013-11-23','2013-11-27','2013-11-28 10:50:57','2013-11-28 10:50:57'),(776,7,929,121,'5 kg rice, 2 canned goods, 4 noodles, 150g milk, 500g sugar, 500g salt, toiletries (soap, shampoo, toothbrush, toothpaste), 4L water',NULL,12,60,'2013-11-23','2013-11-27','2013-11-28 10:51:31','2013-11-28 10:51:31'),(777,7,937,121,'5 kg rice, 2 canned goods, 4 noodles, 150g milk, 500g sugar, 500g salt, toiletries (soap, shampoo, toothbrush, toothpaste), 4L water',NULL,12,60,'2013-11-23','2013-11-27','2013-11-28 10:52:16','2013-11-28 10:52:16'),(778,7,938,121,'5 kg rice, 2 canned goods, 4 noodles, 150g milk, 500g sugar, 500g salt, toiletries (soap, shampoo, toothbrush, toothpaste), 4L water',NULL,13,65,'2013-11-23','2013-11-27','2013-11-28 10:53:00','2013-11-28 10:53:00'),(779,7,940,121,'5 kg rice, 2 canned goods, 4 noodles, 150g milk, 500g sugar, 500g salt, toiletries (soap, shampoo, toothbrush, toothpaste), 4L water',NULL,7,35,'2013-11-23','2013-11-27','2013-11-28 10:55:44','2013-11-28 10:55:44'),(780,7,941,121,'5 kg rice, 2 canned goods, 4 noodles, 150g milk, 500g sugar, 500g salt, toiletries (soap, shampoo, toothbrush, toothpaste), 4L water',NULL,30,150,'2013-11-23','2013-11-27','2013-11-28 10:56:45','2013-11-28 10:56:45'),(781,7,944,121,'5 kg rice, 2 canned goods, 4 noodles, 150g milk, 500g sugar, 500g salt, toiletries (soap, shampoo, toothbrush, toothpaste), 4L water',NULL,5,25,'2013-11-23','2013-11-27','2013-11-28 10:57:28','2013-11-28 10:57:28'),(782,7,190,121,'5 kg rice, 2 canned goods, 4 noodles, 150g milk, 500g sugar, 500g salt, toiletries (soap, shampoo, toothbrush, toothpaste), 4L water',NULL,410,2050,'2013-11-27','2013-12-01','2013-11-28 11:56:48','2013-11-28 13:38:47'),(783,7,196,121,'5 kg rice, 2 canned goods, 4 noodles, 150g milk, 500g sugar, 500g salt, toiletries (soap, shampoo, toothbrush, toothpaste), 4L water',NULL,262,1310,'2013-11-27','2013-12-01','2013-11-28 11:58:12','2013-11-28 11:58:12'),(784,7,619,121,'5 kg rice, 2 canned goods, 4 noodles, 150g milk, 500g sugar, 500g salt, toiletries (soap, shampoo, toothbrush, toothpaste), 4L water',NULL,501,2505,'2013-11-28','2013-12-02','2013-11-28 11:59:02','2013-11-28 13:46:18'),(785,7,199,121,'5 kg rice, 2 canned goods, 4 noodles, 150g milk, 500g sugar, 500g salt, toiletries (soap, shampoo, toothbrush, toothpaste), 4L water',NULL,188,940,'2013-11-27','2013-12-01','2013-11-28 11:59:44','2013-11-28 13:42:17'),(786,7,200,121,'5 kg rice, 2 canned goods, 4 noodles, 150g milk, 500g sugar, 500g salt, toiletries (soap, shampoo, toothbrush, toothpaste), 4L water',NULL,837,4185,'2013-11-28','2013-12-02','2013-11-28 12:01:06','2013-11-28 13:41:39'),(787,7,193,121,'5 kg rice, 2 canned goods, 4 noodles, 150g milk, 500g sugar, 500g salt, toiletries (soap, shampoo, toothbrush, toothpaste), 4L water',NULL,193,965,'2013-11-28','2013-12-02','2013-11-28 13:54:41','2013-11-28 13:54:41'),(788,7,197,121,'5 kg rice, 2 canned goods, 4 noodles, 150g milk, 500g sugar, 500g salt, toiletries (soap, shampoo, toothbrush, toothpaste), 4L water',NULL,479,2395,'2013-11-27','2013-12-01','2013-11-28 13:57:31','2013-11-28 13:57:31'),(789,7,617,121,'5 kg rice, 2 canned goods, 4 noodles, 150g milk, 500g sugar, 500g salt, toiletries (soap, shampoo, toothbrush, toothpaste), 4L water',NULL,380,1900,'2013-11-27','2013-12-01','2013-11-28 13:59:23','2013-11-28 13:59:23'),(790,7,163,121,'5 kg rice, 2 canned goods, 4 noodles, 150g milk, 500g sugar, 500g salt, toiletries (soap, shampoo, toothbrush, toothpaste), 4L water',NULL,97,485,'2013-11-27','2013-12-01','2013-11-28 14:01:08','2013-11-28 14:01:08'),(791,7,164,121,'5 kg rice, 2 canned goods, 4 noodles, 150g milk, 500g sugar, 500g salt, toiletries (soap, shampoo, toothbrush, toothpaste), 4L water',NULL,497,2485,'2013-11-27','2013-12-01','2013-11-28 14:02:14','2013-11-28 14:02:14'),(792,7,623,121,'5 kg rice, 2 canned goods, 4 noodles, 150g milk, 500g sugar, 500g salt, toiletries (soap, shampoo, toothbrush, toothpaste), 4L water',NULL,275,1375,'2013-11-25','2013-11-29','2013-11-28 14:08:52','2013-11-28 14:08:52'),(793,7,166,121,'5 kg rice, 2 canned goods, 4 noodles, 150g milk, 500g sugar, 500g salt, toiletries (soap, shampoo, toothbrush, toothpaste), 4L water',NULL,165,825,'2013-11-26','2013-11-30','2013-11-28 14:09:47','2013-11-28 14:09:47'),(794,7,167,121,'5 kg rice, 2 canned goods, 4 noodles, 150g milk, 500g sugar, 500g salt, toiletries (soap, shampoo, toothbrush, toothpaste), 4L water',NULL,203,1015,'2013-11-26','2013-11-30','2013-11-28 14:10:38','2013-11-28 14:10:38'),(795,7,168,121,'5 kg rice, 2 canned goods, 4 noodles, 150g milk, 500g sugar, 500g salt, toiletries (soap, shampoo, toothbrush, toothpaste), 4L water',NULL,285,1425,'2013-11-26','2013-11-30','2013-11-28 14:11:33','2013-11-28 14:11:33'),(796,7,169,121,'5 kg rice, 2 canned goods, 4 noodles, 150g milk, 500g sugar, 500g salt, toiletries (soap, shampoo, toothbrush, toothpaste), 4L water',NULL,151,755,'2013-11-26','2013-11-30','2013-11-28 14:12:48','2013-11-28 14:12:48'),(797,7,170,121,'5 kg rice, 2 canned goods, 4 noodles, 150g milk, 500g sugar, 500g salt, toiletries (soap, shampoo, toothbrush, toothpaste), 4L water',NULL,226,1130,'2013-11-26','2013-11-30','2013-11-28 14:13:45','2013-11-28 14:13:45'),(798,7,171,121,'5 kg rice, 2 canned goods, 4 noodles, 150g milk, 500g sugar, 500g salt, toiletries (soap, shampoo, toothbrush, toothpaste), 4L water',NULL,206,1030,'2013-11-26','2013-11-30','2013-11-28 14:14:46','2013-11-28 14:14:46'),(799,7,173,121,'5 kg rice, 2 canned goods, 4 noodles, 150g milk, 500g sugar, 500g salt, toiletries (soap, shampoo, toothbrush, toothpaste), 4L water',NULL,162,810,'2013-11-26','2013-11-30','2013-11-28 14:15:48','2013-11-28 14:15:48'),(800,7,201,121,'5 kg rice, 2 canned goods, 4 noodles, 150g milk, 500g sugar, 500g salt, toiletries (soap, shampoo, toothbrush, toothpaste), 4L water',NULL,160,800,'2013-11-23','2013-11-27','2013-11-28 14:21:19','2013-11-28 14:21:19'),(801,7,205,121,'5 kg rice, 2 canned goods, 4 noodles, 150g milk, 500g sugar, 500g salt, toiletries (soap, shampoo, toothbrush, toothpaste), 4L water',NULL,312,1560,'2013-11-23','2013-11-27','2013-11-28 14:24:30','2013-11-28 14:24:30'),(802,7,610,121,'5 kg rice, 2 canned goods, 4 noodles, 150g milk, 500g sugar, 500g salt, toiletries (soap, shampoo, toothbrush, toothpaste), 4L water',NULL,182,910,'2013-11-18','2013-11-22','2013-11-28 14:56:21','2013-11-28 14:56:21'),(803,7,777,121,'5 kg rice, 2 canned goods, 4 noodles, 150g milk, 500g sugar, 500g salt, toiletries (soap, shampoo, toothbrush, toothpaste), 4L water',NULL,60,300,'2013-11-23','2013-11-27','2013-11-28 17:27:01','2013-11-28 17:27:01'),(804,7,1503,121,'5 kg rice, 2 canned goods, 4 noodles, 150g milk, 500g sugar, 500g salt, toiletries (soap, shampoo, toothbrush, toothpaste), 4L water',NULL,222,1110,'2013-11-23','2013-11-27','2013-11-28 17:33:21','2013-11-28 17:33:21'),(805,7,1510,121,'5 kg rice, 2 canned goods, 4 noodles, 150g milk, 500g sugar, 500g salt, toiletries (soap, shampoo, toothbrush, toothpaste), 4L water',NULL,515,2575,'2013-11-23','2013-11-27','2013-11-28 17:34:01','2013-11-28 17:34:01'),(806,7,1514,121,'5 kg rice, 2 canned goods, 4 noodles, 150g milk, 500g sugar, 500g salt, toiletries (soap, shampoo, toothbrush, toothpaste), 4L water',NULL,149,745,'2013-11-23','2013-11-27','2013-11-28 17:35:02','2013-11-28 17:35:02'),(807,7,1551,121,'5 kg rice, 2 canned goods, 4 noodles, 150g milk, 500g sugar, 500g salt, toiletries (soap, shampoo, toothbrush, toothpaste), 4L water',NULL,250,1250,'2013-11-23','2013-11-27','2013-11-28 17:36:20','2013-11-28 17:36:20'),(808,7,1552,121,'5 kg rice, 2 canned goods, 4 noodles, 150g milk, 500g sugar, 500g salt, toiletries (soap, shampoo, toothbrush, toothpaste), 4L water',NULL,616,3080,'2013-11-23','2013-11-27','2013-11-28 17:37:17','2013-11-28 17:37:17'),(809,7,1554,121,'5 kg rice, 2 canned goods, 4 noodles, 150g milk, 500g sugar, 500g salt, toiletries (soap, shampoo, toothbrush, toothpaste), 4L water',NULL,442,2210,'2013-11-23','2013-11-27','2013-11-28 17:37:51','2013-11-28 17:37:51'),(810,7,1565,121,'5 kg rice, 2 canned goods, 4 noodles, 150g milk, 500g sugar, 500g salt, toiletries (soap, shampoo, toothbrush, toothpaste), 4L water',NULL,300,1500,'2013-11-21','2013-11-25','2013-11-28 17:39:11','2013-11-28 17:39:11'),(811,7,1566,121,'5 kg rice, 2 canned goods, 4 noodles, 150g milk, 500g sugar, 500g salt, toiletries (soap, shampoo, toothbrush, toothpaste), 4L water',NULL,874,4370,'2013-11-23','2013-11-27','2013-11-28 17:39:54','2013-11-28 17:39:54'),(812,7,1567,121,'5 kg rice, 2 canned goods, 4 noodles, 150g milk, 500g sugar, 500g salt, toiletries (soap, shampoo, toothbrush, toothpaste), 4L water',NULL,379,1895,'2013-11-23','2013-11-27','2013-11-28 17:40:32','2013-11-28 17:40:32'),(813,7,1572,121,'5 kg rice, 2 canned goods, 4 noodles, 150g milk, 500g sugar, 500g salt, toiletries (soap, shampoo, toothbrush, toothpaste), 4L water',NULL,200,1000,'2013-11-22','2013-11-26','2013-11-28 17:41:12','2013-11-28 17:41:12'),(814,7,1573,121,'5 kg rice, 2 canned goods, 4 noodles, 150g milk, 500g sugar, 500g salt, toiletries (soap, shampoo, toothbrush, toothpaste), 4L water',NULL,300,1500,'2013-11-23','2013-11-27','2013-11-28 17:41:59','2013-11-28 17:41:59'),(815,7,1576,121,'5 kg rice, 2 canned goods, 4 noodles, 150g milk, 500g sugar, 500g salt, toiletries (soap, shampoo, toothbrush, toothpaste), 4L water',NULL,370,1850,'2013-11-23','2013-11-27','2013-11-28 17:42:53','2013-11-28 17:43:38'),(816,7,1578,121,'5 kg rice, 2 canned goods, 4 noodles, 150g milk, 500g sugar, 500g salt, toiletries (soap, shampoo, toothbrush, toothpaste), 4L water',NULL,302,1510,'2013-11-23','2013-11-27','2013-11-28 17:45:01','2013-11-28 17:45:01'),(817,6,12,28,'2 canned goods, 2 noodles, 4 Milo, 4coffee, 2 milk, 1 choco, candy, crackers, cup noodles, garments, 1 bath soap, 1pair slippers, 2 candles, 1bx match',NULL,30,150,'2013-11-25',NULL,'2013-11-28 21:57:10','2013-11-28 21:57:10'),(818,9,34,28,'2 canned goods, 2 noodles, 4 Milo, 4coffee, 2 milk, 1 choco, candy, crackers, cup noodles, garments, 1bath soap, 1 pair slippers, 2 candles, 1bx match',NULL,100,500,'2013-11-25',NULL,'2013-11-28 21:58:13','2013-11-28 21:58:13'),(819,6,10,28,'2 canned goods, 2 noodles, 4 Milo, 4coffee, 2 milk, 1 choco, candy, crackers, cup noodles, garments, 1bath soap, 1 pair slippers, 2 candles, 1bx match',NULL,20,100,'2013-11-25',NULL,'2013-11-28 21:59:00','2013-11-28 21:59:00'),(820,6,48,28,'2 canned goods, 2 noodles, 4 Milo, 4coffee, 2 milk, 1 choco, candy, crackers, cup noodles, garments, 1bath soap, 1 pair slippers, 2 candles, 1bx match',NULL,60,300,'2013-11-25',NULL,'2013-11-28 21:59:51','2013-11-28 21:59:51'),(821,6,50,28,'2 canned goods, 2 noodles, 4 Milo, 4coffee, 2 milk, 1 choco, candy, crackers, cup noodles, garments, 1bath soap, 1 pair slippers, 2 candles, 1bx match',NULL,20,100,'2013-11-25',NULL,'2013-11-28 22:00:29','2013-11-28 22:00:29'),(822,6,51,28,'2 canned goods, 2 noodles, 4 Milo, 4coffee, 2 milk, 1 choco, candy, crackers, cup noodles, garments, 1bath soap, 1 pair slippers, 2 candles, 1bx match',NULL,25,125,'2013-11-25',NULL,'2013-11-28 22:01:28','2013-11-28 22:01:28'),(823,6,66,28,'2 canned goods, 2 noodles, 4 Milo, 4coffee, 2 milk, 1 choco, candy, crackers, cup noodles, garments, 1bath soap, 1 pair slippers, 2 candles, 1bx match',NULL,65,325,'2013-11-25',NULL,'2013-11-28 22:02:11','2013-11-28 22:02:11'),(824,6,117,2,'5kg rice, 2 canned goods, 4 noodles, 150g milk, 500g sugar, 500g salt, toiletries (soap, shampoo, toothbrush, toothpaste), 4L H2O',NULL,312,1560,'2013-11-28','2013-12-03','2013-11-28 22:05:36','2013-11-28 22:05:36'),(825,6,126,2,'5kg rice, 2 canned goods, 4 noodles, 150g milk, 500g sugar, 500g salt, toiletries (soap, shampoo, toothbrush, toothpaste), 4L H2O',NULL,286,1430,'2013-11-28','2013-12-03','2013-11-28 22:09:27','2013-11-28 22:09:27'),(826,6,131,2,'5kg rice, 2 canned goods, 4 noodles, 150g milk, 500g sugar, 500g salt, toiletries (soap, shampoo, toothbrush, toothpaste), 4L H2O',NULL,253,1265,'2013-11-28','2013-12-03','2013-11-28 22:10:26','2013-11-28 22:10:26'),(827,6,163,2,'5kg rice, 2 canned goods, 4 noodles, 150g milk, 500g sugar, 500g salt, toiletries (soap, shampoo, toothbrush, toothpaste), 4L H2O',NULL,97,485,'2013-11-26','2013-12-01','2013-11-28 22:11:30','2013-11-28 22:11:30'),(828,5,163,2,'Laminated sack/trapal (5m), rope',NULL,80,400,'2013-11-26',NULL,'2013-11-28 22:12:08','2013-11-28 22:12:08'),(829,6,164,2,'5kg rice, 2 canned goods, 4 noodles, 150g milk, 500g sugar, 500g salt, toiletries (soap, shampoo, toothbrush, toothpaste), 4L H2O',NULL,497,2485,'2013-11-25','2013-11-30','2013-11-28 22:12:55','2013-11-28 22:12:55'),(830,5,164,2,'Laminated sack/trapal (5m), rope',NULL,60,300,'2013-11-25',NULL,'2013-11-28 22:13:27','2013-11-28 22:13:27'),(831,6,623,2,'5kg rice, 2 canned goods, 4 noodles, 150g milk, 500g sugar, 500g salt, toiletries (soap, shampoo, toothbrush, toothpaste), 4L H2O',NULL,275,1375,'2013-11-25','2013-11-30','2013-11-28 22:14:36','2013-11-28 22:14:36'),(832,5,623,2,'Laminated sack/trapal (5m), rope',NULL,60,300,'2013-11-25',NULL,'2013-11-28 22:15:22','2013-11-28 22:15:22'),(833,6,166,2,'5kg rice, 2 canned goods, 4 noodles, 150g milk, 500g sugar, 500g salt, toiletries (soap, shampoo, toothbrush, toothpaste), 4L H2O',NULL,165,825,'2013-11-26','2013-12-01','2013-11-28 22:16:09','2013-11-28 22:16:09'),(834,5,166,2,'Laminated sack/trapal (5m), rope',NULL,65,325,'2013-11-26',NULL,'2013-11-28 22:16:45','2013-11-28 22:16:45'),(835,6,167,2,'5kg rice, 2 canned goods, 4 noodles, 150g milk, 500g sugar, 500g salt, toiletries (soap, shampoo, toothbrush, toothpaste), 4L H2O',NULL,203,1015,'2013-11-26','2013-12-01','2013-11-28 22:17:27','2013-11-28 22:17:27'),(836,6,168,2,'5kg rice, 2 canned goods, 4 noodles, 150g milk, 500g sugar, 500g salt, toiletries (soap, shampoo, toothbrush, toothpaste), 4L H2O',NULL,285,1425,'2013-11-26','2013-12-01','2013-11-28 22:21:40','2013-11-28 22:21:40'),(837,6,169,2,'5kg rice, 2 canned goods, 4 noodles, 150g milk, 500g sugar, 500g salt, toiletries (soap, shampoo, toothbrush, toothpaste), 4L H2O',NULL,151,755,'2013-11-26','2013-12-01','2013-11-28 22:23:53','2013-11-28 22:23:53'),(838,5,169,2,'Laminated sack/trapal (5m), rope',NULL,40,200,'2013-11-26',NULL,'2013-11-28 22:25:03','2013-11-28 22:25:03'),(839,6,170,2,'5kg rice, 2 canned goods, 4 noodles, 150g milk, 500g sugar, 500g salt, toiletries (soap, shampoo, toothbrush, toothpaste), 4L H2O',NULL,226,1130,'2013-11-26','2013-12-01','2013-11-28 22:25:57','2013-11-28 22:25:57'),(840,5,170,2,'Laminated sack/trapal (5m), rope',NULL,30,150,'2013-11-26',NULL,'2013-11-28 22:26:38','2013-11-28 22:26:38'),(841,6,171,2,'5kg rice, 2 canned goods, 4 noodles, 150g milk, 500g sugar, 500g salt, toiletries (soap, shampoo, toothbrush, toothpaste), 4L H2O',NULL,206,1030,'2013-11-26','2013-12-01','2013-11-28 22:27:27','2013-11-28 22:27:27'),(842,5,171,2,'Laminated sack/trapal (5m), rope',NULL,50,250,'2013-11-26',NULL,'2013-11-28 22:27:55','2013-11-28 22:27:55'),(843,6,173,2,'5kg rice, 2 canned goods, 4 noodles, 150g milk, 500g sugar, 500g salt, toiletries (soap, shampoo, toothbrush, toothpaste), 4L H2O',NULL,162,810,'2013-11-26','2013-12-01','2013-11-28 22:28:48','2013-11-28 22:28:48'),(844,6,2309,2,'5kg rice, 2 canned goods, 4 noodles, 150g milk, 500g sugar, 500g salt, toiletries (soap, shampoo, toothbrush, toothpaste), 4L H2O',NULL,366,1830,'2013-11-25','2013-11-30','2013-11-28 22:30:19','2013-11-28 22:30:19'),(845,6,193,2,'5kg rice, 2 canned goods, 4 noodles, 150g milk, 500g sugar, 500g salt, toiletries (soap, shampoo, toothbrush, toothpaste), 4L H2O',NULL,193,965,'2013-11-28','2013-12-03','2013-11-28 22:31:08','2013-11-28 22:31:08'),(846,6,190,2,'5kg rice, 2 canned goods, 4 noodles, 150g milk, 500g sugar, 500g salt, toiletries (soap, shampoo, toothbrush, toothpaste), 4L H2O',NULL,410,2050,'2013-11-27','2013-12-02','2013-11-28 22:31:50','2013-11-28 22:31:50'),(847,6,619,2,'5kg rice, 2 canned goods, 4 noodles, 150g milk, 500g sugar, 500g salt, toiletries (soap, shampoo, toothbrush, toothpaste), 4L H2O',NULL,501,2505,'2013-11-28','2013-12-03','2013-11-28 22:32:37','2013-11-28 22:32:37'),(848,6,196,2,'5kg rice, 2 canned goods, 4 noodles, 150g milk, 500g sugar, 500g salt, toiletries (soap, shampoo, toothbrush, toothpaste), 4L H2O',NULL,262,1310,'2013-11-27','2013-12-02','2013-11-28 22:33:22','2013-11-28 22:33:22'),(849,6,197,2,'5kg rice, 2 canned goods, 4 noodles, 150g milk, 500g sugar, 500g salt, toiletries (soap, shampoo, toothbrush, toothpaste), 4L H2O',NULL,479,2395,'2013-11-27','2013-12-02','2013-11-28 22:34:08','2013-11-28 22:34:08'),(850,6,199,2,'5kg rice, 2 canned goods, 4 noodles, 150g milk, 500g sugar, 500g salt, toiletries (soap, shampoo, toothbrush, toothpaste), 4L H2O',NULL,188,940,'2013-11-27','2013-12-02','2013-11-28 22:34:49','2013-11-28 22:34:49'),(851,6,200,2,'5kg rice, 2 canned goods, 4 noodles, 150g milk, 500g sugar, 500g salt, toiletries (soap, shampoo, toothbrush, toothpaste), 4L H2O',NULL,837,4185,'2013-11-28','2013-12-03','2013-11-28 22:35:27','2013-11-28 22:35:27'),(852,6,617,2,'5kg rice, 2 canned goods, 4 noodles, 150g milk, 500g sugar, 500g salt, toiletries (soap, shampoo, toothbrush, toothpaste), 4L H2O',NULL,380,1900,'2013-11-27','2013-12-02','2013-11-28 22:36:15','2013-11-28 22:36:15'),(853,7,92,187,'Rice, Noodles, Canned Goods, Water',NULL,1500,1500,'2013-11-16',NULL,'2013-11-29 11:49:16','2013-11-29 11:49:16'),(854,7,102,187,'Rice, Noodles, Canned Goods, Water',NULL,500,500,'2013-11-16',NULL,'2013-11-29 11:50:24','2013-11-29 11:50:24'),(855,7,1577,121,'5 kg rice, 2 canned goods, 4 noodles, 150g milk, 500g sugar, 500g salt, toiletries (soap, shampoo, toothbrush, toothpaste), 4L water',NULL,344,1720,'2013-11-23','2013-11-27','2013-11-29 11:52:36','2013-11-29 11:52:36'),(856,7,1580,121,'5 kg rice, 2 canned goods, 4 noodles, 150g milk, 500g sugar, 500g salt, toiletries (soap, shampoo, toothbrush, toothpaste), 4L water',NULL,270,1350,'2013-11-22','2013-11-26','2013-11-29 11:53:47','2013-11-29 11:53:47'),(857,7,1587,121,'5 kg rice, 2 canned goods, 4 noodles, 150g milk, 500g sugar, 500g salt, toiletries (soap, shampoo, toothbrush, toothpaste), 4L water',NULL,541,2705,'2013-11-22','2013-11-26','2013-11-29 11:55:43','2013-11-29 11:55:43'),(858,7,1590,121,'5 kg rice, 2 canned goods, 4 noodles, 150g milk, 500g sugar, 500g salt, toiletries (soap, shampoo, toothbrush, toothpaste), 4L water',NULL,567,2835,'2013-11-23','2013-11-27','2013-11-29 11:56:36','2013-11-29 11:56:36'),(859,7,1592,121,'5 kg rice, 2 canned goods, 4 noodles, 150g milk, 500g sugar, 500g salt, toiletries (soap, shampoo, toothbrush, toothpaste), 4L water',NULL,320,1600,'2013-11-23','2013-11-27','2013-11-29 11:57:38','2013-11-29 11:57:38'),(860,7,1594,121,'5 kg rice, 2 canned goods, 4 noodles, 150g milk, 500g sugar, 500g salt, toiletries (soap, shampoo, toothbrush, toothpaste), 4L water',NULL,205,1025,'2013-11-22','2013-11-26','2013-11-29 11:58:32','2013-11-29 11:58:32'),(861,7,1595,121,'5 kg rice, 2 canned goods, 4 noodles, 150g milk, 500g sugar, 500g salt, toiletries (soap, shampoo, toothbrush, toothpaste), 4L water',NULL,392,1960,'2013-11-26','2013-11-30','2013-11-29 11:59:24','2013-11-29 11:59:24'),(862,7,1596,121,'5 kg rice, 2 canned goods, 4 noodles, 150g milk, 500g sugar, 500g salt, toiletries (soap, shampoo, toothbrush, toothpaste), 4L water',NULL,327,1635,'2013-11-23','2013-11-27','2013-11-29 12:00:09','2013-11-29 12:00:09'),(863,7,1597,121,'5 kg rice, 2 canned goods, 4 noodles, 150g milk, 500g sugar, 500g salt, toiletries (soap, shampoo, toothbrush, toothpaste), 4L water',NULL,14,70,'2013-11-23','2013-11-27','2013-11-29 12:01:16','2013-11-29 12:01:16'),(864,7,1598,121,'5 kg rice, 2 canned goods, 4 noodles, 150g milk, 500g sugar, 500g salt, toiletries (soap, shampoo, toothbrush, toothpaste), 4L water',NULL,360,1800,'2013-11-21','2013-11-25','2013-11-29 12:49:11','2013-11-29 12:49:11'),(865,7,1601,121,'5 kg rice, 2 canned goods, 4 noodles, 150g milk, 500g sugar, 500g salt, toiletries (soap, shampoo, toothbrush, toothpaste), 4L water',NULL,3000,15000,'2013-11-21','2013-11-25','2013-11-29 12:51:10','2013-11-29 12:51:10'),(866,7,1602,121,'5 kg rice, 2 canned goods, 4 noodles, 150g milk, 500g sugar, 500g salt, toiletries (soap, shampoo, toothbrush, toothpaste), 4L water',NULL,867,4335,'2013-11-23','2013-11-27','2013-11-29 12:52:05','2013-11-29 12:52:05'),(867,7,103,187,'Rice, Noodles, Canned Goods, Water',NULL,500,500,'2013-11-16',NULL,'2013-11-29 13:21:55','2013-11-29 13:21:55'),(868,7,90,187,'Rice, Noodles, Canned Goods, Water',NULL,1500,1500,'2013-11-23',NULL,'2013-11-29 13:25:51','2013-11-29 13:25:51'),(869,3,1945,187,'Medical, Rescue & Clearing Team',NULL,16,1000,'2013-11-13','2013-11-17','2013-11-29 13:27:34','2013-11-29 13:27:34'),(870,3,1945,187,'Medical Team',NULL,11,1000,'2013-11-26','2013-12-02','2013-11-29 13:28:23','2013-11-29 13:28:23'),(871,7,78,14,'3kg rice, 8 canned goods, 1kg biscuit, 6L water',NULL,458,2290,'2013-11-28','2013-12-01','2013-11-29 23:42:31','2013-11-29 23:42:31'),(872,9,58,2,'5 kg rice, 2 canned goods, 4 noodles, 150g milk, 500g sugar, 500g salt, toiletries (soap, shampoo, toothbrush, toothpaste), 4L water',NULL,905,4525,'2013-11-29','2013-12-04','2013-11-29 23:43:39','2013-11-29 23:43:39'),(873,7,58,2,'Nutripaks Boxes \r\n\r\n(RAFI with Global Impact)',NULL,14,70,'2013-11-29',NULL,'2013-11-29 23:44:38','2013-11-29 23:44:38'),(874,7,87,14,'3kg rice, 8 canned goods, 1kg biscuit, 6L water',NULL,1202,6010,'2013-11-28','2013-12-01','2013-11-29 23:45:26','2013-11-29 23:45:26'),(875,7,607,14,'3kg rice, 8 canned goods, 1kg biscuit, 6L water',NULL,1240,6200,'2013-11-28','2013-12-01','2013-11-29 23:46:44','2013-11-29 23:46:44'),(876,7,100,14,'3kg rice, 8 canned goods, 1kg biscuit, 6L water',NULL,630,3150,'2013-11-28','2013-12-01','2013-11-29 23:47:59','2013-11-29 23:47:59'),(877,7,109,14,'3kg rice, 8 canned goods, 1kg biscuit, 6L water',NULL,380,1900,'2013-11-28','2013-12-01','2013-11-29 23:48:32','2013-11-29 23:48:32'),(878,6,117,2,'Nutripaks Boxes\r\n\r\n(RAFI with Global Impact)',NULL,20,100,'2013-11-28',NULL,'2013-11-29 23:49:16','2013-11-29 23:50:52'),(879,7,126,2,'Nutripaks Boxes\r\n(with Global Impact)',NULL,5,25,'2013-11-28',NULL,'2013-11-29 23:51:54','2013-11-29 23:51:54'),(880,7,131,2,'Nutripaks Boxes',NULL,4,20,'2013-11-28',NULL,'2013-11-29 23:52:25','2013-11-29 23:52:25'),(881,7,146,2,'Nutripaks Boxes',NULL,7,35,'2013-11-29',NULL,'2013-11-29 23:52:57','2013-11-29 23:52:57'),(882,7,153,14,'3kg rice, 8 canned goods, 1kg biscuit, 6L water',NULL,294,1470,'2013-11-28','2013-12-01','2013-11-29 23:53:41','2013-11-29 23:53:41'),(883,7,156,14,'3kg rice, 8 canned goods, 1kg biscuit, 6L water',NULL,203,1015,'2013-11-28','2013-12-01','2013-11-29 23:54:30','2013-11-29 23:54:30'),(884,7,158,14,'3kg rice, 8 canned goods, 1kg biscuit, 6L water',NULL,265,1325,'2013-11-28','2013-12-01','2013-11-29 23:55:16','2013-11-29 23:55:16'),(885,7,626,14,'3kg rice, 8 canned goods, 1kg biscuit, 6L water',NULL,488,2440,'2013-11-28','2013-12-01','2013-11-29 23:56:18','2013-11-29 23:56:18'),(886,7,58,2,'5 kg rice, 2 canned goods, 4 noodles, 150g milk, 500g sugar, 500g salt, toiletries (soap, shampoo, toothbrush, toothpaste), 4L water',NULL,905,4525,'2013-11-29','2013-12-04','2013-12-01 03:13:24','2013-12-01 03:13:24'),(887,7,145,14,'3kg rice, 8 canned goods, 1kg biscuit, 6L water',NULL,234,1170,'2013-11-29','2013-12-02','2013-12-01 03:15:15','2013-12-01 03:15:15'),(888,7,146,2,'7 Nutripaks Boxes',NULL,1,1,'2013-11-29',NULL,'2013-12-01 03:16:06','2013-12-01 03:16:06'),(889,7,149,14,'3kg rice, 8 canned goods, 1kg biscuit, 6L water',NULL,100,500,'2013-11-29','2013-12-02','2013-12-01 03:17:04','2013-12-01 03:17:04'),(890,7,12,29,'Relief Food Packs (rice, canned goods, etc.)',NULL,1200,6000,'2013-12-01',NULL,'2013-12-02 22:29:24','2013-12-02 22:29:24'),(891,7,12,29,'Mineral Water (in boxes)',NULL,300,1500,'2013-12-01',NULL,'2013-12-02 22:30:05','2013-12-02 22:30:05'),(892,5,12,36,'G.I. Sheets',NULL,1891,9455,'2013-12-01',NULL,'2013-12-02 22:31:21','2013-12-02 22:31:21'),(893,6,78,14,'1pc mat, 1pc blanket, 1pc mosquito net, 1pc trapal (10m), 1pc flashlight w/ bat, 5 toothpaste, 5 toothbrush, 2 bath soap, 2 laundry soap, 500m alcohol',NULL,458,2290,'2013-11-28',NULL,'2013-12-02 22:38:27','2013-12-02 22:38:27'),(894,6,80,14,'1pc mat, 1pc blanket, 1pc mosquito net, 1pc trapal (10m), 1 flashlight w/ bat, 5 toothpaste, 5 toothbrush, 2 bath soap, 2 laundry soap, 500ml alcohol',NULL,850,4250,'2013-11-27',NULL,'2013-12-02 22:40:29','2013-12-02 22:40:29'),(895,6,87,14,'1 mat, 1 blanket, 1 mosquito net, 1 trapal(10m), 1 flashlight w/ bat, 5 toothpaste, 5 toothbrush, 2 bath soap, 2 laundry soap, 500ml alcohol',NULL,1202,6010,'2013-11-28',NULL,'2013-12-02 22:42:35','2013-12-02 22:42:35'),(896,6,607,14,'1 mat, 1 blanket, 1 mosquito net, 1trapal(10m), 1 flashlight w/ bat, 5toothpaste, 5toothbrush, 2bath soap, 2laundry soap, 500ml alcohol, 2sanitary pad',NULL,1240,6200,'2013-11-28',NULL,'2013-12-02 22:44:23','2013-12-02 22:44:23'),(897,6,92,193,'5kg rice\r\n3L H2O\r\n5 155gms sardines\r\n4 150gms beefloaf\r\n750gms monggo\r\n500gms sugar\r\n2 200ml cooking oil\r\n3 330ml buko juice\r\n387gm nutripack\r\n15Lpail',NULL,1000,5000,'2013-11-30','2013-12-05','2013-12-02 22:51:28','2013-12-02 22:51:28'),(898,6,100,14,'1 mat, 1 blanket, 1 mosquito net, 1 trapal(10m), 1flashlight w/ bat, 5toothpaste, 5toothbrush, 2bath soap, 2laundry soap, 500ml alcohol, 2sanitary pad',NULL,630,3150,'2013-11-28',NULL,'2013-12-02 22:53:24','2013-12-02 22:53:24'),(899,6,109,14,'1 mat, 1 blanket, 1 mosquito net, 1 trapal(10m), 1flashlight w/ bat, 5toothpaste, 5toothbrush, 2bath soap, 2laundry soap, 500ml alcohol, 2sanitary pad',NULL,380,1900,'2013-11-28',NULL,'2013-12-02 22:54:36','2013-12-02 22:54:36'),(900,6,114,14,'1 mat, 1 blanket, 1 mosquito net, 1 trapal(10m), 1flashlight w/ bat, 5toothpaste, 5toothbrush, 2bath soap, 2laundry soap, 500ml alcohol, 2sanitary pad',NULL,386,1930,'2013-11-27',NULL,'2013-12-02 22:55:38','2013-12-02 22:55:38'),(901,6,122,14,'1 mat, 1 blanket, 1 mosquito net, 1 trapal(10m), 1flashlight w/ bat, 5toothpaste, 5toothbrush, 2bath soap, 2laundry soap, 500ml alcohol, 2sanitary pad',NULL,345,1725,'2013-11-27',NULL,'2013-12-02 22:56:16','2013-12-02 22:56:16'),(902,6,127,14,'1 mat, 1 blanket, 1 mosquito net, 1 trapal(10m), 1flashlight w/ bat, 5toothpaste, 5toothbrush, 2bath soap, 2laundry soap, 500ml alcohol, 2sanitary pad',NULL,525,2625,'2013-11-27',NULL,'2013-12-02 22:57:16','2013-12-02 22:57:16'),(903,6,145,14,'1 mat, 1 blanket, 1 mosquito net, 1 trapal(10m), 1flashlight w/ bat, 5toothpaste, 5toothbrush, 2bath soap, 2laundry soap, 500ml alcohol, 2sanitary pad',NULL,134,670,'2013-11-29',NULL,'2013-12-02 22:58:15','2013-12-02 22:58:15'),(904,6,149,14,'1 mat, 1 blanket, 1 mosquito net, 1 trapal(10m), 1flashlight w/ bat, 5toothpaste, 5toothbrush, 2bath soap, 2laundry soap, 500ml alcohol, 2sanitary pad',NULL,100,500,'2013-11-29',NULL,'2013-12-02 22:58:54','2013-12-02 22:58:54'),(905,6,153,14,'1 mat, 1 blanket, 1 mosquito net, 1 trapal(10m), 1flashlight w/ bat, 5toothpaste, 5toothbrush, 2bath soap, 2laundry soap, 500ml alcohol, 2sanitary pad',NULL,294,1470,'2013-11-28',NULL,'2013-12-02 22:59:28','2013-12-02 22:59:28'),(906,6,156,14,'1 mat, 1 blanket, 1 mosquito net, 1 trapal(10m), 1flashlight w/ bat, 5toothpaste, 5toothbrush, 2bath soap, 2laundry soap, 500ml alcohol, 2sanitary pad',NULL,203,1015,'2013-11-28',NULL,'2013-12-02 23:00:04','2013-12-02 23:00:04'),(907,6,626,14,'1 mat, 1 blanket, 1 mosquito net, 1 trapal(10m), 1flashlight w/ bat, 5toothpaste, 5toothbrush, 2bath soap, 2laundry soap, 500ml alcohol, 2sanitary pad',NULL,488,2440,'2013-11-28',NULL,'2013-12-02 23:00:55','2013-12-02 23:00:55'),(908,6,12,29,'7 boxes medicines, 11 boxes used clothing',NULL,NULL,1,'2013-12-01',NULL,'2013-12-02 23:02:22','2013-12-02 23:02:22'),(909,7,13,194,'\"No Details Provided;\r\nAdditional Items: 20 candles, 5 boxes matches\"',NULL,30,150,'2013-11-12',NULL,'2013-12-04 01:00:43','2013-12-04 01:00:43'),(910,5,70,195,'6 x 3.5 meters trapal',NULL,602,3010,'2013-11-28',NULL,'2013-12-04 01:02:08','2013-12-04 01:02:08'),(911,7,95,194,'No Details Provided',NULL,50,250,'2013-11-12',NULL,'2013-12-04 01:03:23','2013-12-04 01:03:23'),(912,7,102,194,'No Details Provided',NULL,50,250,'2013-11-12',NULL,'2013-12-04 01:03:59','2013-12-04 01:03:59'),(913,7,110,194,'\"No Details Provided;\r\nAdditional Items: 1 sack of rice, 3 boxes of water\"',NULL,60,300,'2013-11-12',NULL,'2013-12-04 01:04:51','2013-12-04 01:04:51'),(914,7,121,194,'No Details Provided',NULL,50,250,'2013-11-12',NULL,'2013-12-04 01:05:27','2013-12-04 01:05:27'),(915,7,83,187,'Rice, Groceries, Canvas, Bucket, Blanket, Water',NULL,1000,1000,'2013-11-30',NULL,'2013-12-04 08:30:45','2013-12-04 08:30:45'),(916,7,89,187,'Rice, Groceries, Canvas, Bucket, Blanket, Water',NULL,500,500,'2013-11-30',NULL,'2013-12-04 08:31:25','2013-12-04 08:31:25'),(917,7,1589,121,'5 kg rice, 2 canned goods, 4 noodles, 150g milk, 500g sugar, 500g salt, toiletries (soap, shampoo, toothbrush, toothpaste), 4L water',NULL,382,1910,'2013-12-28','2014-01-01','2013-12-04 13:22:22','2013-12-04 13:22:22');
/*!40000 ALTER TABLE `aid` ENABLE KEYS */;
UNLOCK TABLES;

--
-- Table structure for table `aid_needed`
--

DROP TABLE IF EXISTS `aid_needed`;
/*!40101 SET @saved_cs_client     = @@character_set_client */;
/*!40101 SET character_set_client = utf8 */;
CREATE TABLE `aid_needed` (
  `id` int(11) NOT NULL AUTO_INCREMENT,
  `reporter` int(11) NOT NULL,
  `geo_id` int(11) NOT NULL,
  `description` varchar(45) COLLATE utf8_unicode_ci NOT NULL,
  `status` varchar(45) COLLATE utf8_unicode_ci DEFAULT NULL,
  `date_created` datetime NOT NULL,
  `date_updated` datetime NOT NULL,
  PRIMARY KEY (`id`),
  KEY `IDX_DE0CCFA176D6E0F2` (`reporter`),
  KEY `IDX_DE0CCFA1FA49D0B` (`geo_id`),
  CONSTRAINT `FK_DE0CCFA1FA49D0B` FOREIGN KEY (`geo_id`) REFERENCES `geo` (`id`) ON DELETE CASCADE,
  CONSTRAINT `FK_DE0CCFA176D6E0F2` FOREIGN KEY (`reporter`) REFERENCES `users` (`id`) ON DELETE CASCADE
) ENGINE=InnoDB DEFAULT CHARSET=utf8 COLLATE=utf8_unicode_ci;
/*!40101 SET character_set_client = @saved_cs_client */;

--
-- Dumping data for table `aid_needed`
--

LOCK TABLES `aid_needed` WRITE;
/*!40000 ALTER TABLE `aid_needed` DISABLE KEYS */;
/*!40000 ALTER TABLE `aid_needed` ENABLE KEYS */;
UNLOCK TABLES;

--
-- Table structure for table `aid_needed_types`
--

DROP TABLE IF EXISTS `aid_needed_types`;
/*!40101 SET @saved_cs_client     = @@character_set_client */;
/*!40101 SET character_set_client = utf8 */;
CREATE TABLE `aid_needed_types` (
  `aid_needed_id` int(11) NOT NULL,
  `aid_type_id` int(11) NOT NULL,
  PRIMARY KEY (`aid_needed_id`,`aid_type_id`),
  KEY `IDX_A7CC7F6FFB2F7513` (`aid_needed_id`),
  KEY `IDX_A7CC7F6F286B581` (`aid_type_id`),
  CONSTRAINT `FK_A7CC7F6F286B581` FOREIGN KEY (`aid_type_id`) REFERENCES `aid_type` (`id`),
  CONSTRAINT `FK_A7CC7F6FFB2F7513` FOREIGN KEY (`aid_needed_id`) REFERENCES `aid_needed` (`id`)
) ENGINE=InnoDB DEFAULT CHARSET=utf8 COLLATE=utf8_unicode_ci;
/*!40101 SET character_set_client = @saved_cs_client */;

--
-- Dumping data for table `aid_needed_types`
--

LOCK TABLES `aid_needed_types` WRITE;
/*!40000 ALTER TABLE `aid_needed_types` DISABLE KEYS */;
/*!40000 ALTER TABLE `aid_needed_types` ENABLE KEYS */;
UNLOCK TABLES;

--
-- Table structure for table `aid_type`
--

DROP TABLE IF EXISTS `aid_type`;
/*!40101 SET @saved_cs_client     = @@character_set_client */;
/*!40101 SET character_set_client = utf8 */;
CREATE TABLE `aid_type` (
  `id` int(11) NOT NULL AUTO_INCREMENT,
  `description` varchar(255) COLLATE utf8_unicode_ci DEFAULT NULL,
  `date_created` datetime NOT NULL,
  `date_updated` datetime NOT NULL,
  `name` varchar(255) COLLATE utf8_unicode_ci NOT NULL,
  PRIMARY KEY (`id`),
  UNIQUE KEY `unique_name_idx` (`name`)
) ENGINE=InnoDB AUTO_INCREMENT=10 DEFAULT CHARSET=utf8 COLLATE=utf8_unicode_ci;
/*!40101 SET character_set_client = @saved_cs_client */;

--
-- Dumping data for table `aid_type`
--

LOCK TABLES `aid_type` WRITE;
/*!40000 ALTER TABLE `aid_type` DISABLE KEYS */;
INSERT INTO `aid_type` VALUES (3,'Medical Team','2013-11-15 19:21:43','2013-11-18 17:18:51','Medical Team'),(4,'Medicine','2013-11-15 19:21:53','2013-11-18 17:18:55','Medicine'),(5,'Temporary Shelter','2013-11-15 19:22:07','2013-11-18 17:18:57','Temporary Shelter'),(6,'Other','2013-11-15 19:22:17','2013-11-18 17:19:00','Other'),(7,'Food & Water','2013-11-15 19:51:26','2013-11-18 17:19:02','Food & Water'),(9,'Clothing','2013-11-16 14:00:59','2013-11-18 17:19:04','Clothing');
/*!40000 ALTER TABLE `aid_type` ENABLE KEYS */;
UNLOCK TABLES;

--
-- Table structure for table `geo`
--

DROP TABLE IF EXISTS `geo`;
/*!40101 SET @saved_cs_client     = @@character_set_client */;
/*!40101 SET character_set_client = utf8 */;
CREATE TABLE `geo` (
  `id` int(11) NOT NULL AUTO_INCREMENT,
  `map` longtext COLLATE utf8_unicode_ci,
  `date_created` datetime NOT NULL,
  `date_updated` datetime NOT NULL,
  `type` varchar(255) COLLATE utf8_unicode_ci NOT NULL,
  `population` double DEFAULT NULL,
  `estimated_households` int(11) DEFAULT NULL,
  `affected_households` int(11) DEFAULT NULL,
  `name` varchar(64) COLLATE utf8_unicode_ci NOT NULL,
  PRIMARY KEY (`id`)
) ENGINE=InnoDB AUTO_INCREMENT=2344 DEFAULT CHARSET=utf8 COLLATE=utf8_unicode_ci;
/*!40101 SET character_set_client = @saved_cs_client */;

--
-- Dumping data for table `geo`
--

LOCK TABLES `geo` WRITE;
/*!40000 ALTER TABLE `geo` DISABLE KEYS */;
INSERT INTO `geo` VALUES (5,'10.932574361828,124.06484619539','2013-11-15 19:58:59','2013-11-21 20:53:59','province',NULL,NULL,NULL,'Cebu'),(8,'','2013-11-15 20:00:28','2013-11-20 14:52:41','barangay',2704,588,NULL,'Botigues'),(9,'','2013-11-15 20:00:47','2013-11-20 14:52:41','barangay',2318,504,NULL,'Doong'),(10,'','2013-11-15 20:01:10','2013-11-20 14:52:41','barangay',4164,905,NULL,'Kabac'),(11,'11.031422620052,124.79705082336','2013-11-15 20:33:55','2013-11-21 20:53:59','province',NULL,NULL,NULL,'Leyte'),(12,'','2013-11-15 20:33:55','2013-11-20 20:53:11','municipality',136960,29774,26796,'Bantayan (Isl + Munic)'),(13,'11.272096977708,123.7282038465','2013-11-15 20:33:55','2013-11-21 20:53:59','municipality',34905,7588,6829,'Madridejos'),(14,'11.204033825267,123.81238917022','2013-11-15 20:33:55','2013-11-21 20:53:59','municipality',34905,5928,5335,'Santa Fe'),(15,'11.235665405426,124.01963209174','2013-11-15 20:33:55','2013-11-21 20:53:59','municipality',74897,16282,14654,'Daanbantayan'),(16,'11.139669174024,123.97197240482','2013-11-15 20:33:55','2013-11-21 20:53:59','municipality',50047,10880,9792,'Medellin'),(17,'10.99934854596,123.93793966404','2013-11-15 20:33:55','2013-11-21 20:53:59','municipality',51394,11173,10055,'San Remigio'),(18,'','2013-11-15 20:33:55','2013-11-20 23:20:40','municipality',69911,15198,13678,'Bogo City'),(19,'','2013-11-15 20:33:55','2013-11-20 23:20:40','municipality',92278,20060,11718,'Camotes Islands'),(20,'10.7704457951,124.53051500962','2013-11-15 20:33:55','2013-11-21 20:53:59','municipality',11564,2514,2210,'Pilar'),(21,'10.665103111653,124.4267695564','2013-11-15 20:33:55','2013-11-21 20:53:59','municipality',23498,5108,2196,'Poro'),(22,'10.649960478093,124.33707122507','2013-11-15 20:33:55','2013-11-21 20:53:59','municipality',47357,10295,5462,'San Francisco'),(23,'10.6462666916,124.47493459683','2013-11-15 20:33:55','2013-11-21 20:53:59','municipality',9859,2143,1850,'Tudela'),(24,'10.936204495468,124.00784383464','2013-11-15 20:33:55','2013-11-21 20:53:59','municipality',33024,7179,1853,'Tabogon'),(25,'10.853448665492,123.910112624','2013-11-15 20:33:55','2013-11-21 20:53:59','municipality',22292,4846,3634,'Tabuelan'),(26,'10.850054889963,123.99395778216','2013-11-15 20:33:55','2013-11-21 20:53:59','municipality',31598,6869,700,'Borbon'),(27,'10.767980838356,123.98288497194','2013-11-15 20:33:55','2013-11-21 20:53:59','municipality',30626,6658,337,'Sogod'),(28,'11.24332046399,124.99435063304','2013-11-15 20:33:55','2013-11-21 20:53:59','municipality',221174,48081,NULL,'Tacloban City'),(29,'11.037283363836,124.59987086856','2013-11-15 20:33:55','2013-11-21 20:53:59','municipality',191200,41565,38000,'Ormoc City'),(30,'11.158388662092,124.57829213138','2013-11-15 20:33:55','2013-11-21 20:53:59','municipality',1930,420,8000,'Kananga'),(31,'','2013-11-15 20:33:55','2013-11-20 14:52:41','barangay',2718,591,NULL,'Atop-Atop'),(32,'','2013-11-15 20:33:55','2013-11-20 14:52:41','barangay',1415,308,NULL,'Baigad'),(33,'','2013-11-15 20:33:55','2013-11-20 14:52:41','barangay',3209,698,NULL,'Baod'),(34,'','2013-11-15 20:33:55','2013-11-20 14:52:41','barangay',2919,635,NULL,'Binaobao'),(35,'','2013-11-15 20:33:55','2013-11-20 14:52:41','barangay',2060,448,NULL,'Hilotongon'),(36,'','2013-11-15 20:33:55','2013-11-20 14:52:41','barangay',2546,553,NULL,'Guiwanon'),(37,'','2013-11-15 20:33:55','2013-11-20 14:52:41','barangay',2343,509,NULL,'Kabangbang'),(38,'','2013-11-15 20:33:55','2013-11-20 14:52:41','barangay',1007,219,NULL,'Kampingganon'),(39,'','2013-11-15 20:33:55','2013-11-20 14:52:41','barangay',2635,573,NULL,'Kangkaibe'),(40,'','2013-11-15 20:33:55','2013-11-20 14:52:41','barangay',3067,667,NULL,'Lipayran'),(41,'','2013-11-15 20:33:55','2013-11-20 14:52:41','barangay',1456,317,NULL,'Luyongbaybay'),(42,'','2013-11-15 20:33:55','2013-11-20 14:52:41','barangay',1704,370,NULL,'Mojon'),(43,'','2013-11-15 20:33:55','2013-11-20 14:52:41','barangay',1893,412,NULL,'Obo-ob'),(44,'','2013-11-15 20:33:55','2013-11-20 14:52:41','barangay',5475,1190,NULL,'Patao'),(45,'','2013-11-15 20:33:55','2013-11-20 14:52:41','barangay',1865,405,NULL,'Putian'),(46,'','2013-11-15 20:33:55','2013-11-20 14:52:41','barangay',4064,883,NULL,'Sillon'),(47,'','2013-11-15 20:33:55','2013-11-20 14:52:41','barangay',3296,717,NULL,'Sungko'),(48,'','2013-11-15 20:33:55','2013-11-20 14:52:41','barangay',3960,861,NULL,'Suba'),(49,'','2013-11-15 20:33:55','2013-11-20 14:52:41','barangay',4596,999,NULL,'Sulangan'),(50,'','2013-11-15 20:33:55','2013-11-20 14:52:41','barangay',1979,430,NULL,'Tamiao'),(51,'','2013-11-15 20:33:55','2013-11-20 14:52:41','barangay',4703,1022,NULL,'Bantigue'),(52,'','2013-11-15 20:33:55','2013-11-20 14:52:41','barangay',6689,1454,NULL,'Ticad'),(53,'11.26701429000,123.71888112600','2013-11-15 20:33:55','2013-11-21 20:53:59','barangay',1870,407,NULL,'Bunakan'),(54,'11.26273691550,123.71746487400','2013-11-15 20:33:55','2013-11-21 20:53:59','barangay',1071,233,NULL,'Kangwayan'),(55,'11.27140094010,123.74411600800','2013-11-15 20:33:55','2013-11-21 20:53:59','barangay',3088,671,NULL,'Kaongkod'),(56,'11.24989155470,123.71323357600','2013-11-15 20:33:55','2013-11-21 20:53:59','barangay',2071,450,NULL,'Kodia'),(57,'11.27477992890,123.72182857800','2013-11-15 20:33:55','2013-11-21 20:53:59','barangay',2042,444,NULL,'Maalat'),(58,'11.16166921410,124.02206787900','2013-11-15 20:33:55','2013-11-21 20:53:59','barangay',2583,720,NULL,'Malbago'),(59,'11.29133769990,123.73848356400','2013-11-15 20:33:55','2013-11-21 20:53:59','barangay',4662,1013,NULL,'Mancilang'),(60,'11.26859265880,123.72951085200','2013-11-15 20:33:55','2013-11-21 20:53:59','barangay',2153,468,NULL,'Pili'),(61,'11.29755190780,123.73280351600','2013-11-15 20:33:55','2013-11-21 20:53:59','barangay',3768,819,NULL,'Poblacion'),(62,'11.25444868840,123.74211362100','2013-11-15 20:33:55','2013-11-21 20:53:59','barangay',2201,478,NULL,'San Agustin'),(63,'11.25902664900,123.72034054200','2013-11-15 20:33:55','2013-11-21 20:53:59','barangay',1874,407,NULL,'Tabagak'),(64,'','2013-11-15 20:33:55','2013-11-20 14:52:41','barangay',3645,792,NULL,'Talangan'),(65,'11.28662127250,123.72592200100','2013-11-15 20:33:55','2013-11-21 20:53:59','barangay',2212,481,NULL,'Tarong'),(66,'11.28176122690,123.73374790000','2013-11-15 20:33:55','2013-11-21 20:53:59','barangay',1665,362,NULL,'Tugas'),(67,'11.34396847980,123.89529758000','2013-11-15 20:33:55','2013-11-21 20:53:59','barangay',3545,771,NULL,'Hagdan'),(68,'11.20323591780,123.81970615900','2013-11-15 20:33:55','2013-11-21 20:53:59','barangay',3651,794,NULL,'Hilantagaan'),(69,'','2013-11-15 20:33:55','2013-11-20 14:52:41','barangay',1763,383,NULL,'Kinatarkan (Bitoon)'),(70,'11.30811011290,123.89143219000','2013-11-15 20:33:55','2013-11-21 20:53:59','barangay',2082,453,NULL,'Langub'),(71,'11.15785166810,123.76843374600','2013-11-15 20:33:55','2013-11-21 20:53:59','barangay',2999,652,NULL,'Maricaban'),(72,'11.17081189320,123.78357734600','2013-11-15 20:33:55','2013-11-21 20:53:59','barangay',3532,768,NULL,'Okoy'),(73,'11.17976628200,123.77343484300','2013-11-15 20:33:55','2013-11-21 20:53:59','barangay',1592,346,NULL,'Balidbid'),(74,'11.15173848560,123.78414272500','2013-11-15 20:33:55','2013-11-21 20:53:59','barangay',2883,627,NULL,'Pooc'),(75,'11.16509114880,123.79500590200','2013-11-15 20:33:55','2013-11-21 20:53:59','barangay',2878,626,NULL,'Talisay'),(76,'11.26397445580,124.00329769700','2013-11-15 20:33:55','2013-11-21 20:53:59','barangay',4836,1051,NULL,'Aguho'),(77,'11.20203084900,124.02550875700','2013-11-15 20:33:55','2013-11-21 20:53:59','barangay',4015,873,NULL,'Bagay'),(78,'11.20233506600,123.97233469100','2013-11-15 20:33:55','2013-11-21 20:53:59','barangay',2267,493,NULL,'Bakhawan'),(79,'11.14600641360,124.02283660100','2013-11-15 20:33:55','2013-11-21 20:53:59','barangay',3252,707,NULL,'Bateria'),(80,'11.23060540770,124.00145514300','2013-11-15 20:33:55','2013-11-21 20:53:59','barangay',4350,946,NULL,'Bitoon'),(81,'11.17695944040,124.02136019200','2013-11-15 20:33:55','2013-11-21 20:53:59','barangay',2518,547,NULL,'Calape'),(82,'11.51399298480,124.09418046600','2013-11-15 20:33:55','2013-11-21 20:53:59','barangay',2360,513,NULL,'Carnaza'),(83,'11.19916478270,123.99566056200','2013-11-15 20:33:55','2013-11-21 20:53:59','barangay',2069,450,NULL,'Dalingding'),(84,'11.25633254800,124.02759052300','2013-11-15 20:33:55','2013-11-21 20:53:59','barangay',2968,645,NULL,'Lanao'),(85,'','2013-11-15 20:33:55','2013-11-20 14:52:41','barangay',4496,977,NULL,'Logon (Malapascua)'),(86,'11.21807692310,124.01439380900','2013-11-15 20:33:55','2013-11-21 20:53:59','barangay',1512,329,NULL,'Malingin'),(87,'11.27176610790,124.05383587300','2013-11-15 20:33:55','2013-11-21 20:53:59','barangay',7815,1699,NULL,'Maya'),(88,'11.23952614700,124.01281448200','2013-11-15 20:33:55','2013-11-21 20:53:59','barangay',2970,646,NULL,'Pajo'),(89,'11.21374002470,123.98473105800','2013-11-15 20:33:55','2013-11-21 20:53:59','barangay',2741,596,NULL,'Paypay'),(90,'11.27070209350,124.03073563200','2013-11-15 20:33:55','2013-11-21 20:53:59','barangay',7281,1583,NULL,'Tapilon'),(91,'11.17968858950,124.00128989000','2013-11-15 20:33:55','2013-11-21 20:53:59','barangay',2050,446,NULL,'Tinubdan'),(92,'11.23446115160,124.03236205400','2013-11-15 20:33:55','2013-11-21 20:53:59','barangay',3140,683,NULL,'Tominjao'),(93,'11.15993717590,123.95681611800','2013-11-15 20:33:55','2013-11-21 20:53:59','barangay',4440,965,NULL,'Antipolo'),(94,'11.14117386720,124.00131111500','2013-11-15 20:33:55','2013-11-21 20:53:59','barangay',2049,445,NULL,'Curva'),(95,'11.14509160470,123.95648484800','2013-11-15 20:33:55','2013-11-21 20:53:59','barangay',3328,NULL,NULL,'Daanlungsod'),(96,'11.18007154940,123.97851707900','2013-11-15 20:33:55','2013-11-21 20:53:59','barangay',821,178,NULL,'Dalingding Sur'),(97,'11.08235815470,123.97836947600','2013-11-15 20:33:55','2013-11-21 20:53:59','barangay',1678,365,NULL,'Dayhagon'),(98,'11.18472916470,123.92138588700','2013-11-15 20:33:55','2013-11-21 20:53:59','barangay',1880,409,NULL,'Gibitngil'),(99,'11.11174484640,123.99034848400','2013-11-15 20:33:55','2013-11-21 20:53:59','barangay',2145,466,NULL,'Canhabagat'),(100,'','2013-11-15 20:33:55','2013-11-20 14:52:41','barangay',2520,548,NULL,'Campotatan Norte'),(101,'','2013-11-15 20:33:55','2013-11-20 14:52:41','barangay',1962,427,NULL,'Campotatan Sur'),(102,'11.18658599450,123.95892383900','2013-11-15 20:33:55','2013-11-21 20:53:59','barangay',6279,1365,NULL,'Kawit'),(103,'11.10132812590,123.97040103800','2013-11-15 20:33:55','2013-11-21 20:53:59','barangay',2116,460,NULL,'Lamintak Norte'),(104,'11.09286791690,123.96738129100','2013-11-15 20:33:55','2013-11-21 20:53:59','barangay',2400,522,NULL,'Lamintak Sur'),(105,'11.11048211180,123.96782937400','2013-11-15 20:33:55','2013-11-21 20:53:59','barangay',1700,370,NULL,'Luy-a'),(106,'11.16132151370,123.99668969000','2013-11-15 20:33:55','2013-11-21 20:53:59','barangay',2233,485,NULL,'Panugnawan'),(107,'11.12723186780,124.00902631000','2013-11-15 20:33:55','2013-11-21 20:53:59','barangay',3420,743,NULL,'Tindog'),(108,'11.09666730870,123.98776639400','2013-11-15 20:33:55','2013-11-21 20:53:59','barangay',1287,280,NULL,'Don Virgilio Gonzales'),(109,'11.18405472650,123.97082472600','2013-11-15 20:33:55','2013-11-21 20:53:59','barangay',1809,393,NULL,'Maharuhay'),(110,'11.17442776540,123.94917029600','2013-11-15 20:33:55','2013-11-21 20:53:59','barangay',3363,731,NULL,'Mahawak'),(111,'11.02451841800,123.91675736600','2013-11-15 20:33:55','2013-11-21 20:53:59','barangay',1816,395,NULL,'Anapog'),(112,'11.07612886520,123.95060879800','2013-11-15 20:33:55','2013-11-21 20:53:59','barangay',3996,869,NULL,'Argawanon'),(113,'10.90405355800,123.93916415600','2013-11-15 20:33:55','2013-11-21 20:53:59','barangay',934,203,NULL,'Bagtic'),(114,'11.03827005100,123.91619259600','2013-11-15 20:33:55','2013-11-21 20:53:59','barangay',1423,309,NULL,'Bancasan'),(115,'11.02125442750,123.95253845900','2013-11-15 20:33:55','2013-11-21 20:53:59','barangay',403,299,NULL,'Batad'),(116,'10.96235303690,123.93123500400','2013-11-15 20:33:55','2013-11-21 20:53:59','barangay',1445,314,NULL,'Busogon'),(117,'10.91704999140,123.94518560400','2013-11-15 20:33:55','2013-11-21 20:53:59','barangay',1350,293,NULL,'Calambua'),(118,'10.96123314170,123.94709330800','2013-11-15 20:33:55','2013-11-21 20:53:59','barangay',1377,299,NULL,'Canagahan'),(119,'11.03495417140,123.93066976400','2013-11-15 20:33:55','2013-11-21 20:53:59','barangay',1415,308,NULL,'Dapdap'),(120,'10.99596347360,123.95209985700','2013-11-15 20:33:55','2013-11-21 20:53:59','barangay',1426,310,NULL,'Gawaygaway'),(121,'11.09266244670,123.94150633300','2013-11-15 20:33:55','2013-11-21 20:53:59','barangay',3527,767,NULL,'Hagnaya'),(122,'11.04518427690,123.94606195400','2013-11-15 20:33:55','2013-11-21 20:53:59','barangay',1307,284,NULL,'Kayam'),(123,'10.94368826810,123.92598929700','2013-11-15 20:33:55','2013-11-21 20:53:59','barangay',896,195,NULL,'Kinawahan'),(124,'11.00666748780,123.93890784500','2013-11-15 20:33:55','2013-11-21 20:53:59','barangay',2158,547,NULL,'Lambusan'),(125,'11.05853850270,123.95033143900','2013-11-15 20:33:55','2013-11-21 20:53:59','barangay',1079,235,NULL,'Lawis'),(126,'10.93496386220,123.93949184700','2013-11-15 20:33:55','2013-11-21 20:53:59','barangay',1132,246,NULL,'Libaong'),(127,'11.06753193750,123.94089187300','2013-11-15 20:33:55','2013-11-21 20:53:59','barangay',2021,439,NULL,'Looc'),(128,'10.90935164390,123.91449221200','2013-11-15 20:33:55','2013-11-21 20:53:59','barangay',2152,468,NULL,'Luyang'),(129,'11.05297986780,123.93210257800','2013-11-15 20:33:55','2013-11-21 20:53:59','barangay',3179,691,NULL,'Mano'),(130,'11.10074917870,123.93661194400','2013-11-15 20:33:55','2013-11-21 20:53:59','barangay',2659,578,NULL,'Punta'),(131,'10.93498888720,123.95230868000','2013-11-15 20:33:55','2013-11-21 20:53:59','barangay',1169,254,NULL,'Sab-a'),(132,'10.89998404300,123.95500630700','2013-11-15 20:33:55','2013-11-21 20:53:59','barangay',546,341,NULL,'San Miguel'),(133,'10.98818752940,123.93776201800','2013-11-15 20:33:55','2013-11-21 20:53:59','barangay',2269,493,NULL,'Tacup'),(134,'','2013-11-15 20:33:55','2013-11-20 14:52:41','barangay',2727,593,NULL,'Tambogon'),(135,'','2013-11-15 20:33:55','2013-11-20 14:52:41','barangay',1163,253,NULL,'Toong'),(136,'10.92854365960,123.91602498800','2013-11-15 20:33:55','2013-11-21 20:53:59','barangay',1520,330,NULL,'Victoria'),(137,'','2013-11-15 20:33:55','2013-11-20 14:52:41','barangay',2852,620,NULL,'Cogon (Pob.)'),(138,'','2013-11-15 20:33:55','2013-11-20 14:52:41','barangay',1390,302,NULL,'Anonang Norte'),(139,'','2013-11-15 20:33:55','2013-11-20 14:52:41','barangay',1346,293,NULL,'Anonang Sur'),(140,'','2013-11-15 20:33:55','2013-11-20 14:52:41','barangay',2136,464,NULL,'Banban'),(141,'','2013-11-15 20:33:55','2013-11-20 14:52:41','barangay',1904,414,NULL,'Binabag'),(142,'','2013-11-15 20:33:55','2013-11-20 14:52:41','barangay',1925,418,NULL,'Bungtod (Pob.)'),(143,'','2013-11-15 20:33:55','2013-11-20 14:52:41','barangay',392,85,NULL,'Carbon (Pob.)'),(144,'','2013-11-15 20:33:55','2013-11-20 14:52:41','barangay',3360,730,NULL,'Cayang'),(145,'','2013-11-15 20:33:55','2013-11-20 14:52:41','barangay',4688,1019,NULL,'Dakit'),(146,'','2013-11-15 20:33:55','2013-11-20 14:52:41','barangay',3395,738,NULL,'Don Pedro Rodriguez'),(147,'','2013-11-15 20:33:55','2013-11-20 14:52:41','barangay',8721,1896,NULL,'Gairan'),(148,'','2013-11-15 20:33:55','2013-11-20 14:52:41','barangay',3165,688,NULL,'Guadalupe'),(149,'','2013-11-15 20:33:55','2013-11-20 23:20:40','barangay',554,670,NULL,'La Paz'),(150,'','2013-11-15 20:33:55','2013-11-20 14:52:41','barangay',958,208,NULL,'La Purisima Concepcion (Pob.)'),(151,'','2013-11-15 20:33:55','2013-11-20 23:20:40','barangay',1069,803,NULL,'Libertad'),(152,'','2013-11-15 20:33:55','2013-11-20 14:52:41','barangay',495,108,NULL,'Lourdes (Pob.)'),(153,'','2013-11-15 20:33:55','2013-11-20 14:52:41','barangay',1697,369,NULL,'Marangog'),(154,'','2013-11-15 20:33:55','2013-11-20 14:52:41','barangay',4896,1064,NULL,'Nailon'),(155,'','2013-11-15 20:33:55','2013-11-20 14:52:41','barangay',2328,506,NULL,'Odlot'),(156,'','2013-11-15 20:33:55','2013-11-20 14:52:41','barangay',1425,310,NULL,'Pandan (Pandan Heights)'),(157,'','2013-11-15 20:33:55','2013-11-20 14:52:41','barangay',3052,663,NULL,'Polambato'),(158,'','2013-11-15 20:33:55','2013-11-20 14:52:41','barangay',1850,402,NULL,'Sambag (Pob.)'),(159,'','2013-11-15 20:33:55','2013-11-20 14:52:41','barangay',675,147,NULL,'San Vicente (Pob.)'),(160,'','2013-11-15 20:33:55','2013-11-20 23:20:41','barangay',668,732,NULL,'Santo Ni'),(161,'','2013-11-15 20:33:55','2013-11-20 14:52:41','barangay',914,199,NULL,'Santo Rosario (Pob.)'),(162,'','2013-11-15 20:33:55','2013-11-20 14:52:41','barangay',1285,279,NULL,'Siocon'),(163,'10.75300794860,124.51815020900','2013-11-15 20:33:55','2013-11-21 20:53:59','barangay',360,78,NULL,'Biasong'),(164,'10.73412828610,124.50326168000','2013-11-15 20:33:55','2013-11-21 20:53:59','barangay',1892,411,NULL,'Cawit'),(165,'10.79216202700,124.53511394900','2013-11-15 20:33:55','2013-11-21 20:53:59','barangay',851,185,NULL,'Esperanza'),(166,'10.80331204950,124.56237415400','2013-11-15 20:33:55','2013-11-21 20:53:59','barangay',578,126,NULL,'Lower Poblacion'),(167,'10.74382751260,124.52327560700','2013-11-15 20:33:55','2013-11-21 20:53:59','barangay',1007,219,NULL,'Moabog'),(168,'10.76293843070,124.53506310700','2013-11-15 20:33:55','2013-11-21 20:53:59','barangay',1303,283,NULL,'Montserrat'),(169,'10.77114165780,124.54228426200','2013-11-15 20:33:55','2013-11-21 20:53:59','barangay',2615,124,NULL,'San Isidro'),(170,'10.77960139280,124.54674657300','2013-11-15 20:33:55','2013-11-21 20:53:59','barangay',799,174,NULL,'San Juan'),(171,'10.80574708360,124.55263494100','2013-11-15 20:33:55','2013-11-21 20:53:59','barangay',770,167,NULL,'Upper Poblacion'),(172,'10.79163549140,124.54994773700','2013-11-15 20:33:55','2013-11-21 20:53:59','barangay',1047,228,NULL,'Villahermosa'),(173,'10.75891288840,124.50682375800','2013-11-15 20:33:55','2013-11-21 20:53:59','barangay',616,134,NULL,'Imelda'),(174,'10.67906119380,124.43162939100','2013-11-15 20:33:55','2013-11-21 20:53:59','barangay',1339,291,NULL,'Adela'),(175,'10.65369425610,124.43676146200','2013-11-15 20:33:55','2013-11-21 20:53:59','barangay',1142,248,NULL,'Altavista'),(176,'10.69575639740,124.43780314900','2013-11-15 20:33:55','2013-11-21 20:53:59','barangay',3238,704,NULL,'Cagcagan'),(177,'10.67053372420,124.44762166000','2013-11-15 20:33:55','2013-11-21 20:53:59','barangay',525,114,NULL,'Cansabusab'),(178,'','2013-11-15 20:33:55','2013-11-20 14:52:41','barangay',888,193,NULL,'Daan Paz (old name - Poso)'),(179,'10.63319284160,124.40607742100','2013-11-15 20:33:55','2013-11-21 20:53:59','barangay',886,193,NULL,'Eastern Poblacion'),(180,'10.63695692370,124.42177049400','2013-11-15 20:33:55','2013-11-21 20:53:59','barangay',1254,273,NULL,'Mabini'),(181,'10.67069574970,124.40559062800','2013-11-15 20:33:55','2013-11-21 20:53:59','barangay',2294,499,NULL,'Mercedes'),(182,'10.66095492010,124.42146763200','2013-11-15 20:33:55','2013-11-21 20:53:59','barangay',672,146,NULL,'Pagsa'),(183,'','2013-11-15 20:33:55','2013-11-20 14:52:41','barangay',1206,262,NULL,'Paz (old name: Santa Rosa)'),(184,'10.68699681000,124.46316853500','2013-11-15 20:33:55','2013-11-21 20:53:59','barangay',817,178,NULL,'Rizal'),(185,'10.68932792650,124.45098918800','2013-11-15 20:33:55','2013-11-21 20:53:59','barangay',1136,247,NULL,'San Jose'),(186,'10.67756557010,124.42119524100','2013-11-15 20:33:55','2013-11-21 20:53:59','barangay',254,187,NULL,'Santa Rita'),(187,'10.65034029160,124.40156800100','2013-11-15 20:33:55','2013-11-21 20:53:59','barangay',1323,288,NULL,'Teguis'),(188,'10.64033956900,124.40222102800','2013-11-15 20:33:55','2013-11-21 20:53:59','barangay',1511,328,NULL,'Western Poblacion'),(189,'10.69277534280,124.34029752900','2013-11-15 20:33:55','2013-11-21 20:53:59','barangay',1764,383,NULL,'Cabunga-an'),(190,'10.65356563330,124.34202845500','2013-11-15 20:33:55','2013-11-21 20:53:59','barangay',2517,547,NULL,'Campo'),(191,'10.63720299980,124.31167137700','2013-11-15 20:33:55','2013-11-21 20:53:59','barangay',4827,1049,NULL,'Consuelo'),(192,'10.60922873460,124.28489886400','2013-11-15 20:33:55','2013-11-21 20:53:59','barangay',2169,472,NULL,'Himensulan'),(193,'10.63179391780,124.33779505000','2013-11-15 20:33:55','2013-11-21 20:53:59','barangay',1288,280,NULL,'Montealegre'),(194,'10.65756735050,124.37100153900','2013-11-15 20:33:55','2013-11-21 20:53:59','barangay',3779,822,NULL,'Northern Poblacion'),(195,'10.68292831770,124.36216809600','2013-11-15 20:33:55','2013-11-21 20:53:59','barangay',4717,1025,NULL,'Santa Cruz'),(196,'10.60297959310,124.30252979700','2013-11-15 20:33:55','2013-11-21 20:53:59','barangay',2132,463,NULL,'Santiago'),(197,'10.70381166210,124.33632644100','2013-11-15 20:33:55','2013-11-21 20:53:59','barangay',3366,732,NULL,'Sonog'),(198,'10.63355123550,124.37579048000','2013-11-15 20:33:55','2013-11-21 20:53:59','barangay',3453,751,NULL,'Southern Poblacion'),(199,'10.61209257450,124.32992114400','2013-11-15 20:33:55','2013-11-21 20:53:59','barangay',1035,225,NULL,'Unidos'),(200,'10.66699708780,124.31995166400','2013-11-15 20:33:55','2013-11-21 20:53:59','barangay',4721,1026,NULL,'Union'),(201,'','2013-11-15 20:33:55','2013-11-20 14:52:41','barangay',485,105,NULL,'Buena Vista'),(202,'10.64599893580,124.48622032900','2013-11-15 20:33:55','2013-11-21 20:53:59','barangay',1291,281,NULL,'Calmante'),(203,'','2013-11-15 20:33:55','2013-11-20 14:52:41','barangay',415,90,NULL,'Old Secante'),(204,'10.63961262020,124.45438811300','2013-11-15 20:33:55','2013-11-21 20:53:59','barangay',1028,223,NULL,'General'),(205,'10.65820938930,124.50457547500','2013-11-15 20:33:55','2013-11-21 20:53:59','barangay',977,212,NULL,'McArthur'),(206,'','2013-11-15 20:33:55','2013-11-20 14:52:41','barangay',2578,560,NULL,'Puerto Bello'),(207,'10.65465858430,124.46388441300','2013-11-15 20:33:55','2013-11-21 20:53:59','barangay',593,129,NULL,'Santander'),(208,'','2013-11-15 20:33:55','2013-11-20 14:52:41','barangay',508,110,NULL,'New Secante'),(209,'','2013-11-15 20:33:55','2013-11-20 14:52:41','barangay',1024,233,NULL,'Villa Hermosa'),(210,'10.92186202370,124.02159694500','2013-11-15 20:33:55','2013-11-21 20:53:59','barangay',664,144,NULL,'Alang-alang'),(211,'10.91976012870,123.96989459700','2013-11-15 20:33:55','2013-11-21 20:53:59','barangay',2221,483,NULL,'Caduawan'),(212,'10.93962395270,124.01066787000','2013-11-15 20:33:55','2013-11-21 20:53:59','barangay',851,185,NULL,'Kal-anan'),(213,'10.95789562800,124.03325054200','2013-11-15 20:33:55','2013-11-21 20:53:59','barangay',1490,324,NULL,'Camoboan'),(214,'10.90191072480,124.00210677800','2013-11-15 20:33:55','2013-11-21 20:53:59','barangay',1693,368,NULL,'Canaocanao'),(215,'10.95095338440,124.01109045200','2013-11-15 20:33:55','2013-11-21 20:53:59','barangay',418,91,NULL,'Combado'),(216,'10.91358188970,124.02762849900','2013-11-15 20:33:55','2013-11-21 20:53:59','barangay',1413,307,NULL,'Daantabogon'),(217,'10.90007283040,123.96785847700','2013-11-15 20:33:55','2013-11-21 20:53:59','barangay',3280,713,NULL,'Ilihan'),(218,'10.91936073170,123.99154491000','2013-11-15 20:33:55','2013-11-21 20:53:59','barangay',1752,381,NULL,'Labangon'),(219,'10.95247629960,123.96414694300','2013-11-15 20:33:55','2013-11-21 20:53:59','barangay',2338,508,NULL,'Libjo'),(220,'10.93217406100,123.99758086100','2013-11-15 20:33:55','2013-11-21 20:53:59','barangay',1080,235,NULL,'Loong'),(221,'10.95799071740,123.98076572500','2013-11-15 20:33:55','2013-11-21 20:53:59','barangay',1538,334,NULL,'Mabuli'),(222,'10.89862028050,123.97875473400','2013-11-15 20:33:55','2013-11-21 20:53:59','barangay',1225,266,NULL,'Managase'),(223,'10.95315882560,123.99339611500','2013-11-15 20:33:55','2013-11-21 20:53:59','barangay',1192,259,NULL,'Manlagtang'),(224,'10.92939301600,124.02298479900','2013-11-15 20:33:55','2013-11-21 20:53:59','barangay',1094,238,NULL,'Maslog'),(225,'10.89419532770,124.04225973700','2013-11-15 20:33:55','2013-11-21 20:53:59','barangay',2042,444,NULL,'Muabog'),(226,'10.93647129420,124.02347556700','2013-11-15 20:33:55','2013-11-21 20:53:59','barangay',686,149,NULL,'Pio'),(227,'10.97242700000,124.03684427200','2013-11-15 20:33:55','2013-11-21 20:53:59','barangay',1084,236,NULL,'Salag'),(228,'10.95918370340,124.00266583300','2013-11-15 20:33:55','2013-11-21 20:53:59','barangay',746,162,NULL,'Sambag'),(229,'10.95796953250,124.01804938400','2013-11-15 20:33:55','2013-11-21 20:53:59','barangay',4895,122,NULL,'San Vicente'),(230,'10.97632105630,124.00353860700','2013-11-15 20:33:55','2013-11-21 20:53:59','barangay',1830,398,NULL,'Somosa'),(231,'10.89834551450,124.02256870000','2013-11-15 20:33:55','2013-11-21 20:53:59','barangay',1003,218,NULL,'Taba-ao'),(232,'10.94807337150,124.02676399300','2013-11-15 20:33:55','2013-11-21 20:53:59','barangay',978,213,NULL,'Tapul'),(233,'10.80886438180,123.90813726400','2013-11-15 20:33:55','2013-11-21 20:53:59','barangay',3315,721,NULL,'Bongon'),(234,'10.85704873250,123.93173222700','2013-11-15 20:33:55','2013-11-21 20:53:59','barangay',980,213,NULL,'Kanlim-ao'),(235,'10.88225142140,123.94418785900','2013-11-15 20:33:55','2013-11-21 20:53:59','barangay',1018,221,NULL,'Kanluhangon'),(236,'10.88442541600,123.92278919800','2013-11-15 20:33:55','2013-11-21 20:53:59','barangay',1672,363,NULL,'Kantubaon'),(237,'10.82666200690,123.92426564700','2013-11-15 20:33:55','2013-11-21 20:53:59','barangay',1262,274,NULL,'Dalid'),(238,'10.84221622300,123.92832671000','2013-11-15 20:33:55','2013-11-21 20:53:59','barangay',747,162,NULL,'Mabunao'),(239,'10.88935012070,123.89809354100','2013-11-15 20:33:55','2013-11-21 20:53:59','barangay',2171,472,NULL,'Maravilla'),(240,'10.85706151770,123.89670806500','2013-11-15 20:33:55','2013-11-21 20:53:59','barangay',1897,412,NULL,'Olivo'),(241,'10.83976151820,123.88536584800','2013-11-15 20:33:55','2013-11-21 20:53:59','barangay',2266,493,NULL,'Tabunok'),(242,'10.87070377800,123.89334364500','2013-11-15 20:33:55','2013-11-21 20:53:59','barangay',1767,384,NULL,'Tigbawan'),(243,'10.87789008590,124.01356583600','2013-11-15 20:33:55','2013-11-21 20:53:59','barangay',645,140,NULL,'Bagacay'),(244,'10.83605149320,123.96511373600','2013-11-15 20:33:55','2013-11-21 20:53:59','barangay',546,119,NULL,'Bili'),(245,'10.80738531190,124.01833037900','2013-11-15 20:33:55','2013-11-21 20:53:59','barangay',1084,236,NULL,'Bingay'),(246,'10.85433338790,123.95073302200','2013-11-15 20:33:55','2013-11-21 20:53:59','barangay',1253,272,NULL,'Bongdo'),(247,'10.85300412240,123.96805275800','2013-11-15 20:33:55','2013-11-21 20:53:59','barangay',865,188,NULL,'Bongdo Gua'),(248,'10.85641837030,124.00080134400','2013-11-15 20:33:55','2013-11-21 20:53:59','barangay',1457,317,NULL,'Bongoyan'),(249,'10.85546760940,124.02777089800','2013-11-15 20:33:55','2013-11-21 20:53:59','barangay',3639,791,NULL,'Cadaruhan'),(250,'10.82458397030,123.96219700200','2013-11-15 20:33:55','2013-11-21 20:53:59','barangay',1162,253,NULL,'Cajel'),(251,'10.81956808100,124.01755512400','2013-11-15 20:33:55','2013-11-21 20:53:59','barangay',2147,467,NULL,'Campusong'),(252,'10.83074629080,123.98797539000','2013-11-15 20:33:55','2013-11-21 20:53:59','barangay',1245,271,NULL,'Clavera'),(253,'10.88004528260,123.97459875800','2013-11-15 20:33:55','2013-11-21 20:53:59','barangay',3086,671,NULL,'Don Gregorio Antigua (Taytayan)'),(254,'10.84147383140,123.98769296900','2013-11-15 20:33:55','2013-11-21 20:53:59','barangay',1484,323,NULL,'Laaw'),(255,'10.81453179580,123.98989246900','2013-11-15 20:33:55','2013-11-21 20:53:59','barangay',3067,667,NULL,'Lugo'),(256,'10.85850633610,123.98272508900','2013-11-15 20:33:55','2013-11-21 20:53:59','barangay',1025,223,NULL,'Sagay'),(257,'10.86856918110,124.03221810900','2013-11-15 20:33:55','2013-11-21 20:53:59','barangay',1698,369,NULL,'Tabunan'),(258,'10.87908047830,124.03488624700','2013-11-15 20:33:55','2013-11-21 20:53:59','barangay',885,192,NULL,'Tagnucan'),(259,'10.77153283020,123.97869957100','2013-11-15 20:33:55','2013-11-21 20:53:59','barangay',789,172,NULL,'Ampongol'),(260,'10.77798031600,123.95714302900','2013-11-15 20:33:55','2013-11-21 20:53:59','barangay',681,148,NULL,'Bagakay'),(261,'10.76000204250,123.99735343400','2013-11-15 20:33:55','2013-11-21 20:53:59','barangay',2110,459,NULL,'Bagatayam'),(262,'10.73472918730,123.99947153300','2013-11-15 20:33:55','2013-11-21 20:53:59','barangay',2338,508,NULL,'Bawo'),(263,'10.73911262850,123.96041201000','2013-11-15 20:33:55','2013-11-21 20:53:59','barangay',2793,607,NULL,'Cabalawan'),(264,'10.75811878840,123.95819935200','2013-11-15 20:33:55','2013-11-21 20:53:59','barangay',876,190,NULL,'Cabangahan'),(265,'10.79584554500,124.01873519900','2013-11-15 20:33:55','2013-11-21 20:53:59','barangay',2479,539,NULL,'Calumboyan'),(266,'10.77085811200,124.00231939300','2013-11-15 20:33:55','2013-11-21 20:53:59','barangay',2912,633,NULL,'Damolog'),(267,'10.74675122560,123.99363515000','2013-11-15 20:33:55','2013-11-21 20:53:59','barangay',1535,334,NULL,'Ibabao'),(268,'10.78968774310,123.99722948600','2013-11-15 20:33:55','2013-11-21 20:53:59','barangay',1625,353,NULL,'Liki'),(269,'10.79678048470,123.97513166900','2013-11-15 20:33:55','2013-11-21 20:53:59','barangay',807,175,NULL,'Lubo'),(270,'10.80453490220,123.95363081300','2013-11-15 20:33:55','2013-11-21 20:53:59','barangay',972,211,NULL,'Mohon'),(271,'10.71366545550,123.95241571500','2013-11-15 20:33:55','2013-11-21 20:53:59','barangay',976,212,NULL,'Nahus-an'),(272,'10.74410440390,123.97925902200','2013-11-15 20:33:55','2013-11-21 20:53:59','barangay',1455,316,NULL,'Pansoy'),(273,'10.80238764590,123.96631937400','2013-11-15 20:33:55','2013-11-21 20:53:59','barangay',989,215,NULL,'Takay'),(295,'','2013-11-15 23:56:05','2013-11-18 22:25:25','municipality',NULL,NULL,NULL,''),(296,'','2013-11-15 23:56:05','2013-11-18 22:25:25','municipality',NULL,NULL,NULL,''),(297,'','2013-11-15 23:56:05','2013-11-18 22:25:25','municipality',NULL,NULL,NULL,''),(298,'','2013-11-15 23:56:05','2013-11-18 22:25:25','municipality',NULL,NULL,NULL,''),(299,'','2013-11-15 23:56:05','2013-11-18 22:25:25','municipality',NULL,NULL,NULL,''),(300,'','2013-11-15 23:56:05','2013-11-18 22:25:25','municipality',NULL,NULL,NULL,''),(301,'','2013-11-15 23:56:05','2013-11-18 22:25:25','municipality',NULL,NULL,NULL,''),(302,'','2013-11-15 23:56:05','2013-11-18 22:25:25','municipality',NULL,NULL,NULL,''),(303,'','2013-11-15 23:56:05','2013-11-18 22:25:25','municipality',NULL,NULL,NULL,''),(304,'','2013-11-15 23:56:05','2013-11-18 22:25:25','municipality',NULL,NULL,NULL,''),(305,'','2013-11-15 23:56:05','2013-11-18 22:25:25','municipality',NULL,NULL,NULL,''),(306,'','2013-11-15 23:56:05','2013-11-18 22:25:25','municipality',NULL,NULL,NULL,''),(307,'','2013-11-15 23:56:05','2013-11-18 22:25:25','municipality',NULL,NULL,NULL,''),(308,'','2013-11-15 23:56:05','2013-11-18 22:25:25','municipality',NULL,NULL,NULL,''),(309,'','2013-11-15 23:56:05','2013-11-18 22:25:25','municipality',NULL,NULL,NULL,''),(310,'','2013-11-15 23:56:05','2013-11-18 22:25:25','municipality',NULL,NULL,NULL,''),(311,'','2013-11-15 23:56:05','2013-11-18 22:25:25','municipality',NULL,NULL,NULL,''),(312,'','2013-11-15 23:56:05','2013-11-18 22:25:25','municipality',NULL,NULL,NULL,''),(313,'','2013-11-15 23:56:05','2013-11-18 22:25:25','municipality',NULL,NULL,NULL,''),(314,'','2013-11-15 23:56:05','2013-11-18 22:25:25','municipality',NULL,NULL,NULL,''),(315,'','2013-11-15 23:56:05','2013-11-18 22:25:25','municipality',NULL,NULL,NULL,''),(316,'','2013-11-15 23:56:05','2013-11-18 22:25:25','municipality',NULL,NULL,NULL,''),(317,'','2013-11-15 23:56:05','2013-11-18 22:25:25','municipality',NULL,NULL,NULL,''),(318,'','2013-11-15 23:56:05','2013-11-18 22:25:25','municipality',NULL,NULL,NULL,''),(319,'','2013-11-15 23:56:05','2013-11-18 22:25:25','municipality',NULL,NULL,NULL,''),(320,'','2013-11-15 23:56:05','2013-11-18 22:25:25','municipality',NULL,NULL,NULL,''),(321,'','2013-11-15 23:56:05','2013-11-18 22:25:25','municipality',NULL,NULL,NULL,''),(322,'','2013-11-15 23:56:05','2013-11-18 22:25:25','municipality',NULL,NULL,NULL,''),(323,'','2013-11-15 23:56:05','2013-11-18 22:25:25','municipality',NULL,NULL,NULL,''),(324,'','2013-11-15 23:56:05','2013-11-18 22:25:25','municipality',NULL,NULL,NULL,''),(325,'','2013-11-15 23:56:05','2013-11-18 22:25:25','municipality',NULL,NULL,NULL,''),(326,'','2013-11-15 23:56:05','2013-11-18 22:25:25','municipality',NULL,NULL,NULL,''),(327,'','2013-11-15 23:56:05','2013-11-18 22:25:25','municipality',NULL,NULL,NULL,''),(328,'','2013-11-15 23:56:05','2013-11-18 22:25:25','municipality',NULL,NULL,NULL,''),(329,'','2013-11-15 23:56:05','2013-11-18 22:25:25','municipality',NULL,NULL,NULL,''),(330,'','2013-11-15 23:56:05','2013-11-18 22:25:25','municipality',NULL,NULL,NULL,''),(331,'','2013-11-15 23:56:05','2013-11-18 22:25:25','municipality',NULL,NULL,NULL,''),(332,'','2013-11-15 23:56:05','2013-11-18 22:25:25','municipality',NULL,NULL,NULL,''),(333,'','2013-11-15 23:56:05','2013-11-18 22:25:25','municipality',NULL,NULL,NULL,''),(334,'','2013-11-15 23:56:05','2013-11-18 22:25:25','municipality',NULL,NULL,NULL,''),(335,'','2013-11-15 23:56:05','2013-11-18 22:25:25','municipality',NULL,NULL,NULL,''),(336,'','2013-11-15 23:56:05','2013-11-18 22:25:25','municipality',NULL,NULL,NULL,''),(337,'','2013-11-15 23:56:05','2013-11-18 22:25:25','municipality',NULL,NULL,NULL,''),(338,'','2013-11-15 23:56:05','2013-11-18 22:25:25','municipality',NULL,NULL,NULL,''),(339,'','2013-11-15 23:56:05','2013-11-18 22:25:25','municipality',NULL,NULL,NULL,''),(340,'','2013-11-15 23:56:05','2013-11-18 22:25:25','municipality',NULL,NULL,NULL,''),(341,'','2013-11-15 23:56:05','2013-11-18 22:25:25','municipality',NULL,NULL,NULL,''),(342,'','2013-11-15 23:56:05','2013-11-18 22:25:25','municipality',NULL,NULL,NULL,''),(343,'','2013-11-15 23:56:05','2013-11-18 22:25:25','municipality',NULL,NULL,NULL,''),(344,'','2013-11-15 23:56:05','2013-11-18 22:25:25','municipality',NULL,NULL,NULL,''),(345,'','2013-11-15 23:56:05','2013-11-18 22:25:25','municipality',NULL,NULL,NULL,''),(346,'','2013-11-15 23:56:05','2013-11-18 22:25:25','municipality',NULL,NULL,NULL,''),(347,'','2013-11-15 23:56:05','2013-11-18 22:25:25','municipality',NULL,NULL,NULL,''),(348,'','2013-11-15 23:56:05','2013-11-18 22:25:25','municipality',NULL,NULL,NULL,''),(349,'','2013-11-15 23:56:05','2013-11-18 22:25:25','municipality',NULL,NULL,NULL,''),(350,'','2013-11-15 23:56:05','2013-11-18 22:25:25','municipality',NULL,NULL,NULL,''),(351,'','2013-11-15 23:56:05','2013-11-18 22:25:25','municipality',NULL,NULL,NULL,''),(352,'','2013-11-15 23:56:05','2013-11-18 22:25:25','municipality',NULL,NULL,NULL,''),(353,'','2013-11-15 23:56:05','2013-11-18 22:25:25','municipality',NULL,NULL,NULL,''),(354,'','2013-11-15 23:56:05','2013-11-18 22:25:25','municipality',NULL,NULL,NULL,''),(355,'','2013-11-15 23:56:05','2013-11-18 22:25:25','municipality',NULL,NULL,NULL,''),(356,'','2013-11-15 23:56:05','2013-11-18 22:25:25','municipality',NULL,NULL,NULL,''),(357,'','2013-11-15 23:56:05','2013-11-18 22:25:25','municipality',NULL,NULL,NULL,''),(358,'','2013-11-15 23:56:05','2013-11-18 22:25:25','municipality',NULL,NULL,NULL,''),(359,'','2013-11-15 23:56:05','2013-11-18 22:25:25','municipality',NULL,NULL,NULL,''),(360,'','2013-11-15 23:56:05','2013-11-18 22:25:25','municipality',NULL,NULL,NULL,''),(361,'','2013-11-15 23:56:05','2013-11-18 22:25:25','municipality',NULL,NULL,NULL,''),(362,'','2013-11-15 23:56:05','2013-11-18 22:25:25','municipality',NULL,NULL,NULL,''),(363,'','2013-11-15 23:56:05','2013-11-18 22:25:25','municipality',NULL,NULL,NULL,''),(364,'','2013-11-15 23:56:05','2013-11-18 22:25:25','municipality',NULL,NULL,NULL,''),(365,'','2013-11-15 23:56:05','2013-11-18 22:25:25','municipality',NULL,NULL,NULL,''),(366,'','2013-11-15 23:56:05','2013-11-18 22:25:25','municipality',NULL,NULL,NULL,''),(367,'','2013-11-15 23:56:05','2013-11-18 22:25:25','municipality',NULL,NULL,NULL,''),(368,'','2013-11-15 23:56:05','2013-11-18 22:25:25','municipality',NULL,NULL,NULL,''),(369,'','2013-11-15 23:56:05','2013-11-18 22:25:25','municipality',NULL,NULL,NULL,''),(370,'','2013-11-15 23:56:05','2013-11-18 22:25:25','municipality',NULL,NULL,NULL,''),(371,'','2013-11-15 23:56:05','2013-11-18 22:25:25','municipality',NULL,NULL,NULL,''),(372,'','2013-11-15 23:56:05','2013-11-18 22:25:25','municipality',NULL,NULL,NULL,''),(373,'','2013-11-15 23:56:05','2013-11-18 22:25:25','municipality',NULL,NULL,NULL,''),(374,'','2013-11-15 23:56:05','2013-11-18 22:25:25','municipality',NULL,NULL,NULL,''),(375,'','2013-11-15 23:56:05','2013-11-18 22:25:25','municipality',NULL,NULL,NULL,''),(376,'','2013-11-15 23:56:05','2013-11-18 22:25:25','municipality',NULL,NULL,NULL,''),(377,'','2013-11-15 23:56:05','2013-11-18 22:25:25','municipality',NULL,NULL,NULL,''),(378,'','2013-11-15 23:56:05','2013-11-18 22:25:25','municipality',NULL,NULL,NULL,''),(379,'','2013-11-15 23:56:05','2013-11-18 22:25:25','municipality',NULL,NULL,NULL,''),(380,'','2013-11-15 23:56:05','2013-11-18 22:25:25','municipality',NULL,NULL,NULL,''),(381,'','2013-11-15 23:56:05','2013-11-18 22:25:25','municipality',NULL,NULL,NULL,''),(382,'','2013-11-15 23:56:05','2013-11-18 22:25:25','municipality',NULL,NULL,NULL,''),(383,'','2013-11-15 23:56:05','2013-11-18 22:25:25','municipality',NULL,NULL,NULL,''),(384,'','2013-11-15 23:56:05','2013-11-18 22:25:25','municipality',NULL,NULL,NULL,''),(385,'','2013-11-15 23:56:05','2013-11-18 22:25:25','municipality',NULL,NULL,NULL,''),(386,'','2013-11-15 23:56:05','2013-11-18 22:25:25','municipality',NULL,NULL,NULL,''),(387,'','2013-11-15 23:56:05','2013-11-18 22:25:25','municipality',NULL,NULL,NULL,''),(388,'','2013-11-15 23:56:05','2013-11-18 22:25:25','municipality',NULL,NULL,NULL,''),(389,'','2013-11-15 23:56:05','2013-11-18 22:25:25','municipality',NULL,NULL,NULL,''),(390,'','2013-11-15 23:56:05','2013-11-18 22:25:25','municipality',NULL,NULL,NULL,''),(391,'','2013-11-15 23:56:05','2013-11-18 22:25:25','municipality',NULL,NULL,NULL,''),(392,'','2013-11-15 23:56:05','2013-11-18 22:25:25','municipality',NULL,NULL,NULL,''),(393,'','2013-11-15 23:56:05','2013-11-18 22:25:25','municipality',NULL,NULL,NULL,''),(394,'','2013-11-15 23:56:05','2013-11-18 22:25:25','municipality',NULL,NULL,NULL,''),(395,'','2013-11-15 23:56:05','2013-11-18 22:25:25','municipality',NULL,NULL,NULL,''),(396,'','2013-11-15 23:56:05','2013-11-18 22:25:25','municipality',NULL,NULL,NULL,''),(397,'','2013-11-15 23:56:05','2013-11-18 22:25:25','municipality',NULL,NULL,NULL,''),(398,'','2013-11-15 23:56:05','2013-11-18 22:25:25','municipality',NULL,NULL,NULL,''),(399,'','2013-11-15 23:56:05','2013-11-18 22:25:25','municipality',NULL,NULL,NULL,''),(400,'','2013-11-15 23:56:05','2013-11-18 22:25:25','municipality',NULL,NULL,NULL,''),(401,'','2013-11-15 23:56:05','2013-11-18 22:25:25','municipality',NULL,NULL,NULL,''),(402,'','2013-11-15 23:56:05','2013-11-18 22:25:25','municipality',NULL,NULL,NULL,''),(403,'','2013-11-15 23:56:05','2013-11-18 22:25:25','municipality',NULL,NULL,NULL,''),(404,'','2013-11-15 23:56:05','2013-11-18 22:25:25','municipality',NULL,NULL,NULL,''),(405,'','2013-11-15 23:56:05','2013-11-18 22:25:25','municipality',NULL,NULL,NULL,''),(406,'','2013-11-15 23:56:05','2013-11-18 22:25:25','municipality',NULL,NULL,NULL,''),(407,'','2013-11-15 23:56:05','2013-11-18 22:25:25','municipality',NULL,NULL,NULL,''),(408,'','2013-11-15 23:56:05','2013-11-18 22:25:25','municipality',NULL,NULL,NULL,''),(409,'','2013-11-15 23:56:05','2013-11-18 22:25:25','municipality',NULL,NULL,NULL,''),(410,'','2013-11-15 23:56:05','2013-11-18 22:25:25','municipality',NULL,NULL,NULL,''),(411,'','2013-11-15 23:56:05','2013-11-18 22:25:25','municipality',NULL,NULL,NULL,''),(412,'','2013-11-15 23:56:05','2013-11-18 22:25:25','municipality',NULL,NULL,NULL,''),(413,'','2013-11-15 23:56:05','2013-11-18 22:25:25','municipality',NULL,NULL,NULL,''),(414,'','2013-11-15 23:56:05','2013-11-18 22:25:25','municipality',NULL,NULL,NULL,''),(415,'','2013-11-15 23:56:05','2013-11-18 22:25:25','municipality',NULL,NULL,NULL,''),(416,'','2013-11-15 23:56:05','2013-11-18 22:25:25','municipality',NULL,NULL,NULL,''),(417,'','2013-11-15 23:56:05','2013-11-18 22:25:25','municipality',NULL,NULL,NULL,''),(418,'','2013-11-15 23:56:05','2013-11-18 22:25:25','municipality',NULL,NULL,NULL,''),(419,'','2013-11-15 23:56:05','2013-11-18 22:25:25','municipality',NULL,NULL,NULL,''),(420,'','2013-11-15 23:56:05','2013-11-18 22:25:25','municipality',NULL,NULL,NULL,''),(421,'','2013-11-15 23:56:05','2013-11-18 22:25:25','municipality',NULL,NULL,NULL,''),(422,'','2013-11-15 23:56:05','2013-11-18 22:25:25','municipality',NULL,NULL,NULL,''),(423,'','2013-11-15 23:56:05','2013-11-18 22:25:25','municipality',NULL,NULL,NULL,''),(424,'','2013-11-15 23:56:05','2013-11-18 22:25:25','municipality',NULL,NULL,NULL,''),(425,'','2013-11-15 23:56:05','2013-11-18 22:25:25','municipality',NULL,NULL,NULL,''),(426,'','2013-11-15 23:56:05','2013-11-18 22:25:25','municipality',NULL,NULL,NULL,''),(427,'','2013-11-15 23:56:05','2013-11-18 22:25:25','municipality',NULL,NULL,NULL,''),(428,'','2013-11-15 23:56:05','2013-11-18 22:25:25','municipality',NULL,NULL,NULL,''),(429,'','2013-11-15 23:56:05','2013-11-18 22:25:25','municipality',NULL,NULL,NULL,''),(430,'','2013-11-15 23:56:05','2013-11-18 22:25:25','municipality',NULL,NULL,NULL,''),(431,'','2013-11-15 23:56:05','2013-11-18 22:25:25','municipality',NULL,NULL,NULL,''),(432,'','2013-11-15 23:56:05','2013-11-18 22:25:25','municipality',NULL,NULL,NULL,''),(433,'','2013-11-15 23:56:05','2013-11-18 22:25:25','municipality',NULL,NULL,NULL,''),(434,'','2013-11-15 23:56:05','2013-11-18 22:25:25','municipality',NULL,NULL,NULL,''),(435,'','2013-11-15 23:56:05','2013-11-18 22:25:25','municipality',NULL,NULL,NULL,''),(436,'','2013-11-15 23:56:05','2013-11-18 22:25:25','municipality',NULL,NULL,NULL,''),(437,'','2013-11-15 23:56:05','2013-11-18 22:25:25','municipality',NULL,NULL,NULL,''),(438,'','2013-11-15 23:56:05','2013-11-18 22:25:25','municipality',NULL,NULL,NULL,''),(439,'','2013-11-15 23:56:05','2013-11-18 22:25:25','municipality',NULL,NULL,NULL,''),(440,'','2013-11-15 23:56:05','2013-11-18 22:25:25','municipality',NULL,NULL,NULL,''),(441,'','2013-11-15 23:56:05','2013-11-18 22:25:25','municipality',NULL,NULL,NULL,''),(442,'','2013-11-15 23:56:05','2013-11-18 22:25:25','municipality',NULL,NULL,NULL,''),(443,'','2013-11-15 23:56:05','2013-11-18 22:25:25','municipality',NULL,NULL,NULL,''),(444,'','2013-11-15 23:56:05','2013-11-18 22:25:25','municipality',NULL,NULL,NULL,''),(445,'','2013-11-15 23:56:05','2013-11-18 22:25:25','municipality',NULL,NULL,NULL,''),(446,'','2013-11-15 23:56:05','2013-11-18 22:25:25','municipality',NULL,NULL,NULL,''),(447,'','2013-11-15 23:56:05','2013-11-18 22:25:25','municipality',NULL,NULL,NULL,''),(448,'','2013-11-15 23:56:05','2013-11-18 22:25:25','municipality',NULL,NULL,NULL,''),(449,'','2013-11-15 23:56:05','2013-11-18 22:25:25','municipality',NULL,NULL,NULL,''),(450,'','2013-11-15 23:56:05','2013-11-18 22:25:25','municipality',NULL,NULL,NULL,''),(451,'','2013-11-15 23:56:05','2013-11-18 22:25:25','municipality',NULL,NULL,NULL,''),(452,'','2013-11-15 23:56:05','2013-11-18 22:25:25','municipality',NULL,NULL,NULL,''),(453,'','2013-11-15 23:56:05','2013-11-18 22:25:25','municipality',NULL,NULL,NULL,''),(454,'','2013-11-15 23:56:05','2013-11-18 22:25:25','municipality',NULL,NULL,NULL,''),(455,'','2013-11-15 23:56:05','2013-11-18 22:25:25','municipality',NULL,NULL,NULL,''),(456,'','2013-11-15 23:56:05','2013-11-18 22:25:25','municipality',NULL,NULL,NULL,''),(457,'','2013-11-15 23:56:05','2013-11-18 22:25:25','municipality',NULL,NULL,NULL,''),(458,'','2013-11-15 23:56:05','2013-11-18 22:25:25','municipality',NULL,NULL,NULL,''),(459,'','2013-11-15 23:56:05','2013-11-18 22:25:25','municipality',NULL,NULL,NULL,''),(460,'','2013-11-15 23:56:05','2013-11-18 22:25:25','municipality',NULL,NULL,NULL,''),(461,'','2013-11-15 23:56:05','2013-11-18 22:25:25','municipality',NULL,NULL,NULL,''),(462,'','2013-11-15 23:56:05','2013-11-18 22:25:25','municipality',NULL,NULL,NULL,''),(463,'','2013-11-15 23:56:05','2013-11-18 22:25:25','municipality',NULL,NULL,NULL,''),(464,'','2013-11-15 23:56:05','2013-11-18 22:25:25','municipality',NULL,NULL,NULL,''),(465,'','2013-11-15 23:56:05','2013-11-18 22:25:25','municipality',NULL,NULL,NULL,''),(466,'','2013-11-15 23:56:05','2013-11-18 22:25:25','municipality',NULL,NULL,NULL,''),(467,'','2013-11-15 23:56:05','2013-11-18 22:25:25','municipality',NULL,NULL,NULL,''),(468,'','2013-11-15 23:56:05','2013-11-18 22:25:25','municipality',NULL,NULL,NULL,''),(469,'','2013-11-15 23:56:05','2013-11-18 22:25:25','municipality',NULL,NULL,NULL,''),(470,'','2013-11-15 23:56:05','2013-11-18 22:25:25','municipality',NULL,NULL,NULL,''),(471,'','2013-11-15 23:56:05','2013-11-18 22:25:25','municipality',NULL,NULL,NULL,''),(472,'','2013-11-15 23:56:05','2013-11-18 22:25:25','municipality',NULL,NULL,NULL,''),(473,'','2013-11-15 23:56:05','2013-11-18 22:25:25','municipality',NULL,NULL,NULL,''),(474,'','2013-11-15 23:56:05','2013-11-18 22:25:25','municipality',NULL,NULL,NULL,''),(475,'','2013-11-15 23:56:05','2013-11-18 22:25:25','municipality',NULL,NULL,NULL,''),(476,'','2013-11-15 23:56:05','2013-11-18 22:25:25','municipality',NULL,NULL,NULL,''),(477,'','2013-11-15 23:56:05','2013-11-18 22:25:25','municipality',NULL,NULL,NULL,''),(478,'','2013-11-15 23:56:05','2013-11-18 22:25:25','municipality',NULL,NULL,NULL,''),(479,'','2013-11-15 23:56:05','2013-11-18 22:25:25','municipality',NULL,NULL,NULL,''),(480,'','2013-11-15 23:56:05','2013-11-18 22:25:25','municipality',NULL,NULL,NULL,''),(481,'','2013-11-15 23:56:05','2013-11-18 22:25:25','municipality',NULL,NULL,NULL,''),(482,'','2013-11-15 23:56:05','2013-11-18 22:25:25','municipality',NULL,NULL,NULL,''),(483,'','2013-11-15 23:56:05','2013-11-18 22:25:25','municipality',NULL,NULL,NULL,''),(484,'','2013-11-15 23:56:05','2013-11-18 22:25:25','municipality',NULL,NULL,NULL,''),(485,'','2013-11-15 23:56:05','2013-11-18 22:25:25','municipality',NULL,NULL,NULL,''),(486,'','2013-11-15 23:56:05','2013-11-18 22:25:25','municipality',NULL,NULL,NULL,''),(487,'','2013-11-15 23:56:05','2013-11-18 22:25:25','municipality',NULL,NULL,NULL,''),(488,'','2013-11-15 23:56:05','2013-11-18 22:25:25','municipality',NULL,NULL,NULL,''),(489,'','2013-11-15 23:56:05','2013-11-18 22:25:25','municipality',NULL,NULL,NULL,''),(490,'','2013-11-15 23:56:05','2013-11-18 22:25:25','municipality',NULL,NULL,NULL,''),(491,'','2013-11-15 23:56:05','2013-11-18 22:25:25','municipality',NULL,NULL,NULL,''),(492,'','2013-11-15 23:56:05','2013-11-18 22:25:25','municipality',NULL,NULL,NULL,''),(493,'','2013-11-15 23:56:05','2013-11-18 22:25:25','municipality',NULL,NULL,NULL,''),(494,'','2013-11-15 23:56:05','2013-11-18 22:25:25','municipality',NULL,NULL,NULL,''),(495,'','2013-11-15 23:56:05','2013-11-18 22:25:25','municipality',NULL,NULL,NULL,''),(496,'','2013-11-15 23:56:05','2013-11-18 22:25:25','municipality',NULL,NULL,NULL,''),(497,'','2013-11-15 23:56:05','2013-11-18 22:25:25','municipality',NULL,NULL,NULL,''),(498,'','2013-11-15 23:56:05','2013-11-18 22:25:25','municipality',NULL,NULL,NULL,''),(499,'','2013-11-15 23:56:05','2013-11-18 22:25:25','municipality',NULL,NULL,NULL,''),(500,'','2013-11-15 23:56:05','2013-11-18 22:25:25','municipality',NULL,NULL,NULL,''),(501,'','2013-11-15 23:56:05','2013-11-18 22:25:25','municipality',NULL,NULL,NULL,''),(502,'','2013-11-15 23:56:05','2013-11-18 22:25:25','municipality',NULL,NULL,NULL,''),(503,'','2013-11-15 23:56:05','2013-11-18 22:25:25','municipality',NULL,NULL,NULL,''),(504,'','2013-11-15 23:56:05','2013-11-18 22:25:25','municipality',NULL,NULL,NULL,''),(505,'','2013-11-15 23:56:05','2013-11-18 22:25:25','municipality',NULL,NULL,NULL,''),(506,'','2013-11-15 23:56:05','2013-11-18 22:25:25','municipality',NULL,NULL,NULL,''),(507,'','2013-11-15 23:56:05','2013-11-18 22:25:25','municipality',NULL,NULL,NULL,''),(508,'','2013-11-15 23:56:05','2013-11-18 22:25:25','municipality',NULL,NULL,NULL,''),(509,'','2013-11-15 23:56:05','2013-11-18 22:25:25','municipality',NULL,NULL,NULL,''),(510,'','2013-11-15 23:56:05','2013-11-18 22:25:25','municipality',NULL,NULL,NULL,''),(511,'','2013-11-15 23:56:05','2013-11-18 22:25:25','municipality',NULL,NULL,NULL,''),(512,'','2013-11-15 23:56:05','2013-11-18 22:25:25','municipality',NULL,NULL,NULL,''),(513,'','2013-11-15 23:56:05','2013-11-18 22:25:25','municipality',NULL,NULL,NULL,''),(514,'','2013-11-15 23:56:05','2013-11-18 22:25:25','municipality',NULL,NULL,NULL,''),(515,'','2013-11-15 23:56:05','2013-11-18 22:25:25','municipality',NULL,NULL,NULL,''),(516,'','2013-11-15 23:56:05','2013-11-18 22:25:25','municipality',NULL,NULL,NULL,''),(517,'','2013-11-15 23:56:05','2013-11-18 22:25:25','municipality',NULL,NULL,NULL,''),(518,'','2013-11-15 23:56:05','2013-11-18 22:25:25','municipality',NULL,NULL,NULL,''),(519,'','2013-11-15 23:56:05','2013-11-18 22:25:25','municipality',NULL,NULL,NULL,''),(520,'','2013-11-15 23:56:05','2013-11-18 22:25:25','municipality',NULL,NULL,NULL,''),(521,'','2013-11-15 23:56:05','2013-11-18 22:25:25','municipality',NULL,NULL,NULL,''),(522,'','2013-11-15 23:56:05','2013-11-18 22:25:25','municipality',NULL,NULL,NULL,''),(523,'','2013-11-15 23:56:05','2013-11-18 22:25:25','municipality',NULL,NULL,NULL,''),(524,'','2013-11-15 23:56:05','2013-11-18 22:25:25','municipality',NULL,NULL,NULL,''),(525,'','2013-11-15 23:56:05','2013-11-18 22:25:25','municipality',NULL,NULL,NULL,''),(526,'','2013-11-15 23:56:05','2013-11-18 22:25:25','municipality',NULL,NULL,NULL,''),(527,'','2013-11-15 23:56:05','2013-11-18 22:25:25','municipality',NULL,NULL,NULL,''),(528,'','2013-11-15 23:56:05','2013-11-18 22:25:25','municipality',NULL,NULL,NULL,''),(529,'','2013-11-15 23:56:05','2013-11-18 22:25:25','municipality',NULL,NULL,NULL,''),(530,'','2013-11-15 23:56:05','2013-11-18 22:25:25','municipality',NULL,NULL,NULL,''),(531,'','2013-11-15 23:56:05','2013-11-18 22:25:25','municipality',NULL,NULL,NULL,''),(532,'','2013-11-15 23:56:05','2013-11-18 22:25:25','municipality',NULL,NULL,NULL,''),(533,'','2013-11-15 23:56:05','2013-11-18 22:25:25','municipality',NULL,NULL,NULL,''),(534,'','2013-11-15 23:56:05','2013-11-18 22:25:25','municipality',NULL,NULL,NULL,''),(535,'','2013-11-15 23:56:05','2013-11-18 22:25:25','municipality',NULL,NULL,NULL,''),(536,'','2013-11-15 23:56:05','2013-11-18 22:25:25','municipality',NULL,NULL,NULL,''),(537,'','2013-11-15 23:56:05','2013-11-18 22:25:25','municipality',NULL,NULL,NULL,''),(538,'','2013-11-15 23:56:05','2013-11-18 22:25:25','municipality',NULL,NULL,NULL,''),(539,'','2013-11-15 23:56:05','2013-11-18 22:25:25','municipality',NULL,NULL,NULL,''),(540,'','2013-11-15 23:56:05','2013-11-18 22:25:25','municipality',NULL,NULL,NULL,''),(541,'','2013-11-15 23:56:05','2013-11-18 22:25:25','municipality',NULL,NULL,NULL,''),(542,'','2013-11-15 23:56:05','2013-11-18 22:25:25','municipality',NULL,NULL,NULL,''),(543,'','2013-11-15 23:56:05','2013-11-18 22:25:25','municipality',NULL,NULL,NULL,''),(544,'','2013-11-15 23:56:05','2013-11-18 22:25:25','municipality',NULL,NULL,NULL,''),(545,'','2013-11-15 23:56:05','2013-11-18 22:25:25','municipality',NULL,NULL,NULL,''),(546,'','2013-11-15 23:56:05','2013-11-18 22:25:25','municipality',NULL,NULL,NULL,''),(547,'','2013-11-15 23:56:05','2013-11-18 22:25:25','municipality',NULL,NULL,NULL,''),(548,'','2013-11-15 23:56:05','2013-11-18 22:25:25','municipality',NULL,NULL,NULL,''),(549,'','2013-11-15 23:56:05','2013-11-18 22:25:25','municipality',NULL,NULL,NULL,''),(550,'','2013-11-15 23:56:05','2013-11-18 22:25:25','municipality',NULL,NULL,NULL,''),(551,'','2013-11-15 23:56:05','2013-11-18 22:25:25','municipality',NULL,NULL,NULL,''),(552,'','2013-11-15 23:56:05','2013-11-18 22:25:25','municipality',NULL,NULL,NULL,''),(553,'','2013-11-15 23:56:05','2013-11-18 22:25:25','municipality',NULL,NULL,NULL,''),(554,'','2013-11-15 23:56:05','2013-11-18 22:25:25','municipality',NULL,NULL,NULL,''),(555,'','2013-11-15 23:56:05','2013-11-18 22:25:25','municipality',NULL,NULL,NULL,''),(556,'','2013-11-15 23:56:05','2013-11-18 22:25:25','municipality',NULL,NULL,NULL,''),(557,'','2013-11-15 23:56:05','2013-11-18 22:25:25','municipality',NULL,NULL,NULL,''),(558,'','2013-11-15 23:56:05','2013-11-18 22:25:25','municipality',NULL,NULL,NULL,''),(559,'','2013-11-15 23:56:05','2013-11-18 22:25:25','municipality',NULL,NULL,NULL,''),(560,'','2013-11-15 23:56:05','2013-11-18 22:25:25','municipality',NULL,NULL,NULL,''),(561,'','2013-11-15 23:56:05','2013-11-18 22:25:25','municipality',NULL,NULL,NULL,''),(562,'','2013-11-15 23:56:05','2013-11-18 22:25:25','municipality',NULL,NULL,NULL,''),(563,'','2013-11-15 23:56:05','2013-11-18 22:25:25','municipality',NULL,NULL,NULL,''),(564,'','2013-11-15 23:56:05','2013-11-18 22:25:25','municipality',NULL,NULL,NULL,''),(565,'','2013-11-15 23:56:05','2013-11-18 22:25:25','municipality',NULL,NULL,NULL,''),(566,'','2013-11-15 23:56:05','2013-11-18 22:25:25','municipality',NULL,NULL,NULL,''),(567,'','2013-11-15 23:56:05','2013-11-18 22:25:25','municipality',NULL,NULL,NULL,''),(568,'','2013-11-15 23:56:05','2013-11-18 22:25:25','municipality',NULL,NULL,NULL,''),(569,'','2013-11-15 23:56:05','2013-11-18 22:25:25','municipality',NULL,NULL,NULL,''),(570,'','2013-11-15 23:56:05','2013-11-18 22:25:25','municipality',NULL,NULL,NULL,''),(571,'','2013-11-15 23:56:05','2013-11-18 22:25:25','municipality',NULL,NULL,NULL,''),(572,'','2013-11-15 23:56:05','2013-11-18 22:25:25','municipality',NULL,NULL,NULL,''),(573,'','2013-11-15 23:56:05','2013-11-18 22:25:25','municipality',NULL,NULL,NULL,''),(574,'','2013-11-15 23:56:05','2013-11-18 22:25:25','municipality',NULL,NULL,NULL,''),(575,'','2013-11-15 23:56:05','2013-11-18 22:25:25','municipality',NULL,NULL,NULL,''),(576,'','2013-11-15 23:56:05','2013-11-18 22:25:25','municipality',NULL,NULL,NULL,''),(577,'','2013-11-15 23:56:05','2013-11-18 22:25:25','municipality',NULL,NULL,NULL,''),(578,'','2013-11-15 23:56:05','2013-11-18 22:25:25','municipality',NULL,NULL,NULL,''),(579,'','2013-11-15 23:56:05','2013-11-18 22:25:25','municipality',NULL,NULL,NULL,''),(580,'','2013-11-15 23:56:05','2013-11-18 22:25:25','municipality',NULL,NULL,NULL,''),(581,'','2013-11-15 23:56:05','2013-11-18 22:25:25','municipality',NULL,NULL,NULL,''),(582,'','2013-11-15 23:56:05','2013-11-18 22:25:25','municipality',NULL,NULL,NULL,''),(583,'','2013-11-15 23:56:05','2013-11-18 22:25:25','municipality',NULL,NULL,NULL,''),(584,'','2013-11-15 23:56:05','2013-11-18 22:25:25','municipality',NULL,NULL,NULL,''),(585,'','2013-11-15 23:56:05','2013-11-18 22:25:25','municipality',NULL,NULL,NULL,''),(586,'','2013-11-15 23:56:05','2013-11-18 22:25:25','municipality',NULL,NULL,NULL,''),(587,'','2013-11-15 23:56:05','2013-11-18 22:25:25','municipality',NULL,NULL,NULL,''),(588,'','2013-11-15 23:56:05','2013-11-18 22:25:25','municipality',NULL,NULL,NULL,''),(589,'','2013-11-15 23:56:05','2013-11-18 22:25:25','municipality',NULL,NULL,NULL,''),(590,'','2013-11-15 23:56:05','2013-11-18 22:25:25','municipality',NULL,NULL,NULL,''),(593,'','2013-11-16 14:33:19','2013-11-18 22:25:25','municipality',NULL,NULL,NULL,'Capiz'),(594,'','2013-11-16 16:43:32','2013-11-18 22:25:26','barangay',896,195,NULL,'Sudlonon'),(595,'11.150395222462,124.9781392911','2013-11-17 09:03:46','2013-11-21 20:53:59','municipality',1163,253,NULL,'Palo'),(596,'','2013-11-17 09:04:02','2013-11-18 22:25:25','municipality',NULL,NULL,NULL,'Kapookan'),(598,'','2013-11-17 09:04:54','2013-11-18 22:25:25','province',NULL,NULL,NULL,'Biliran'),(599,'10.78247948170,124.01643307900','2013-11-18 23:16:03','2013-11-21 20:53:59','barangay',3147,684,NULL,'Tabunok'),(600,'11.15573043920,123.80047204100','2013-11-18 23:20:20','2013-11-21 20:53:59','barangay',2345,510,NULL,'Poblacion'),(603,'10.74565013820,124.00020878400','2013-11-18 23:32:38','2013-11-21 20:53:59','barangay',3086,671,NULL,'Poblacion'),(604,'10.78943415970,123.98533288200','2013-11-18 23:33:13','2013-11-21 20:53:59','barangay',1056,230,NULL,'Dakit'),(605,'10.87724428140,123.95611337400','2013-11-18 23:33:40','2013-11-21 20:53:59','barangay',664,144,NULL,'San Jose'),(606,'10.83787675660,124.01711716700','2013-11-18 23:34:31','2013-11-21 20:53:59','barangay',4258,926,NULL,'Poblacion'),(607,'11.25076792170,124.00127263000','2013-11-18 23:35:00','2013-11-21 20:53:59','barangay',7144,1553,NULL,'Poblacion'),(608,'10.87826624290,123.99785819000','2013-11-18 23:35:22','2013-11-21 20:53:59','barangay',1388,302,NULL,'Managase'),(609,'11.24584258200,124.05528180400','2013-11-18 23:35:33','2013-11-21 20:53:59','barangay',3802,827,NULL,'Talisay'),(610,'10.86667313960,123.91604089200','2013-11-18 23:36:19','2013-11-21 20:53:59','barangay',401,87,NULL,'Villahermosa'),(611,'10.81636573010,123.87236059200','2013-11-18 23:37:14','2013-11-21 20:53:59','barangay',4796,1043,NULL,'Poblacion'),(612,'10.96968687550,124.02005321700','2013-11-18 23:38:10','2013-11-21 20:53:59','barangay',616,134,NULL,'San Isidro'),(613,'10.94360421690,124.02660830900','2013-11-18 23:38:40','2013-11-21 20:53:59','barangay',1228,267,NULL,'Poblacion'),(614,'11.13430226420,123.96228491700','2013-11-18 23:39:20','2013-11-21 20:53:59','barangay',4617,1004,NULL,'Poblacion'),(615,'10.63757632540,124.46990339700','2013-11-18 23:39:28','2013-11-21 20:53:59','barangay',696,151,NULL,'Southern Poblacion'),(616,'10.64154429460,124.47063585400','2013-11-18 23:40:16','2013-11-21 20:53:59','barangay',264,57,NULL,'Northern Poblacion'),(617,'10.64369038050,124.36535321100','2013-11-18 23:40:40','2013-11-21 20:53:59','barangay',2292,498,NULL,'Western Poblacion'),(618,'10.62268864420,124.35590354200','2013-11-18 23:41:00','2013-11-21 20:53:59','barangay',3668,797,NULL,'San Isidro'),(619,'10.69853369720,124.32043118700','2013-11-18 23:41:24','2013-11-21 20:53:59','barangay',5629,1224,NULL,'Esperanza'),(620,'10.63662703370,124.43647733700','2013-11-18 23:41:41','2013-11-21 20:53:59','barangay',1276,277,NULL,'Libertad'),(621,'10.69450346730,124.41720217900','2013-11-18 23:42:04','2013-11-21 20:53:59','barangay',3131,681,NULL,'Esperanza'),(622,'11.08391292280,123.93945737400','2013-11-18 23:42:39','2013-11-21 20:53:59','barangay',4309,937,NULL,'Poblacion'),(623,'10.74618130750,124.50084845300','2013-11-18 23:42:50','2013-11-21 20:53:59','barangay',990,215,NULL,'Lanao'),(624,'10.77319926030,124.52017069500','2013-11-18 23:43:37','2013-11-21 20:53:59','barangay',781,170,NULL,'Dapdap'),(625,'','2013-11-18 23:43:51','2013-11-18 23:43:51','barangay',896,195,NULL,'Sudlonon'),(626,'','2013-11-18 23:44:08','2013-11-18 23:44:08','barangay',3930,854,NULL,'Taytayan'),(627,'','2013-11-18 23:46:17','2013-11-18 23:46:17','barangay',2784,605,NULL,'Malingin'),(629,'10.685277271431,125.02756434773','2013-11-19 15:24:41','2013-11-21 20:53:59','municipality',235,51,NULL,'Abuyog'),(630,'11.213374700187,124.86032459274','2013-11-19 15:32:42','2013-11-21 20:53:59','municipality',564,123,NULL,'Alangalang'),(631,'10.917468346309,124.71864188736','2013-11-19 15:35:51','2013-11-21 20:53:59','municipality',899,195,NULL,'Albuera'),(632,'11.392316192448,124.90431578905','2013-11-19 15:36:06','2013-11-21 20:53:59','municipality',413,83,NULL,'Babatngon'),(633,'11.310061594446,124.75885181383','2013-11-19 15:36:20','2013-11-21 20:53:59','municipality',1178,256,NULL,'Barugo'),(634,'10.330071877556,124.8278264724','2013-11-19 15:36:33','2013-11-21 20:53:59','municipality',1252,272,NULL,'Bato'),(635,'','2013-11-19 15:36:47','2013-11-20 23:20:40','municipality',388,84,NULL,'Baybay City'),(636,'10.962001426873,124.87543603182','2013-11-19 15:37:02','2013-11-21 20:53:59','municipality',825,179,NULL,'Burauen'),(637,'11.473323540971,124.38466514531','2013-11-19 15:37:21','2013-11-21 20:53:59','municipality',688,150,NULL,'Calubian'),(638,'11.265918904779,124.69842711716','2013-11-19 15:37:36','2013-11-21 20:53:59','municipality',971,103,NULL,'Carigara'),(639,'11.065737585532,124.89634856121','2013-11-19 15:37:52','2013-11-21 20:53:59','municipality',899,195,NULL,'Dagami'),(640,'10.961233220325,125.0116325605','2013-11-19 15:38:09','2013-11-21 20:53:59','municipality',1031,224,NULL,'Dulag'),(641,'10.389442575166,124.79746873322','2013-11-19 15:38:27','2013-11-21 20:53:59','municipality',500,109,NULL,'Hilongos'),(642,'10.451224599672,124.76163739128','2013-11-19 15:38:41','2013-11-21 20:53:59','municipality',445,97,NULL,'Hindang'),(643,'10.517821610524,124.79822498324','2013-11-19 15:39:00','2013-11-21 20:53:59','municipality',595,129,NULL,'Inopacan'),(644,'10.920575886607,124.46689484114','2013-11-19 15:39:19','2013-11-21 20:53:59','municipality',562,122,NULL,'Isabel'),(645,'11.172388608791,124.78292257932','2013-11-19 15:39:37','2013-11-21 20:53:59','municipality',160,35,NULL,'Jaro'),(646,'','2013-11-19 15:39:53','2013-11-20 23:20:40','municipality',623,135,NULL,'Javier'),(647,'10.97610965005,124.9603430205','2013-11-19 15:40:08','2013-11-21 20:53:59','municipality',370,80,NULL,'Julita'),(649,'','2013-11-19 15:41:04','2013-11-20 23:20:40','municipality',1236,269,NULL,'Leyte (town)'),(650,'10.823728899417,124.95276908772','2013-11-19 15:41:14','2013-11-21 20:53:59','municipality',552,120,NULL,'MacArthur'),(651,'10.602974520033,124.96275913072','2013-11-19 15:41:26','2013-11-21 20:53:59','municipality',1652,359,NULL,'Mahaplag'),(652,'11.14546260625,124.47400696019','2013-11-19 15:41:42','2013-11-21 20:53:59','municipality',1892,411,NULL,'Matag-ob'),(653,'10.261191106719,124.80370914443','2013-11-19 15:42:02','2013-11-21 20:53:59','municipality',1142,248,NULL,'Matalom'),(654,'10.8805225137,124.98261857625','2013-11-19 15:42:16','2013-11-21 20:53:59','municipality',1102,240,NULL,'Mayorga'),(655,'10.933404443671,124.51748923443','2013-11-19 15:42:32','2013-11-21 20:53:59','municipality',840,183,NULL,'Merida'),(656,'11.029094845043,124.40895741289','2013-11-19 15:45:34','2013-11-21 20:53:59','municipality',902,196,NULL,'Palompon'),(657,'11.1269137096,124.8857855549','2013-11-19 15:45:48','2013-11-21 20:53:59','municipality',338,73,NULL,'Pastrana'),(658,'11.42822572629,124.3444851841','2013-11-19 15:46:01','2013-11-21 20:53:59','municipality',2615,568,NULL,'San Isidro'),(659,'11.324286579762,124.82958991469','2013-11-19 15:46:15','2013-11-21 20:53:59','municipality',546,119,NULL,'San Miguel'),(660,'','2013-11-19 15:46:38','2013-11-19 15:46:38','municipality',17427,3788,NULL,'Santa Fe'),(661,'11.305723237489,124.41290451567','2013-11-19 15:46:51','2013-11-21 20:53:59','municipality',1379,300,NULL,'Tabango'),(662,'11.046051799236,124.94988539507','2013-11-19 15:47:05','2013-11-21 20:53:59','municipality',533,116,NULL,'Tabontabon'),(663,'11.087103675865,124.99426010252','2013-11-19 15:47:21','2013-11-21 20:53:59','municipality',313,68,NULL,'Tanauan'),(664,'11.047478880955,125.02605405373','2013-11-19 15:47:33','2013-11-21 20:53:59','municipality',591,128,NULL,'Tolosa'),(665,'11.248954437367,124.76102802467','2013-11-19 15:47:43','2013-11-21 20:53:59','municipality',809,176,NULL,'Tunga'),(666,'11.201591691227,124.42363984204','2013-11-19 15:47:57','2013-11-21 20:53:59','municipality',1745,379,NULL,'Villaba'),(667,'10.894406383257,124.92691974114','2013-11-19 15:51:44','2013-11-21 20:53:59','municipality',554,120,NULL,'La Paz'),(669,'','2013-11-19 22:15:49','2013-11-20 23:20:40','municipality',48027,NULL,NULL,'Kananga, Leyte'),(670,'11.282554596238,124.58789392706','2013-11-19 22:15:49','2013-11-21 20:53:59','municipality',1451,315,NULL,'Capoocan'),(671,'10.64097930850,125.02883210900','2013-11-19 22:15:49','2013-11-21 20:53:59','barangay',235,51,NULL,'Alangilan'),(672,'10.60788332760,125.06022410100','2013-11-19 22:15:49','2013-11-21 20:53:59','barangay',330,72,NULL,'Anibongan'),(673,'10.71390487010,125.03898904400','2013-11-19 22:15:49','2013-11-21 20:53:59','barangay',314,68,NULL,'Bahay'),(674,'10.68149392700,124.94543056800','2013-11-19 22:15:49','2013-11-21 20:53:59','barangay',2242,487,NULL,'Balinsasayao'),(675,'10.74424026630,124.98232418500','2013-11-19 22:15:49','2013-11-21 20:53:59','barangay',1602,348,NULL,'Balocawe'),(676,'10.72636351030,124.97427504300','2013-11-19 22:15:49','2013-11-21 20:53:59','barangay',3439,748,NULL,'Balocawehay'),(677,'10.75104549870,124.99658432000','2013-11-19 22:15:49','2013-11-21 20:53:59','barangay',1307,284,NULL,'Barayong'),(678,'10.66435954690,125.00233419800','2013-11-19 22:15:49','2013-11-21 20:53:59','barangay',776,169,NULL,'Bayabas'),(679,'10.75336040290,125.00883616200','2013-11-19 22:15:49','2013-11-21 20:53:59','barangay',1943,422,NULL,'Bito (Pob.)'),(680,'10.69837866380,125.07589540800','2013-11-19 22:15:49','2013-11-21 20:53:59','barangay',713,155,NULL,'Buaya'),(681,'10.72985180450,125.02312008000','2013-11-19 22:15:49','2013-11-21 20:53:59','barangay',655,142,NULL,'Buenavista'),(682,'10.60976769390,125.11567337200','2013-11-19 22:15:49','2013-11-21 20:53:59','barangay',629,137,NULL,'Bulak'),(683,'10.76341966370,125.00672118900','2013-11-19 22:15:49','2013-11-21 20:53:59','barangay',1713,372,NULL,'Bunga'),(684,'10.74844520280,125.01090698800','2013-11-19 22:15:49','2013-11-21 20:53:59','barangay',2195,477,NULL,'Buntay (Pob.)'),(685,'10.69380381540,125.01185059300','2013-11-19 22:15:49','2013-11-21 20:53:59','barangay',716,156,NULL,'Burubud-an'),(686,'10.72740104460,125.01255110700','2013-11-19 22:15:49','2013-11-21 20:53:59','barangay',397,86,NULL,'Cadac-an'),(687,'10.65477022530,125.04035154000','2013-11-19 22:15:49','2013-11-21 20:53:59','barangay',2006,436,NULL,'Cagbolo'),(688,'10.74188133630,125.00717815000','2013-11-19 22:15:49','2013-11-21 20:53:59','barangay',412,90,NULL,'Can-aporong'),(689,'10.74022681000,125.01429579800','2013-11-19 22:15:49','2013-11-21 20:53:59','barangay',1661,361,NULL,'Can-uguib (Pob.)'),(690,'10.72682964560,124.99193726500','2013-11-19 22:15:49','2013-11-21 20:53:59','barangay',1100,239,NULL,'Canmarating'),(691,'10.70662312620,124.97484297100','2013-11-19 22:15:49','2013-11-21 20:53:59','barangay',907,197,NULL,'Capilian'),(692,'10.63062331220,125.05195449800','2013-11-19 22:15:49','2013-11-21 20:53:59','barangay',383,83,NULL,'Combis'),(693,'10.65226661230,125.01478552300','2013-11-19 22:15:49','2013-11-21 20:53:59','barangay',2323,140,NULL,'Dingle'),(694,'10.75659355950,125.00767318300','2013-11-19 22:15:49','2013-11-21 20:53:59','barangay',1234,268,NULL,'Guintagbucan (Pob.)'),(695,'10.67293948750,125.05135738700','2013-11-19 22:15:49','2013-11-21 20:53:59','barangay',1400,304,NULL,'Hampipila'),(696,'10.72826297870,124.96673416200','2013-11-19 22:15:49','2013-11-21 20:53:59','barangay',1078,234,NULL,'Katipunan'),(697,'10.62001390860,125.10319595800','2013-11-19 22:15:49','2013-11-21 20:53:59','barangay',587,128,NULL,'Kikilo'),(698,'10.66929351630,125.01929748300','2013-11-19 22:15:49','2013-11-21 20:53:59','barangay',244,53,NULL,'Laray'),(699,'10.72292284260,125.03498994500','2013-11-19 22:15:49','2013-11-21 20:53:59','barangay',355,77,NULL,'Lawa-an'),(700,'10.74414587320,125.01314008800','2013-11-19 22:15:49','2013-11-21 20:53:59','barangay',1190,259,NULL,'Loyonsawang (Pob.)'),(701,'10.73998256510,124.99824228300','2013-11-19 22:15:49','2013-11-21 20:53:59','barangay',269,58,NULL,'Mag-atubang'),(702,'10.64555388570,125.03624424100','2013-11-19 22:15:49','2013-11-21 20:53:59','barangay',448,97,NULL,'Mahagna (New Cagbolo)'),(703,'10.55233751060,125.06439520000','2013-11-19 22:15:49','2013-11-21 20:53:59','barangay',175,38,NULL,'Mahayahay'),(704,'10.68432003710,124.97548352300','2013-11-19 22:15:49','2013-11-21 20:53:59','barangay',471,102,NULL,'Maitum'),(705,'10.71025655250,125.07188739900','2013-11-19 22:15:49','2013-11-21 20:53:59','barangay',975,212,NULL,'Malaguicay'),(706,'10.68187158140,125.02295048500','2013-11-19 22:15:49','2013-11-21 20:53:59','barangay',601,131,NULL,'Matagnao'),(707,'10.74032384320,125.01704226900','2013-11-19 22:15:49','2013-11-21 20:53:59','barangay',773,168,NULL,'Nalibunan (Pob.)'),(708,'10.63330470390,125.06250566900','2013-11-19 22:15:49','2013-11-21 20:53:59','barangay',489,106,NULL,'Nebga'),(709,'10.58164857810,125.07366533100','2013-11-19 22:15:49','2013-11-21 20:53:59','barangay',388,84,NULL,'New Taligue'),(710,'10.71077951590,124.98824064000','2013-11-19 22:15:49','2013-11-21 20:53:59','barangay',712,155,NULL,'Odiongan'),(711,'10.56862810340,125.05258674600','2013-11-19 22:15:49','2013-11-21 20:53:59','barangay',359,78,NULL,'Old Taligue'),(712,'10.71271574010,125.00072378600','2013-11-19 22:15:49','2013-11-21 20:53:59','barangay',979,213,NULL,'Pagsang-an'),(713,'10.70530744240,124.95392045500','2013-11-19 22:15:49','2013-11-21 20:53:59','barangay',811,176,NULL,'Paguite'),(714,'10.61889601820,125.04644595700','2013-11-19 22:15:49','2013-11-21 20:53:59','barangay',679,148,NULL,'Parasanon'),(715,'10.68533185730,124.99471242500','2013-11-19 22:15:49','2013-11-21 20:53:59','barangay',616,134,NULL,'Picas Sur'),(716,'10.70344315010,125.04019198600','2013-11-19 22:15:49','2013-11-21 20:53:59','barangay',360,95,NULL,'Pilar'),(717,'10.54205411110,125.05563558700','2013-11-19 22:15:49','2013-11-21 20:53:59','barangay',585,127,NULL,'Pinamanagan'),(718,'10.69031518170,125.04478276200','2013-11-19 22:15:49','2013-11-21 20:53:59','barangay',674,147,NULL,'Salvacion'),(719,'10.69145869320,125.09251791200','2013-11-19 22:15:49','2013-11-21 20:53:59','barangay',1764,73,NULL,'San Francisco'),(720,'10.64101930810,125.09564518200','2013-11-19 22:15:49','2013-11-21 20:53:59','barangay',879,191,NULL,'San Roque'),(721,'10.73918975670,125.02038308900','2013-11-19 22:15:49','2013-11-21 20:53:59','barangay',1710,372,NULL,'Santa Fe (Pob.)'),(722,'10.65810450910,125.08297836800','2013-11-19 22:15:49','2013-11-21 20:53:59','barangay',319,69,NULL,'Santa Lucia (Pob.)'),(723,'10.73914758460,124.98622564900','2013-11-19 22:15:49','2013-11-21 20:53:59','barangay',1117,243,NULL,'Tabigue'),(724,'10.71035843940,125.00984361600','2013-11-19 22:15:49','2013-11-21 20:53:59','barangay',425,92,NULL,'Tadoc'),(725,'10.67675735850,125.09196447600','2013-11-19 22:15:49','2013-11-21 20:53:59','barangay',635,138,NULL,'Tib-o'),(726,'10.71482639580,125.02262455100','2013-11-19 22:15:49','2013-11-21 20:53:59','barangay',416,90,NULL,'Tinalian'),(727,'10.55867287860,125.07594511500','2013-11-19 22:15:49','2013-11-21 20:53:59','barangay',353,77,NULL,'Tinocolan'),(728,'10.63134385840,125.04333918400','2013-11-19 22:15:49','2013-11-21 20:53:59','barangay',709,154,NULL,'Tuy-a'),(729,'10.74131807290,125.01889021200','2013-11-19 22:15:49','2013-11-21 20:53:59','barangay',2630,572,NULL,'Victory (Pob.)'),(730,'11.16166575730,124.88389958100','2013-11-19 22:15:49','2013-11-21 20:53:59','barangay',564,123,NULL,'Aslum'),(731,'11.15776931940,124.86205278000','2013-11-19 22:15:49','2013-11-21 20:53:59','barangay',1030,224,NULL,'Astorga (Burabod)'),(732,'11.15513911660,124.84347504500','2013-11-19 22:15:49','2013-11-21 20:53:59','barangay',1252,50,NULL,'Bato'),(733,'11.21657403730,124.83651701000','2013-11-19 22:15:49','2013-11-21 20:53:59','barangay',2005,436,NULL,'Binongto-an'),(734,'11.24093129800,124.82920269300','2013-11-19 22:15:49','2013-11-21 20:53:59','barangay',509,111,NULL,'Binotong'),(735,'11.21283410840,124.84291398800','2013-11-19 22:15:49','2013-11-21 20:53:59','barangay',748,163,NULL,'Blumentritt (Pob.)'),(736,'11.19817723360,124.90153643000','2013-11-19 22:15:49','2013-11-21 20:53:59','barangay',794,173,NULL,'Bobonon'),(737,'11.26213862980,124.81974031900','2013-11-19 22:15:49','2013-11-21 20:53:59','barangay',1591,346,NULL,'Borseth'),(738,'11.25489596810,124.87832985900','2013-11-19 22:15:49','2013-11-21 20:53:59','barangay',1208,263,NULL,'Bugho'),(739,'11.18092586720,124.88164493200','2013-11-19 22:15:49','2013-11-21 20:53:59','barangay',267,58,NULL,'Buri'),(740,'11.25244622480,124.83591011100','2013-11-19 22:15:49','2013-11-21 20:53:59','barangay',1548,337,NULL,'Cabadsan'),(741,'11.23520752220,124.87094801000','2013-11-19 22:15:49','2013-11-21 20:53:59','barangay',703,153,NULL,'Calaasan'),(742,'11.16772504590,124.86371388000','2013-11-19 22:15:49','2013-11-21 20:53:59','barangay',721,157,NULL,'Cambahanon'),(743,'11.17061289190,124.85220432000','2013-11-19 22:15:49','2013-11-21 20:53:59','barangay',546,119,NULL,'Cambolao'),(744,'11.18901925460,124.88409208100','2013-11-19 22:15:49','2013-11-21 20:53:59','barangay',719,156,NULL,'Canvertudes'),(745,'11.19482906070,124.85321003700','2013-11-19 22:15:49','2013-11-21 20:53:59','barangay',552,120,NULL,'Capiz'),(746,'11.22062409550,124.83038918200','2013-11-19 22:15:49','2013-11-21 20:53:59','barangay',792,172,NULL,'Cavite'),(747,'11.18186093450,124.89001189700','2013-11-19 22:15:49','2013-11-21 20:53:59','barangay',664,144,NULL,'Cogon'),(748,'11.23318836650,124.88750817400','2013-11-19 22:15:49','2013-11-21 20:53:59','barangay',428,93,NULL,'Divisoria'),(749,'11.25798516480,124.85145743700','2013-11-19 22:15:49','2013-11-21 20:53:59','barangay',787,171,NULL,'Ekiran'),(750,'11.18152440670,124.89705896700','2013-11-19 22:15:49','2013-11-21 20:53:59','barangay',318,69,NULL,'Hinapolan'),(751,'11.20771210500,124.84251749700','2013-11-19 22:15:49','2013-11-21 20:53:59','barangay',1302,283,NULL,'Holy Child I (Pob.)'),(752,'11.20933967940,124.84485038300','2013-11-19 22:15:49','2013-11-21 20:53:59','barangay',632,137,NULL,'Holy Child II (Pob.)'),(753,'11.21915988800,124.84932669400','2013-11-19 22:15:49','2013-11-21 20:53:59','barangay',1290,280,NULL,'Hubang'),(754,'11.25244564290,124.81823561500','2013-11-19 22:15:49','2013-11-21 20:53:59','barangay',539,117,NULL,'Hupit'),(755,'11.22362405890,124.91426081100','2013-11-19 22:15:49','2013-11-21 20:53:59','barangay',644,140,NULL,'Langit'),(756,'11.19404682440,124.88775758400','2013-11-19 22:15:49','2013-11-21 20:53:59','barangay',1446,314,NULL,'Lingayon'),(757,'11.23526895470,124.81453993900','2013-11-19 22:15:49','2013-11-21 20:53:59','barangay',702,153,NULL,'Lourdes'),(758,'11.22879984280,124.83203675700','2013-11-19 22:15:49','2013-11-21 20:53:59','barangay',1004,218,NULL,'Lukay'),(759,'11.23459305330,124.90839591700','2013-11-19 22:15:49','2013-11-21 20:53:59','barangay',594,151,NULL,'Magsaysay'),(760,'11.20573506080,124.84755857900','2013-11-19 22:15:49','2013-11-21 20:53:59','barangay',929,202,NULL,'Milagrosa (Pob.)'),(761,'11.20217491170,124.86628855900','2013-11-19 22:15:49','2013-11-21 20:53:59','barangay',1960,426,NULL,'Mudboron'),(762,'11.22650904340,124.85865033500','2013-11-19 22:15:49','2013-11-21 20:53:59','barangay',1179,256,NULL,'P. Barrantes'),(763,'11.18178226320,124.86734672700','2013-11-19 22:15:49','2013-11-21 20:53:59','barangay',624,136,NULL,'Pe'),(764,'11.17582946680,124.87681060500','2013-11-19 22:15:49','2013-11-21 20:53:59','barangay',243,53,NULL,'Pepita'),(765,'11.21134499270,124.85182986100','2013-11-19 22:15:49','2013-11-21 20:54:00','barangay',1306,284,NULL,'Salvacion Poblacion'),(766,'11.21905729520,124.88953557300','2013-11-19 22:15:49','2013-11-21 20:53:59','barangay',1456,317,NULL,'San Antonio'),(767,'11.20523725030,124.85196434700','2013-11-19 22:15:49','2013-11-21 20:53:59','barangay',1505,327,NULL,'San Antonio Pob. (Patong Norte)'),(768,'11.22379981240,124.87766765400','2013-11-19 22:15:49','2013-11-21 20:53:59','barangay',959,208,NULL,'San Diego'),(769,'11.24134868700,124.85040074400','2013-11-19 22:15:49','2013-11-21 20:53:59','barangay',481,105,NULL,'San Francisco East'),(770,'11.22498373580,124.81060191000','2013-11-19 22:15:49','2013-11-21 20:53:59','barangay',389,85,NULL,'San Francisco West'),(771,'11.21503921840,124.87508150100','2013-11-19 22:15:49','2013-11-21 20:53:59','barangay',602,131,NULL,'San Pedro'),(772,'11.21206825640,124.84627129800','2013-11-19 22:15:49','2013-11-21 20:53:59','barangay',1238,269,NULL,'San Roque (Pob.)'),(773,'11.24844289480,124.80494810700','2013-11-19 22:15:49','2013-11-21 20:53:59','barangay',500,109,NULL,'Santol'),(774,'11.26617619620,124.90204729900','2013-11-19 22:15:49','2013-11-21 20:53:59','barangay',425,92,NULL,'Tabangohay'),(775,'11.19249886240,124.83965130900','2013-11-19 22:15:49','2013-11-21 20:53:59','barangay',542,118,NULL,'Tombo'),(776,'11.24551860810,124.91086352100','2013-11-19 22:15:49','2013-11-21 20:53:59','barangay',480,104,NULL,'Veteranos'),(777,'10.88755894920,124.71883647200','2013-11-19 22:15:49','2013-11-21 20:53:59','barangay',4191,911,NULL,'Balugo'),(778,'10.95136802500,124.68103359300','2013-11-19 22:15:49','2013-11-21 20:53:59','barangay',1954,425,NULL,'Benolho'),(779,'10.94248826520,124.68781738100','2013-11-19 22:15:49','2013-11-21 20:53:59','barangay',2120,461,NULL,'Cambalading'),(780,'10.87214358570,124.72514594800','2013-11-19 22:15:49','2013-11-21 20:53:59','barangay',3355,729,NULL,'Damula-an'),(781,'10.96067217230,124.73672637500','2013-11-19 22:15:49','2013-11-21 20:53:59','barangay',1095,238,NULL,'Do'),(782,'10.84872425020,124.75004797800','2013-11-19 22:15:49','2013-11-21 20:53:59','barangay',1071,233,NULL,'Mahayag'),(783,'10.94644202370,124.68509194000','2013-11-19 22:15:49','2013-11-21 20:53:59','barangay',1916,417,NULL,'Seguinon'),(784,'10.98646163540,124.75219217100','2013-11-19 22:15:49','2013-11-21 20:53:59','barangay',2049,445,NULL,'Sherwood'),(785,'10.89802052370,124.71678832600','2013-11-19 22:15:49','2013-11-21 20:53:59','barangay',2849,619,NULL,'Tabgas'),(786,'10.93709928860,124.69131465700','2013-11-19 22:15:49','2013-11-21 20:53:59','barangay',2546,553,NULL,'Talisayan'),(787,'10.86117309040,124.76006592000','2013-11-19 22:15:49','2013-11-21 20:53:59','barangay',2692,585,NULL,'Tinag-an'),(788,'11.39328186170,124.83175553400','2013-11-19 22:15:49','2013-11-21 20:53:59','barangay',382,83,NULL,'Bacong'),(789,'11.36187059590,124.92869600500','2013-11-19 22:15:49','2013-11-21 20:53:59','barangay',972,211,NULL,'Bagong Silang'),(790,'11.36408093470,124.95279711800','2013-11-19 22:15:49','2013-11-21 20:53:59','barangay',1646,358,NULL,'Gov. E. Jaro (Bagahupi)'),(791,'11.38965037950,124.96714887400','2013-11-19 22:15:49','2013-11-21 20:53:59','barangay',585,127,NULL,'Guintigui-an'),(792,'11.41280438460,124.94347717000','2013-11-19 22:15:49','2013-11-21 20:53:59','barangay',548,119,NULL,'Magcasuang'),(793,'11.39897159090,124.91600987400','2013-11-19 22:15:49','2013-11-21 20:53:59','barangay',1043,227,NULL,'Malibago'),(794,'11.38448264170,124.92012825400','2013-11-19 22:15:49','2013-11-21 20:53:59','barangay',927,202,NULL,'Naga-asan'),(795,'11.36874566120,124.91670376600','2013-11-19 22:15:49','2013-11-21 20:53:59','barangay',1807,393,NULL,'Pagsulhugon'),(796,'11.40673952200,124.96498000000','2013-11-19 22:15:49','2013-11-21 20:53:59','barangay',655,142,NULL,'Planza'),(797,'11.41984740850,124.84093891800','2013-11-19 22:15:49','2013-11-21 20:53:59','barangay',2045,445,NULL,'Poblacion District I'),(798,'11.42375189220,124.84619222800','2013-11-19 22:15:49','2013-11-21 20:53:59','barangay',670,146,NULL,'Poblacion District II'),(799,'11.40603746030,124.84784436700','2013-11-19 22:15:49','2013-11-21 20:53:59','barangay',1884,410,NULL,'Poblacion District III'),(800,'11.42125420810,124.85820259500','2013-11-19 22:15:49','2013-11-21 20:53:59','barangay',2407,523,NULL,'Poblacion District IV'),(801,'11.40422823310,124.88872874500','2013-11-19 22:15:49','2013-11-21 20:53:59','barangay',704,153,NULL,'Rizal I'),(802,'11.37670317690,124.87116761800','2013-11-19 22:15:49','2013-11-21 20:53:59','barangay',1424,310,NULL,'Rizal II'),(803,'11.40262894240,124.86903908600','2013-11-19 22:15:49','2013-11-21 20:53:59','barangay',880,191,NULL,'San Ricardo'),(804,'11.41015249680,124.90589106900','2013-11-19 22:15:49','2013-11-21 20:53:59','barangay',565,123,NULL,'Sangputan'),(805,'11.39042431570,124.93879815500','2013-11-19 22:15:49','2013-11-21 20:53:59','barangay',1404,305,NULL,'Taguite'),(806,'11.37660831030,124.97047951300','2013-11-19 22:15:49','2013-11-21 20:53:59','barangay',1151,250,NULL,'Uban'),(807,'11.37775608690,124.90485797100','2013-11-19 22:15:49','2013-11-21 20:53:59','barangay',666,145,NULL,'Victory'),(808,'11.34861993800,124.90679471000','2013-11-19 22:15:49','2013-11-21 20:53:59','barangay',469,102,NULL,'Villa Magsaysay'),(809,'11.27011955810,124.74160821500','2013-11-19 22:15:49','2013-11-21 20:53:59','barangay',1178,256,NULL,'Abango'),(810,'11.27854581980,124.74849631500','2013-11-19 22:15:49','2013-11-21 20:53:59','barangay',1576,343,NULL,'Amahit'),(811,'11.28589182520,124.73339479700','2013-11-19 22:15:49','2013-11-21 20:53:59','barangay',471,102,NULL,'Balire'),(812,'11.34027275350,124.78042458100','2013-11-19 22:15:49','2013-11-21 20:53:59','barangay',566,123,NULL,'Balud'),(813,'11.29764015000,124.74551727200','2013-11-19 22:15:49','2013-11-21 20:53:59','barangay',1110,241,NULL,'Bukid'),(814,'11.31796368120,124.77881289700','2013-11-19 22:15:49','2013-11-21 20:53:59','barangay',567,123,NULL,'Bulod'),(815,'11.32567820120,124.78503453700','2013-11-19 22:15:49','2013-11-21 20:53:59','barangay',794,173,NULL,'Busay'),(816,'11.33542084250,124.76564693300','2013-11-19 22:15:49','2013-11-21 20:53:59','barangay',771,168,NULL,'Cabarasan'),(817,'11.32792564020,124.80557810500','2013-11-19 22:15:49','2013-11-21 20:53:59','barangay',321,70,NULL,'Cabolo-an'),(818,'11.31103237500,124.76657134300','2013-11-19 22:15:49','2013-11-21 20:53:59','barangay',1172,255,NULL,'Calingcaguing'),(819,'11.26879745140,124.77000641400','2013-11-19 22:15:49','2013-11-21 20:53:59','barangay',672,146,NULL,'Can-isak'),(820,'11.31145179470,124.72036379500','2013-11-19 22:15:49','2013-11-21 20:53:59','barangay',599,130,NULL,'Canomantag'),(821,'11.31873813180,124.75263563700','2013-11-19 22:15:49','2013-11-21 20:53:59','barangay',582,127,NULL,'Cuta'),(822,'11.32749959110,124.74510194500','2013-11-19 22:15:49','2013-11-21 20:53:59','barangay',447,97,NULL,'Domogdog'),(823,'11.34989194710,124.78678845300','2013-11-19 22:15:49','2013-11-21 20:53:59','barangay',390,85,NULL,'Duka'),(824,'11.30027505010,124.72889077300','2013-11-19 22:15:49','2013-11-21 20:53:59','barangay',593,129,NULL,'Guindaohan'),(825,'11.27867099710,124.78061783900','2013-11-19 22:15:49','2013-11-21 20:53:59','barangay',218,47,NULL,'Hiagsam'),(826,'11.31573317200,124.73761491300','2013-11-19 22:15:49','2013-11-21 20:53:59','barangay',995,216,NULL,'Hilaba'),(827,'11.30473602440,124.78749307100','2013-11-19 22:15:49','2013-11-21 20:53:59','barangay',890,193,NULL,'Hinugayan'),(828,'11.31097413880,124.80532775000','2013-11-19 22:15:49','2013-11-21 20:53:59','barangay',431,94,NULL,'Ibag'),(829,'11.33107703860,124.75544079300','2013-11-19 22:15:49','2013-11-21 20:53:59','barangay',1821,396,NULL,'Minuhang'),(830,'11.32118575520,124.72648449500','2013-11-19 22:15:49','2013-11-21 20:53:59','barangay',727,158,NULL,'Minuswang'),(831,'11.29629284750,124.76570404400','2013-11-19 22:15:49','2013-11-21 20:53:59','barangay',1187,258,NULL,'Pikas'),(832,'11.27837064280,124.78792552900','2013-11-19 22:15:49','2013-11-21 20:53:59','barangay',414,90,NULL,'Pitogo'),(833,'11.32634715080,124.73419999800','2013-11-19 22:15:49','2013-11-21 20:53:59','barangay',1332,290,NULL,'Poblacion Dist. I'),(834,'11.32127254800,124.73764258300','2013-11-19 22:15:49','2013-11-21 20:53:59','barangay',1055,229,NULL,'Poblacion Dist. II'),(835,'11.32753165510,124.73542127900','2013-11-19 22:15:49','2013-11-21 20:53:59','barangay',654,142,NULL,'Poblacion Dist. III'),(836,'11.32442918700,124.74020427200','2013-11-19 22:15:49','2013-11-21 20:53:59','barangay',933,203,NULL,'Poblacion Dist. IV'),(837,'11.32800284880,124.73746924600','2013-11-19 22:15:49','2013-11-21 20:53:59','barangay',1199,261,NULL,'Poblacion Dist. V'),(838,'11.32260670220,124.74192923400','2013-11-19 22:15:49','2013-11-21 20:53:59','barangay',892,194,NULL,'Poblacion Dist. VI (New Road)'),(839,'11.28044111010,124.76584581800','2013-11-19 22:15:49','2013-11-21 20:53:59','barangay',237,52,NULL,'Pongso'),(840,'11.29499516500,124.78432672300','2013-11-19 22:15:49','2013-11-21 20:53:59','barangay',743,162,NULL,'Roosevelt'),(841,'11.28914776950,124.79901532500','2013-11-19 22:15:49','2013-11-21 20:53:59','barangay',1657,360,NULL,'Santa Rosa'),(842,'11.32420410700,124.73065881700','2013-11-19 22:15:49','2013-11-21 20:53:59','barangay',1040,226,NULL,'Santarin'),(843,'11.30899213280,124.75161974300','2013-11-19 22:15:49','2013-11-21 20:53:59','barangay',501,109,NULL,'Tutug-an'),(844,'10.31366219890,124.83506975200','2013-11-19 22:15:49','2013-11-21 20:53:59','barangay',1252,272,NULL,'Alegria'),(845,'10.33013671010,124.81752410600','2013-11-19 22:15:49','2013-11-21 20:54:00','barangay',1346,293,NULL,'Alejos'),(846,'10.32669187430,124.84910201100','2013-11-19 22:15:49','2013-11-21 20:54:00','barangay',715,155,NULL,'Amagos'),(847,'10.33921396820,124.86171241700','2013-11-19 22:15:49','2013-11-21 20:54:00','barangay',2142,466,NULL,'Anahawan'),(848,'10.34066836210,124.84553510800','2013-11-19 22:15:49','2013-11-21 20:54:00','barangay',950,207,NULL,'Bago'),(849,'10.33102525520,124.79939706300','2013-11-19 22:15:49','2013-11-21 20:54:00','barangay',989,215,NULL,'Bagong Bayan District (Pob.)'),(850,'10.32464076400,124.88609558900','2013-11-19 22:15:49','2013-11-21 20:54:00','barangay',1130,246,NULL,'Buli'),(851,'10.34217418610,124.88206616100','2013-11-19 22:15:49','2013-11-21 20:54:00','barangay',246,53,NULL,'Cebuana'),(852,'10.34455918770,124.79212138100','2013-11-19 22:15:49','2013-11-21 20:54:00','barangay',1092,237,NULL,'Daan Lungsod'),(853,'10.26403424060,124.62987007300','2013-11-19 22:15:49','2013-11-21 20:54:00','barangay',3110,676,NULL,'Dawahon'),(854,'10.33704591450,124.79357045400','2013-11-19 22:15:49','2013-11-21 20:53:59','barangay',2648,576,NULL,'Dolho'),(855,'10.31605898530,124.85970210200','2013-11-19 22:15:49','2013-11-21 20:54:00','barangay',321,70,NULL,'Domagocdoc'),(856,'10.33174477650,124.79376310200','2013-11-19 22:15:49','2013-11-21 20:54:00','barangay',861,187,NULL,'Guerrero District (Pob.)'),(857,'10.35071812470,124.86737070800','2013-11-19 22:15:49','2013-11-21 20:54:00','barangay',623,135,NULL,'Himamaa'),(858,'10.33026006390,124.78910785600','2013-11-19 22:15:49','2013-11-21 20:54:00','barangay',1852,403,NULL,'Iniguihan District (Pob.)'),(859,'10.32675470800,124.79125402900','2013-11-19 22:15:49','2013-11-21 20:54:00','barangay',1379,300,NULL,'Kalanggaman District (Pob.)'),(860,'10.32910848160,124.86445016700','2013-11-19 22:15:49','2013-11-21 20:54:00','barangay',551,120,NULL,'Liberty (Binaliw)'),(861,'10.31283631490,124.84666868000','2013-11-19 22:15:49','2013-11-21 20:53:59','barangay',385,84,NULL,'Marcelo'),(862,'10.35003549720,124.82213789300','2013-11-19 22:15:49','2013-11-21 20:53:59','barangay',454,99,NULL,'Naga'),(863,'10.33818816760,124.88748461100','2013-11-19 22:15:49','2013-11-21 20:53:59','barangay',1015,221,NULL,'Osme'),(864,'10.34719925260,124.89230382100','2013-11-19 22:15:49','2013-11-21 20:53:59','barangay',413,90,NULL,'Plaridel'),(865,'10.31622333020,124.79588470800','2013-11-19 22:15:49','2013-11-21 20:53:59','barangay',1987,432,NULL,'Ponong'),(866,'10.34267030770,124.87304162000','2013-11-19 22:15:49','2013-11-21 20:54:00','barangay',445,97,NULL,'Rivilla'),(867,'10.34245418850,124.82367432500','2013-11-19 22:15:49','2013-11-21 20:53:59','barangay',1093,238,NULL,'Tagaytay'),(868,'10.32369207850,124.79675407300','2013-11-19 22:15:49','2013-11-21 20:54:00','barangay',2460,535,NULL,'Tinago District (Pob.)'),(869,'','2013-11-19 22:15:49','2013-11-20 14:52:44','barangay',441,96,NULL,'Ambacan'),(870,'','2013-11-19 22:15:49','2013-11-20 14:52:44','barangay',1246,271,NULL,'Amguhan'),(871,'','2013-11-19 22:15:49','2013-11-20 14:52:44','barangay',621,135,NULL,'Ampihanon'),(872,'','2013-11-19 22:15:49','2013-11-20 14:52:44','barangay',509,111,NULL,'Balao'),(873,'','2013-11-19 22:15:49','2013-11-20 14:52:44','barangay',813,177,NULL,'Banahao'),(874,'','2013-11-19 22:15:49','2013-11-20 14:52:44','barangay',370,80,NULL,'Bidlinan'),(875,'','2013-11-19 22:15:49','2013-11-20 14:52:44','barangay',2602,566,NULL,'Bitanhuan'),(876,'','2013-11-19 22:15:49','2013-11-20 14:52:44','barangay',515,112,NULL,'Bubon'),(877,'','2013-11-19 22:15:49','2013-11-20 14:52:44','barangay',2245,488,NULL,'Candadam'),(878,'','2013-11-19 22:15:49','2013-11-20 14:52:44','barangay',3744,814,NULL,'Caridad'),(879,'','2013-11-19 22:15:49','2013-11-20 14:52:44','barangay',1158,252,NULL,'Ciabu'),(880,'','2013-11-19 22:15:49','2013-11-20 14:52:44','barangay',2321,505,NULL,'Gaas'),(881,'','2013-11-19 22:15:49','2013-11-20 14:52:44','barangay',2475,538,NULL,'Gabas'),(882,'','2013-11-19 22:15:49','2013-11-20 14:52:44','barangay',1865,405,NULL,'Gacat'),(883,'','2013-11-19 22:15:49','2013-11-20 14:52:44','barangay',2300,500,NULL,'Guadalupe (Utod)'),(884,'','2013-11-19 22:15:49','2013-11-20 14:52:44','barangay',511,111,NULL,'Gubang'),(885,'','2013-11-19 22:15:49','2013-11-20 14:52:44','barangay',1578,343,NULL,'Hibunawan'),(886,'','2013-11-19 22:15:49','2013-11-20 14:52:44','barangay',541,118,NULL,'Higulo-an'),(887,'','2013-11-19 22:15:49','2013-11-20 14:52:44','barangay',1877,408,NULL,'Hilapnitan'),(888,'','2013-11-19 22:15:49','2013-11-20 14:52:44','barangay',2661,578,NULL,'Hipusngo'),(889,'','2013-11-19 22:15:49','2013-11-20 14:52:44','barangay',1500,326,NULL,'Igang'),(890,'','2013-11-19 22:15:49','2013-11-20 14:52:44','barangay',775,168,NULL,'Jaena'),(891,'','2013-11-19 22:15:49','2013-11-20 14:52:44','barangay',766,167,NULL,'Kabalasan'),(892,'','2013-11-19 22:15:49','2013-11-20 14:52:44','barangay',310,67,NULL,'Kabatuan'),(893,'','2013-11-19 22:15:49','2013-11-20 14:52:44','barangay',868,189,NULL,'Kabungaan'),(894,'','2013-11-19 22:15:49','2013-11-20 14:52:44','barangay',485,105,NULL,'Kagumay'),(895,'','2013-11-19 22:15:49','2013-11-20 14:52:44','barangay',786,171,NULL,'Kambonggan'),(896,'','2013-11-19 22:15:49','2013-11-20 14:52:44','barangay',837,182,NULL,'Kansungka'),(897,'','2013-11-19 22:15:49','2013-11-20 14:52:44','barangay',549,119,NULL,'Kantagnos'),(898,'','2013-11-19 22:15:49','2013-11-20 14:52:44','barangay',3205,697,NULL,'Kilim'),(899,'','2013-11-19 22:15:49','2013-11-20 14:52:44','barangay',173,38,NULL,'Lintaon'),(900,'','2013-11-19 22:15:49','2013-11-20 14:52:44','barangay',1089,237,NULL,'Maganhan'),(901,'','2013-11-19 22:15:49','2013-11-20 14:52:44','barangay',942,205,NULL,'Mailhi'),(902,'','2013-11-19 22:15:49','2013-11-20 14:52:44','barangay',1064,231,NULL,'Makinhas'),(903,'','2013-11-19 22:15:49','2013-11-20 14:52:44','barangay',577,125,NULL,'Mapgap'),(904,'','2013-11-19 22:15:49','2013-11-20 14:52:44','barangay',1298,282,NULL,'Marcos'),(905,'','2013-11-19 22:15:49','2013-11-20 14:52:44','barangay',1545,336,NULL,'Maslug'),(906,'','2013-11-19 22:15:49','2013-11-20 14:52:44','barangay',331,72,NULL,'Matam-is'),(907,'','2013-11-19 22:15:49','2013-11-20 14:52:44','barangay',1371,298,NULL,'Maybog'),(908,'','2013-11-19 22:15:49','2013-11-20 14:52:44','barangay',840,183,NULL,'Maypatag'),(909,'','2013-11-19 22:15:49','2013-11-20 14:52:44','barangay',406,88,NULL,'Monterico'),(910,'','2013-11-19 22:15:49','2013-11-20 14:52:44','barangay',257,56,NULL,'Monteverde'),(911,'','2013-11-19 22:15:49','2013-11-20 14:52:44','barangay',2253,490,NULL,'Palhi'),(912,'','2013-11-19 22:15:49','2013-11-20 14:52:44','barangay',2028,441,NULL,'Pangasugan'),(913,'','2013-11-19 22:15:49','2013-11-20 14:52:44','barangay',485,105,NULL,'Pansagan'),(914,'','2013-11-19 22:15:49','2013-11-20 14:52:44','barangay',1447,315,NULL,'Patag'),(915,'','2013-11-19 22:15:49','2013-11-20 14:52:44','barangay',188,41,NULL,'Poblacion Zone 10'),(916,'','2013-11-19 22:15:49','2013-11-20 14:52:44','barangay',497,108,NULL,'Poblacion Zone 11'),(917,'','2013-11-19 22:15:49','2013-11-20 14:52:44','barangay',795,173,NULL,'Poblacion Zone 12'),(918,'','2013-11-19 22:15:49','2013-11-20 14:52:44','barangay',221,48,NULL,'Poblacion Zone 13'),(919,'','2013-11-19 22:15:49','2013-11-20 14:52:44','barangay',251,55,NULL,'Poblacion Zone 14'),(920,'','2013-11-19 22:15:49','2013-11-20 14:52:44','barangay',652,142,NULL,'Poblacion Zone 15'),(921,'','2013-11-19 22:15:49','2013-11-20 14:52:44','barangay',968,210,NULL,'Poblacion Zone 16'),(922,'','2013-11-19 22:15:49','2013-11-20 14:52:44','barangay',613,133,NULL,'Poblacion Zone 17'),(923,'','2013-11-19 22:15:49','2013-11-20 14:52:44','barangay',1479,322,NULL,'Poblacion Zone 18'),(924,'','2013-11-19 22:15:49','2013-11-20 14:52:44','barangay',228,50,NULL,'Poblacion Zone 19'),(925,'','2013-11-19 22:15:49','2013-11-20 14:52:44','barangay',568,123,NULL,'Poblacion Zone 2'),(926,'','2013-11-19 22:15:49','2013-11-20 14:52:44','barangay',569,124,NULL,'Poblacion Zone 20'),(927,'','2013-11-19 22:15:49','2013-11-20 14:52:44','barangay',498,108,NULL,'Poblacion Zone 21'),(928,'','2013-11-19 22:15:49','2013-11-20 14:52:44','barangay',943,205,NULL,'Poblacion Zone 22'),(929,'','2013-11-19 22:15:49','2013-11-20 14:52:44','barangay',2181,474,NULL,'Poblacion Zone 23'),(930,'','2013-11-19 22:15:49','2013-11-20 14:52:44','barangay',432,94,NULL,'Poblacion Zone 3'),(931,'','2013-11-19 22:15:49','2013-11-20 14:52:44','barangay',718,156,NULL,'Poblacion Zone 4'),(932,'','2013-11-19 22:15:49','2013-11-20 14:52:44','barangay',612,133,NULL,'Poblacion Zone 5'),(933,'','2013-11-19 22:15:49','2013-11-20 14:52:44','barangay',631,137,NULL,'Poblacion Zone 6'),(934,'','2013-11-19 22:15:49','2013-11-20 14:52:44','barangay',257,56,NULL,'Poblacion Zone 7'),(935,'','2013-11-19 22:15:49','2013-11-20 14:52:44','barangay',603,131,NULL,'Poblacion Zone 8'),(936,'','2013-11-19 22:15:49','2013-11-20 14:52:44','barangay',455,99,NULL,'Poblacion Zone 9'),(937,'','2013-11-19 22:15:49','2013-11-20 14:52:44','barangay',3053,664,NULL,'Pomponan'),(938,'','2013-11-19 22:15:49','2013-11-20 14:52:44','barangay',1181,257,NULL,'Sabang'),(939,'','2013-11-19 22:15:49','2013-11-20 14:52:44','barangay',508,110,NULL,'Sapa'),(940,'','2013-11-19 22:15:49','2013-11-20 14:52:44','barangay',1684,366,NULL,'Sta. Cruz'),(941,'','2013-11-19 22:15:49','2013-11-20 14:52:44','barangay',1870,407,NULL,'Sto. Rosario (located in poblacion)'),(942,'','2013-11-19 22:15:49','2013-11-20 14:52:44','barangay',696,151,NULL,'Villa Mag-aso'),(943,'','2013-11-19 22:15:49','2013-11-20 14:52:44','barangay',1046,227,NULL,'Villa Solidaridad'),(944,'','2013-11-19 22:15:49','2013-11-20 14:52:44','barangay',458,100,NULL,'Zacarito'),(945,'10.96897257160,124.85716851500','2013-11-19 22:15:49','2013-11-21 20:53:59','barangay',825,179,NULL,'Abuyogon'),(946,'10.94829650620,124.80034250500','2013-11-19 22:15:49','2013-11-21 20:53:59','barangay',826,180,NULL,'Anonang'),(947,'10.97209440440,124.92403264400','2013-11-19 22:15:49','2013-11-21 20:53:59','barangay',1293,281,NULL,'Arado'),(948,'10.93979871400,124.89015332600','2013-11-19 22:15:49','2013-11-21 20:53:59','barangay',186,40,NULL,'Balatson'),(949,'10.98019487840,124.91000797900','2013-11-19 22:15:49','2013-11-21 20:53:59','barangay',766,167,NULL,'Balorinay'),(950,'10.96079234030,124.87024957100','2013-11-19 22:15:49','2013-11-21 20:53:59','barangay',352,77,NULL,'Bobon'),(951,'10.94872218840,124.84619062600','2013-11-19 22:15:49','2013-11-21 20:53:59','barangay',314,68,NULL,'Caanislagan'),(952,'11.01429078510,124.88648276600','2013-11-19 22:15:49','2013-11-21 20:53:59','barangay',303,66,NULL,'Cadahunan'),(953,'10.96160465700,124.86235014900','2013-11-19 22:15:49','2013-11-21 20:53:59','barangay',656,143,NULL,'Cagangon'),(954,'10.95407191880,124.87084299500','2013-11-19 22:15:49','2013-11-21 20:53:59','barangay',267,58,NULL,'Cali'),(955,'10.93654508100,124.92883288100','2013-11-19 22:15:49','2013-11-21 20:53:59','barangay',366,80,NULL,'Calsadahay'),(956,'10.90551179850,124.84843180100','2013-11-19 22:15:49','2013-11-21 20:53:59','barangay',400,87,NULL,'Candag-on'),(957,'10.91524261710,124.85167879000','2013-11-19 22:15:49','2013-11-21 20:53:59','barangay',649,141,NULL,'Cansiboy'),(958,'10.96942044600,124.83678389700','2013-11-19 22:15:49','2013-11-21 20:53:59','barangay',713,155,NULL,'Catagbacan'),(959,'10.93594958570,124.80675113900','2013-11-19 22:15:49','2013-11-21 20:53:59','barangay',238,52,NULL,'Damulo-an'),(960,'11.00259779110,124.80425823800','2013-11-19 22:15:49','2013-11-21 20:53:59','barangay',400,87,NULL,'Dina-ayan'),(961,'10.94761087070,124.93175056700','2013-11-19 22:15:49','2013-11-21 20:53:59','barangay',337,73,NULL,'Dumalag (Pusod)'),(962,'10.99428753940,124.90403743800','2013-11-19 22:15:49','2013-11-21 20:53:59','barangay',380,83,NULL,'Gamay'),(963,'10.99889945600,124.93491819600','2013-11-19 22:15:49','2013-11-21 20:53:59','barangay',155,34,NULL,'Gitablan'),(964,'10.91520965780,124.86857880500','2013-11-19 22:15:49','2013-11-21 20:53:59','barangay',409,89,NULL,'Hapunan'),(965,'10.92612492890,124.87194191400','2013-11-19 22:15:49','2013-11-21 20:53:59','barangay',502,109,NULL,'Hibonawan'),(966,'11.00038722670,124.92708574700','2013-11-19 22:15:49','2013-11-21 20:53:59','barangay',262,57,NULL,'Hugpa East'),(967,'11.00377862360,124.86035259100','2013-11-19 22:15:49','2013-11-21 20:53:59','barangay',461,100,NULL,'Hugpa West'),(968,'10.88647638560,124.82242245100','2013-11-19 22:15:49','2013-11-21 20:53:59','barangay',251,55,NULL,'Kagbana'),(969,'10.95008342580,124.82148264900','2013-11-19 22:15:49','2013-11-21 20:53:59','barangay',408,89,NULL,'Kalao'),(970,'11.00766774940,124.89574571900','2013-11-19 22:15:49','2013-11-21 20:53:59','barangay',386,84,NULL,'Kalipayan'),(971,'10.93461030370,124.87532817000','2013-11-19 22:15:49','2013-11-21 20:53:59','barangay',254,55,NULL,'Kaparasanan'),(972,'10.94582249310,124.90686867000','2013-11-19 22:15:49','2013-11-21 20:53:59','barangay',205,45,NULL,'Laguiwan'),(973,'11.01269506630,124.93386126500','2013-11-19 22:15:49','2013-11-21 20:53:59','barangay',1356,295,NULL,'Libas'),(974,'10.94521474500,124.86989407500','2013-11-19 22:15:49','2013-11-21 20:53:59','barangay',579,126,NULL,'Limburan'),(975,'10.89824425930,124.83885495500','2013-11-19 22:15:49','2013-11-21 20:53:59','barangay',409,89,NULL,'Logsongan'),(976,'10.98840863620,124.87978426300','2013-11-19 22:15:49','2013-11-21 20:53:59','barangay',743,162,NULL,'Maabab'),(977,'10.99164062420,124.89116456100','2013-11-19 22:15:49','2013-11-21 20:53:59','barangay',800,174,NULL,'Maghubas'),(978,'10.89344373860,124.84413946700','2013-11-19 22:15:49','2013-11-21 20:53:59','barangay',753,164,NULL,'Mahagnao'),(979,'10.99857628550,124.91734769800','2013-11-19 22:15:49','2013-11-21 20:53:59','barangay',1057,230,NULL,'Malabca'),(980,'10.99087343360,124.93132517300','2013-11-19 22:15:49','2013-11-21 20:53:59','barangay',516,112,NULL,'Malaguinabot'),(981,'10.99646922360,124.84461936000','2013-11-19 22:15:49','2013-11-21 20:53:59','barangay',509,111,NULL,'Malaihao (San Ramon)'),(982,'10.97047218030,124.81047026000','2013-11-19 22:15:49','2013-11-21 20:53:59','barangay',362,79,NULL,'Matin-ao'),(983,'10.95517870960,124.89080960700','2013-11-19 22:15:49','2013-11-21 20:53:59','barangay',452,98,NULL,'Moguing'),(984,'10.93097612860,124.84211302300','2013-11-19 22:15:49','2013-11-21 20:53:59','barangay',630,137,NULL,'Paghudlan'),(985,'11.00151932150,124.89197098500','2013-11-19 22:15:49','2013-11-21 20:53:59','barangay',337,73,NULL,'Paitan'),(986,'10.94636578070,124.87889038000','2013-11-19 22:15:49','2013-11-21 20:53:59','barangay',668,145,NULL,'Pangdan'),(987,'11.01250097330,124.92296962100','2013-11-19 22:15:49','2013-11-21 20:53:59','barangay',604,131,NULL,'Patong'),(988,'10.94691775060,124.92606558100','2013-11-19 22:15:49','2013-11-21 20:53:59','barangay',241,52,NULL,'Pawa'),(989,'10.98093026230,124.90083255400','2013-11-19 22:15:49','2013-11-21 20:53:59','barangay',2180,474,NULL,'Poblacion District IX'),(990,'10.97389717370,124.89586506000','2013-11-19 22:15:49','2013-11-21 20:53:59','barangay',715,155,NULL,'Poblacion District V'),(991,'10.97159323350,124.90249772100','2013-11-19 22:15:49','2013-11-21 20:53:59','barangay',2047,445,NULL,'Poblacion District VI'),(992,'10.97260476050,124.89023601300','2013-11-19 22:15:49','2013-11-21 20:53:59','barangay',1026,223,NULL,'Poblacion District VII'),(993,'10.97708404730,124.89595933700','2013-11-19 22:15:49','2013-11-21 20:53:59','barangay',890,193,NULL,'Poblacion District VIII'),(994,'10.90419481870,124.80670016700','2013-11-19 22:15:49','2013-11-21 20:53:59','barangay',3817,95,NULL,'Roxas'),(995,'10.95300479430,124.90648870400','2013-11-19 22:15:49','2013-11-21 20:53:59','barangay',309,67,NULL,'Sambel'),(996,'10.94945526680,124.91565059100','2013-11-19 22:15:49','2013-11-21 20:53:59','barangay',742,161,NULL,'San Esteban'),(997,'10.94649560580,124.83463280500','2013-11-19 22:15:49','2013-11-21 20:53:59','barangay',225,49,NULL,'San Fernando'),(998,'10.96094901620,124.92072920700','2013-11-19 22:15:49','2013-11-21 20:53:59','barangay',720,157,NULL,'San Jose East'),(999,'10.96431539360,124.90010558100','2013-11-19 22:15:49','2013-11-21 20:53:59','barangay',752,163,NULL,'San Jose West'),(1000,'10.97657250890,124.93074855700','2013-11-19 22:15:49','2013-11-21 20:53:59','barangay',780,170,NULL,'San Pablo'),(1001,'11.00716259720,124.90873201300','2013-11-19 22:15:49','2013-11-21 20:53:59','barangay',527,115,NULL,'Tabuanon'),(1002,'10.99465341930,124.82503430800','2013-11-19 22:15:49','2013-11-21 20:53:59','barangay',546,119,NULL,'Tagadtaran'),(1003,'10.97103716880,124.87585858500','2013-11-19 22:15:49','2013-11-21 20:53:59','barangay',220,48,NULL,'Taghuyan'),(1004,'10.93603721380,124.82918027500','2013-11-19 22:15:49','2013-11-21 20:53:59','barangay',422,92,NULL,'Takin'),(1005,'11.01113433080,124.87205630600','2013-11-19 22:15:49','2013-11-21 20:53:59','barangay',407,88,NULL,'Tambis (Naboya)'),(1006,'10.97892335380,124.93617981100','2013-11-19 22:15:49','2013-11-21 20:53:59','barangay',552,120,NULL,'Tambuko'),(1007,'10.94278223430,124.85659220300','2013-11-19 22:15:49','2013-11-21 20:53:59','barangay',375,82,NULL,'Toloyao'),(1008,'10.92263725330,124.82023906500','2013-11-19 22:15:49','2013-11-21 20:53:59','barangay',651,142,NULL,'Villa Aurora'),(1009,'10.94535186200,124.78583992400','2013-11-19 22:15:49','2013-11-21 20:53:59','barangay',481,105,NULL,'Villa Corazon'),(1010,'10.90737905610,124.83175387400','2013-11-19 22:15:49','2013-11-21 20:53:59','barangay',428,93,NULL,'Villa Patria'),(1011,'11.00133842830,124.88295045800','2013-11-19 22:15:49','2013-11-21 20:53:59','barangay',708,154,NULL,'Villa Rosas (Cabang)'),(1012,'11.46488618400,124.40482215000','2013-11-19 22:15:49','2013-11-21 20:53:59','barangay',688,150,NULL,'Abanilla'),(1013,'11.53201688260,124.33243281500','2013-11-19 22:15:49','2013-11-21 20:53:59','barangay',739,161,NULL,'Agas'),(1014,'11.50470316000,124.32157915200','2013-11-19 22:15:49','2013-11-21 20:53:59','barangay',453,98,NULL,'Anislagan'),(1015,'11.49097026140,124.34833781800','2013-11-19 22:15:49','2013-11-21 20:53:59','barangay',502,109,NULL,'Bunacan'),(1016,'11.42940122840,124.43184330900','2013-11-19 22:15:49','2013-11-21 20:53:59','barangay',759,165,NULL,'Cabalhin'),(1017,'11.44111814740,124.43253392200','2013-11-19 22:15:49','2013-11-21 20:53:59','barangay',1033,225,NULL,'Cabalquinto'),(1018,'11.43638490990,124.42983792200','2013-11-19 22:15:49','2013-11-21 20:53:59','barangay',246,53,NULL,'Cabradilla'),(1019,'11.52747975100,124.34857922400','2013-11-19 22:15:49','2013-11-21 20:53:59','barangay',382,83,NULL,'Caneja'),(1020,'11.43798855700,124.41263322300','2013-11-19 22:15:49','2013-11-21 20:53:59','barangay',207,45,NULL,'Cantonghao'),(1021,'11.55263792200,124.31616450100','2013-11-19 22:15:49','2013-11-21 20:53:59','barangay',460,100,NULL,'Caroyocan'),(1022,'11.53091271620,124.31703500200','2013-11-19 22:15:49','2013-11-21 20:53:59','barangay',562,122,NULL,'Casiongan'),(1023,'11.45124051980,124.41906703200','2013-11-19 22:15:49','2013-11-21 20:53:59','barangay',1171,255,NULL,'Cristina'),(1024,'11.54484803460,124.30739599800','2013-11-19 22:15:49','2013-11-21 20:53:59','barangay',550,120,NULL,'Dalumpines'),(1025,'11.42793313410,124.44129444900','2013-11-19 22:15:49','2013-11-21 20:53:59','barangay',535,116,NULL,'Don Luis'),(1026,'11.43437951480,124.39448742500','2013-11-19 22:15:49','2013-11-21 20:53:59','barangay',255,55,NULL,'Dulao'),(1027,'11.42002140580,124.44479073000','2013-11-19 22:15:49','2013-11-21 20:53:59','barangay',467,102,NULL,'Efe'),(1028,'11.51163435780,124.34184754600','2013-11-19 22:15:49','2013-11-21 20:53:59','barangay',583,127,NULL,'Enage'),(1029,'11.44283972500,124.42837964300','2013-11-19 22:15:49','2013-11-21 20:53:59','barangay',430,93,NULL,'Espinosa'),(1030,'11.43836845670,124.43519526300','2013-11-19 22:15:49','2013-11-21 20:53:59','barangay',708,154,NULL,'Ferdinand E. Marcos'),(1031,'11.44568491540,124.41852738900','2013-11-19 22:15:49','2013-11-21 20:53:59','barangay',260,57,NULL,'Garganera'),(1032,'11.48600983410,124.36678005900','2013-11-19 22:15:49','2013-11-21 20:53:59','barangay',358,78,NULL,'Garrido'),(1033,'11.41837906980,124.43562016100','2013-11-19 22:15:49','2013-11-21 20:53:59','barangay',365,79,NULL,'Guadalupe (Guadalupe Mendoza)'),(1034,'11.43446689160,124.43660139700','2013-11-19 22:15:49','2013-11-21 20:53:59','barangay',542,118,NULL,'Gutosan'),(1035,'11.54871778220,124.32371872900','2013-11-19 22:15:49','2013-11-21 20:53:59','barangay',926,201,NULL,'Inalad'),(1036,'11.52787310170,124.29523625700','2013-11-19 22:15:49','2013-11-21 20:53:59','barangay',1013,220,NULL,'Jubay'),(1037,'11.50289629120,124.37383201500','2013-11-19 22:15:49','2013-11-21 20:53:59','barangay',387,84,NULL,'Juson'),(1038,'11.47705355340,124.36116557000','2013-11-19 22:15:49','2013-11-21 20:53:59','barangay',449,98,NULL,'Kawayan Bogtong'),(1039,'11.46078798240,124.37384173900','2013-11-19 22:15:49','2013-11-21 20:53:59','barangay',467,102,NULL,'Kawayanan'),(1040,'11.52930495860,124.30711958900','2013-11-19 22:15:49','2013-11-21 20:53:59','barangay',604,131,NULL,'Kokoy Romualdez'),(1041,'11.49828806830,124.35552766200','2013-11-19 22:15:49','2013-11-21 20:53:59','barangay',577,125,NULL,'Labtic'),(1042,'11.44892033580,124.42401921200','2013-11-19 22:15:49','2013-11-21 20:53:59','barangay',701,152,NULL,'M. Veloso'),(1043,'11.44046016980,124.42261963200','2013-11-19 22:15:49','2013-11-21 20:53:59','barangay',846,184,NULL,'Mahait'),(1044,'11.42979357400,124.41301374400','2013-11-19 22:15:49','2013-11-21 20:53:59','barangay',523,114,NULL,'Malobago'),(1045,'11.47182350080,124.39319900000','2013-11-19 22:15:49','2013-11-21 20:53:59','barangay',780,170,NULL,'Matagok'),(1046,'11.41413315470,124.44936353200','2013-11-19 22:15:49','2013-11-21 20:53:59','barangay',538,117,NULL,'Nipa'),(1047,'11.45706126390,124.40788773000','2013-11-19 22:15:49','2013-11-21 20:53:59','barangay',778,169,NULL,'Obispo'),(1048,'11.49695391130,124.37946076600','2013-11-19 22:15:49','2013-11-21 20:53:59','barangay',644,140,NULL,'Padoga'),(1049,'11.48430209460,124.35722457500','2013-11-19 22:15:49','2013-11-21 20:53:59','barangay',345,75,NULL,'Pagatpat'),(1050,'11.48760117780,124.38666241600','2013-11-19 22:15:49','2013-11-21 20:53:59','barangay',245,53,NULL,'Pangpang'),(1051,'11.44828661560,124.40550687100','2013-11-19 22:15:49','2013-11-21 20:53:59','barangay',197,43,NULL,'Pates'),(1052,'11.50951150220,124.36764493100','2013-11-19 22:15:49','2013-11-21 20:53:59','barangay',368,80,NULL,'Paula'),(1053,'11.41926626500,124.40643738200','2013-11-19 22:15:49','2013-11-21 20:53:59','barangay',407,88,NULL,'Petrolio'),(1054,'11.51967375270,124.35131551300','2013-11-19 22:15:49','2013-11-21 20:53:59','barangay',275,60,NULL,'Railes'),(1055,'11.48345443280,124.38850442100','2013-11-19 22:15:49','2013-11-21 20:53:59','barangay',279,61,NULL,'Tabla'),(1056,'11.41740370970,124.41960795700','2013-11-19 22:15:49','2013-11-21 20:53:59','barangay',875,190,NULL,'Tagharigue'),(1057,'11.45013110580,124.39286911800','2013-11-19 22:15:49','2013-11-21 20:53:59','barangay',348,76,NULL,'Tuburan'),(1058,'11.51374585820,124.35920957100','2013-11-19 22:15:49','2013-11-21 20:53:59','barangay',1102,240,NULL,'Villalon'),(1059,'11.47778022470,124.38315291300','2013-11-19 22:15:49','2013-11-21 20:53:59','barangay',853,185,NULL,'Villanueva'),(1060,'11.27745264300,124.65018445100','2013-11-19 22:15:49','2013-11-21 20:53:59','barangay',1451,315,NULL,'Balucanad'),(1061,'11.30127778480,124.57449157100','2013-11-19 22:15:49','2013-11-21 20:53:59','barangay',1753,381,NULL,'Cabul-an'),(1062,'11.26472752030,124.59675093200','2013-11-19 22:15:49','2013-11-21 20:53:59','barangay',2604,566,NULL,'Culasian'),(1063,'11.32651445750,124.55370656000','2013-11-19 22:15:49','2013-11-21 20:53:59','barangay',699,152,NULL,'Gayad'),(1064,'11.31261933510,124.55850149300','2013-11-19 22:15:49','2013-11-21 20:53:59','barangay',515,112,NULL,'Guinadiongan'),(1065,'11.28420069520,124.56704551400','2013-11-19 22:15:49','2013-11-21 20:53:59','barangay',2123,462,NULL,'Lemon'),(1066,'11.21161956570,124.64029064700','2013-11-19 22:15:49','2013-11-21 20:53:59','barangay',495,108,NULL,'Manloy'),(1067,'11.29046452580,124.65597769000','2013-11-19 22:15:49','2013-11-21 20:53:59','barangay',394,86,NULL,'Nauguisan'),(1068,'11.29522687040,124.58071142000','2013-11-19 22:15:49','2013-11-21 20:53:59','barangay',2901,631,NULL,'Pinamopoan'),(1069,'11.24188326220,124.62376406300','2013-11-19 22:15:49','2013-11-21 20:53:59','barangay',2215,482,NULL,'Poblacion Zone I'),(1070,'11.24820072950,124.61457863900','2013-11-19 22:15:49','2013-11-21 20:53:59','barangay',4207,915,NULL,'Poblacion Zone II'),(1071,'11.32191883410,124.55555397300','2013-11-19 22:15:49','2013-11-21 20:53:59','barangay',768,167,NULL,'Potot'),(1072,'11.24191702040,124.56607153000','2013-11-19 22:15:49','2013-11-21 20:53:59','barangay',1046,305,NULL,'San Joaquin'),(1073,'11.33278530490,124.55180741900','2013-11-19 22:15:49','2013-11-21 20:54:00','barangay',886,193,NULL,'Talairan'),(1074,'11.30812326610,124.56384579500','2013-11-19 22:15:49','2013-11-21 20:53:59','barangay',621,135,NULL,'Tolibao'),(1075,'11.26194172480,124.55302113600','2013-11-19 22:15:49','2013-11-21 20:53:59','barangay',1398,304,NULL,'Visares'),(1076,'11.27703357620,124.70295726900','2013-11-19 22:15:49','2013-11-21 20:53:59','barangay',474,103,NULL,'Bagong Lipunan'),(1077,'11.28972070990,124.69410645700','2013-11-19 22:15:49','2013-11-21 20:53:59','barangay',971,211,NULL,'Balilit'),(1078,'11.29057739820,124.70570206600','2013-11-19 22:15:49','2013-11-21 20:53:59','barangay',1045,227,NULL,'Barugohay Central'),(1079,'11.30375580000,124.71102418600','2013-11-19 22:15:49','2013-11-21 20:53:59','barangay',1952,424,NULL,'Barugohay Norte'),(1080,'11.26677844790,124.69989097500','2013-11-19 22:15:49','2013-11-21 20:53:59','barangay',880,191,NULL,'Barugohay Sur'),(1081,'11.30160365730,124.68845924600','2013-11-19 22:15:49','2013-11-21 20:53:59','barangay',2485,540,NULL,'Baybay (Pob.)'),(1082,'11.23410955460,124.73269972400','2013-11-19 22:15:49','2013-11-21 20:53:59','barangay',1171,255,NULL,'Binibihan'),(1083,'11.28797020830,124.67537213500','2013-11-19 22:15:49','2013-11-21 20:53:59','barangay',723,157,NULL,'Bislig'),(1084,'11.24742572390,124.66519643000','2013-11-19 22:15:49','2013-11-21 20:53:59','barangay',1187,258,NULL,'Caghalo'),(1085,'11.20854251680,124.70748908200','2013-11-19 22:15:49','2013-11-21 20:53:59','barangay',1084,236,NULL,'Camansi'),(1086,'11.29371769440,124.68382657700','2013-11-19 22:15:49','2013-11-21 20:53:59','barangay',754,164,NULL,'Canal'),(1087,'11.23214416120,124.70189953100','2013-11-19 22:15:49','2013-11-21 20:53:59','barangay',837,182,NULL,'Candigahub'),(1088,'11.25349359150,124.71223653000','2013-11-19 22:15:49','2013-11-21 20:53:59','barangay',426,93,NULL,'Canfabi'),(1089,'11.23388290740,124.67605671800','2013-11-19 22:15:49','2013-11-21 20:53:59','barangay',903,196,NULL,'Canlampay'),(1090,'11.24998193650,124.70223598200','2013-11-19 22:15:49','2013-11-21 20:53:59','barangay',880,191,NULL,'Cutay'),(1091,'11.30128479950,124.68470155900','2013-11-19 22:15:49','2013-11-21 20:53:59','barangay',845,184,NULL,'East Visoria'),(1092,'11.30144071350,124.70322392100','2013-11-19 22:15:49','2013-11-21 20:53:59','barangay',1201,261,NULL,'Guindapunan East'),(1093,'11.29821086980,124.69816336000','2013-11-19 22:15:49','2013-11-21 20:53:59','barangay',845,184,NULL,'Guindapunan West'),(1094,'11.20598801750,124.67321180600','2013-11-19 22:15:49','2013-11-21 20:53:59','barangay',742,161,NULL,'Hiluctogan'),(1095,'11.29955490390,124.69243747600','2013-11-19 22:15:49','2013-11-21 20:53:59','barangay',2340,509,NULL,'Jugaban (Pob.)'),(1096,'11.24278404280,124.67338927200','2013-11-19 22:15:49','2013-11-21 20:53:59','barangay',1002,218,NULL,'Libo'),(1097,'11.27524906270,124.67995019700','2013-11-19 22:15:49','2013-11-21 20:53:59','barangay',399,87,NULL,'Lower Hiraan'),(1098,'11.24419050630,124.69515383400','2013-11-19 22:15:49','2013-11-21 20:53:59','barangay',529,115,NULL,'Lower Sogod'),(1099,'11.21227412230,124.72476761600','2013-11-19 22:15:49','2013-11-21 20:53:59','barangay',932,203,NULL,'Macalpi'),(1100,'11.18986865020,124.70581866600','2013-11-19 22:15:49','2013-11-21 20:53:59','barangay',484,105,NULL,'Paglaum'),(1101,'11.27485370660,124.71265471700','2013-11-19 22:15:49','2013-11-21 20:53:59','barangay',834,181,NULL,'Pangna'),(1102,'11.25954189120,124.72681573100','2013-11-19 22:15:49','2013-11-21 20:53:59','barangay',1195,260,NULL,'Parag-um'),(1103,'11.29628888700,124.71147697000','2013-11-19 22:15:49','2013-11-21 20:53:59','barangay',704,153,NULL,'Parina'),(1104,'11.23853642470,124.72218899400','2013-11-19 22:15:49','2013-11-21 20:53:59','barangay',489,106,NULL,'Piloro'),(1105,'11.29868668980,124.68405492300','2013-11-19 22:15:49','2013-11-21 20:53:59','barangay',2734,594,NULL,'Ponong (Pob.)'),(1106,'11.28232581020,124.72015708700','2013-11-19 22:15:49','2013-11-21 20:53:59','barangay',417,91,NULL,'Rizal (Tagak East)'),(1107,'11.27451572900,124.73132525700','2013-11-19 22:15:49','2013-11-21 20:53:59','barangay',961,209,NULL,'Sagkahan'),(1108,'11.30142779520,124.69387179400','2013-11-19 22:15:49','2013-11-21 20:53:59','barangay',1485,323,NULL,'San Mateo (Pob.)'),(1109,'11.25639488810,124.71728633800','2013-11-19 22:15:49','2013-11-21 20:53:59','barangay',3545,85,NULL,'Santa Fe'),(1110,'11.29839599670,124.68853457200','2013-11-19 22:15:49','2013-11-21 20:53:59','barangay',2850,620,NULL,'Sawang (Pob.)'),(1111,'11.29121551860,124.71665566700','2013-11-19 22:15:49','2013-11-21 20:53:59','barangay',568,123,NULL,'Tagak'),(1112,'11.29844627510,124.67151823700','2013-11-19 22:15:49','2013-11-21 20:53:59','barangay',730,159,NULL,'Tangnan'),(1113,'11.23404160180,124.71373675500','2013-11-19 22:15:49','2013-11-21 20:53:59','barangay',595,129,NULL,'Tigbao'),(1114,'11.21650504660,124.69450561300','2013-11-19 22:15:49','2013-11-21 20:53:59','barangay',1106,240,NULL,'Tinaguban'),(1115,'11.25490262180,124.67407164200','2013-11-19 22:15:49','2013-11-21 20:53:59','barangay',720,157,NULL,'Upper Hiraan'),(1116,'11.23660701600,124.69781889400','2013-11-19 22:15:49','2013-11-21 20:53:59','barangay',562,122,NULL,'Upper Sogod'),(1117,'11.27974820280,124.68673899500','2013-11-19 22:15:49','2013-11-21 20:53:59','barangay',803,175,NULL,'Uyawan'),(1118,'11.30049523170,124.67898323700','2013-11-19 22:15:49','2013-11-21 20:53:59','barangay',1687,367,NULL,'West Visoria'),(1119,'11.09357671570,124.90282420600','2013-11-19 22:15:49','2013-11-21 20:53:59','barangay',899,195,NULL,'Abaca'),(1120,'11.07723142110,124.88809325300','2013-11-19 22:15:49','2013-11-21 20:53:59','barangay',523,114,NULL,'Abre'),(1121,'11.05727038180,124.92009217500','2013-11-19 22:15:49','2013-11-21 20:53:59','barangay',458,100,NULL,'Banayon'),(1122,'11.04436091050,124.92229335200','2013-11-19 22:15:49','2013-11-21 20:53:59','barangay',465,101,NULL,'Bolirao'),(1123,'11.08064488670,124.91099535800','2013-11-19 22:15:49','2013-11-21 20:53:59','barangay',910,198,NULL,'Buntay'),(1124,'11.06020545240,124.90693864300','2013-11-19 22:15:49','2013-11-21 20:53:59','barangay',436,95,NULL,'Cabariwan'),(1125,'11.05220309020,124.90619775000','2013-11-19 22:15:49','2013-11-21 20:53:59','barangay',947,206,NULL,'Cabuloran'),(1126,'11.08873953470,124.85154472800','2013-11-19 22:15:49','2013-11-21 20:53:59','barangay',935,203,NULL,'Calipayan'),(1127,'11.08711530190,124.89630325200','2013-11-19 22:15:49','2013-11-21 20:53:59','barangay',547,119,NULL,'Caluctogan'),(1128,'11.05460807920,124.93142638300','2013-11-19 22:15:49','2013-11-21 20:53:59','barangay',330,72,NULL,'Calutan'),(1129,'11.05914834530,124.82771524100','2013-11-19 22:15:49','2013-11-21 20:53:59','barangay',408,89,NULL,'Camono-an'),(1130,'11.08241131770,124.82146963200','2013-11-19 22:15:49','2013-11-21 20:53:59','barangay',375,82,NULL,'Candagara'),(1131,'11.06369780410,124.89853006800','2013-11-19 22:15:49','2013-11-21 20:53:59','barangay',841,183,NULL,'Canlingga'),(1132,'11.07721368730,124.94255246700','2013-11-19 22:15:49','2013-11-21 20:53:59','barangay',501,109,NULL,'Cansamada East'),(1133,'11.07543054600,124.92978533700','2013-11-19 22:15:49','2013-11-21 20:53:59','barangay',267,58,NULL,'Cansamada West'),(1134,'11.06954646530,124.89481306100','2013-11-19 22:15:49','2013-11-21 20:53:59','barangay',443,96,NULL,'Capulhan'),(1135,'11.06990096810,124.93038919200','2013-11-19 22:15:49','2013-11-21 20:53:59','barangay',271,59,NULL,'Digahongan'),(1136,'11.02801098070,124.89883396300','2013-11-19 22:15:49','2013-11-21 20:53:59','barangay',795,173,NULL,'Guinarona'),(1137,'11.06705620900,124.88023815000','2013-11-19 22:15:49','2013-11-21 20:53:59','barangay',958,208,NULL,'Hiabangan'),(1138,'11.08215631820,124.86130890200','2013-11-19 22:15:49','2013-11-21 20:53:59','barangay',380,83,NULL,'Hilabago'),(1139,'11.08930647520,124.92347459500','2013-11-19 22:15:49','2013-11-21 20:53:59','barangay',658,143,NULL,'Hinabuyan'),(1140,'11.03264977650,124.90115098000','2013-11-19 22:15:49','2013-11-21 20:53:59','barangay',579,126,NULL,'Hinologan'),(1141,'11.05898639990,124.88567625900','2013-11-19 22:15:49','2013-11-21 20:53:59','barangay',555,121,NULL,'Hitumnog'),(1142,'11.07050462140,124.90461227800','2013-11-19 22:15:50','2013-11-21 20:53:59','barangay',766,167,NULL,'Lapu-lapu Pob. (Dist. 2)'),(1143,'11.05514185060,124.79117291600','2013-11-19 22:15:50','2013-11-21 20:53:59','barangay',164,36,NULL,'Lobe-lobe'),(1144,'11.02327632420,124.90015875600','2013-11-19 22:15:50','2013-11-21 20:53:59','barangay',563,122,NULL,'Lobe-lobe East'),(1145,'11.06798443860,124.91254009400','2013-11-19 22:15:50','2013-11-21 20:53:59','barangay',228,50,NULL,'Los Martires'),(1146,'11.06447016250,124.90250305900','2013-11-19 22:15:50','2013-11-21 20:53:59','barangay',732,159,NULL,'Lusad Pob. (Dist. 6)'),(1147,'11.03215336170,124.86376938000','2013-11-19 22:15:50','2013-11-21 20:53:59','barangay',253,55,NULL,'Macaalang'),(1148,'11.04148297440,124.90657974900','2013-11-19 22:15:50','2013-11-21 20:53:59','barangay',515,112,NULL,'Maliwaliw'),(1149,'11.07913693440,124.87252037500','2013-11-19 22:15:50','2013-11-21 20:53:59','barangay',462,100,NULL,'Maragondong'),(1150,'11.02146502550,124.91159984100','2013-11-19 22:15:50','2013-11-21 20:53:59','barangay',229,50,NULL,'Ormocay'),(1151,'11.05220057910,124.89083402100','2013-11-19 22:15:50','2013-11-21 20:53:59','barangay',389,85,NULL,'Palacio'),(1152,'11.08331530610,124.88248929700','2013-11-19 22:15:50','2013-11-21 20:53:59','barangay',413,90,NULL,'Panda'),(1153,'11.02785404920,124.88367824500','2013-11-19 22:15:50','2013-11-21 20:53:59','barangay',891,194,NULL,'Paraiso'),(1154,'11.08801416030,124.86960927300','2013-11-19 22:15:50','2013-11-21 20:53:59','barangay',1449,315,NULL,'Patoc'),(1155,'11.08019039890,124.89643291400','2013-11-19 22:15:50','2013-11-21 20:53:59','barangay',407,88,NULL,'Poponton'),(1156,'11.02891221820,124.91592955800','2013-11-19 22:15:50','2013-11-21 20:53:59','barangay',643,140,NULL,'Sampaguita'),(1157,'11.06391287450,124.90670652000','2013-11-19 22:15:50','2013-11-21 20:53:59','barangay',533,116,NULL,'Sampao East Pob. (Dist. 9)'),(1158,'11.06190900770,124.90283057900','2013-11-19 22:15:50','2013-11-21 20:53:59','barangay',282,61,NULL,'Sampao West Pob. (Dist. 8)'),(1159,'11.06773483760,124.90508387000','2013-11-19 22:15:50','2013-11-21 20:53:59','barangay',616,134,NULL,'San Antonio Pob. (Dist. 5)'),(1160,'11.07334011510,124.90132081100','2013-11-19 22:15:50','2013-11-21 20:53:59','barangay',441,96,NULL,'San Benito'),(1161,'11.06766824600,124.90164813900','2013-11-19 22:15:50','2013-11-21 20:53:59','barangay',214,47,NULL,'San Jose Pob. (Dist. 1)'),(1162,'11.06923211060,124.90501735800','2013-11-19 22:15:50','2013-11-21 20:53:59','barangay',264,57,NULL,'San Roque Pob. (Dist. 3)'),(1163,'11.09486325110,124.85797929700','2013-11-19 22:15:50','2013-11-21 20:53:59','barangay',308,67,NULL,'Santo Domingo'),(1164,'11.07290202630,124.87683510500','2013-11-19 22:15:50','2013-11-21 20:53:59','barangay',340,74,NULL,'Sawahon'),(1165,'11.07376404790,124.92001995200','2013-11-19 22:15:50','2013-11-21 20:53:59','barangay',390,85,NULL,'Sirab'),(1166,'11.06592026780,124.90595689200','2013-11-19 22:15:50','2013-11-21 20:53:59','barangay',574,125,NULL,'Sta. Mesa Pob. (Dist. 7)'),(1167,'11.09182912280,124.87944723700','2013-11-19 22:15:50','2013-11-21 20:53:59','barangay',443,96,NULL,'Tagkip'),(1168,'11.06820390770,124.92030941500','2013-11-19 22:15:50','2013-11-21 20:53:59','barangay',372,81,NULL,'Talinhugon'),(1169,'11.09362530570,124.93878172300','2013-11-19 22:15:50','2013-11-21 20:53:59','barangay',473,103,NULL,'Tin-ao'),(1170,'11.06606988050,124.90227502500','2013-11-19 22:15:50','2013-11-21 20:53:59','barangay',274,60,NULL,'Tunga Pob. (Dist. 4)'),(1171,'11.08554355930,124.94518511800','2013-11-19 22:15:50','2013-11-21 20:53:59','barangay',335,73,NULL,'Tuya'),(1172,'10.92697314670,125.00203403800','2013-11-19 22:15:50','2013-11-21 20:53:59','barangay',1031,224,NULL,'Alegre'),(1173,'10.93768988540,125.03010955900','2013-11-19 22:15:50','2013-11-21 20:53:59','barangay',796,173,NULL,'Barbo (Pob.)'),(1174,'10.94160475760,124.98831065200','2013-11-19 22:15:50','2013-11-21 20:53:59','barangay',505,110,NULL,'Batug'),(1175,'10.98909159690,124.99022404600','2013-11-19 22:15:50','2013-11-21 20:53:59','barangay',492,107,NULL,'Bolongtohan'),(1176,'10.92962998610,124.98637340700','2013-11-19 22:15:50','2013-11-21 20:53:59','barangay',2993,651,NULL,'Cabacungan'),(1177,'10.96609267920,124.99112021700','2013-11-19 22:15:50','2013-11-21 20:53:59','barangay',947,206,NULL,'Cabato-an'),(1178,'10.99450471310,125.01478269300','2013-11-19 22:15:50','2013-11-21 20:53:59','barangay',688,230,NULL,'Calubian'),(1179,'','2013-11-19 22:15:50','2013-11-20 14:52:44','barangay',440,96,NULL,'Cambula (Pob.)'),(1180,'10.99790387220,124.99266712600','2013-11-19 22:15:50','2013-11-21 20:53:59','barangay',310,67,NULL,'Camitoc'),(1181,'11.01379933350,124.99689573700','2013-11-19 22:15:50','2013-11-21 20:53:59','barangay',778,169,NULL,'Camote'),(1182,'10.94748255140,125.03204190600','2013-11-19 22:15:50','2013-11-21 20:53:59','barangay',506,110,NULL,'Candao (Pob.)'),(1183,'10.96013251970,125.03366235200','2013-11-19 22:15:50','2013-11-21 20:53:59','barangay',565,123,NULL,'Catmonan (Pob.)'),(1184,'10.94498400260,125.02361729100','2013-11-19 22:15:50','2013-11-21 20:53:59','barangay',1030,224,NULL,'Combis (Pob.)'),(1185,'11.00319481710,125.02175980400','2013-11-19 22:15:50','2013-11-21 20:53:59','barangay',532,116,NULL,'Dacay'),(1186,'10.93512950610,124.97864484600','2013-11-19 22:15:50','2013-11-21 20:53:59','barangay',442,96,NULL,'Del Carmen'),(1187,'10.96045828870,125.00299255100','2013-11-19 22:15:50','2013-11-21 20:53:59','barangay',884,192,NULL,'Del Pilar'),(1188,'10.93275838220,125.02034191600','2013-11-19 22:15:50','2013-11-21 20:53:59','barangay',696,151,NULL,'Fatima'),(1189,'10.97932832240,124.99726177400','2013-11-19 22:15:50','2013-11-21 20:53:59','barangay',565,123,NULL,'General Roxas'),(1190,'10.96088060950,125.02513865900','2013-11-19 22:15:50','2013-11-21 20:53:59','barangay',1442,313,NULL,'Highway (Pob.)'),(1191,'10.98071552630,125.03192654200','2013-11-19 22:15:50','2013-11-21 20:53:59','barangay',724,157,NULL,'Luan'),(1192,'10.96648348240,124.98499985100','2013-11-19 22:15:50','2013-11-21 20:53:59','barangay',252,55,NULL,'Maricum'),(1193,'10.95531906620,125.02753804100','2013-11-19 22:15:50','2013-11-21 20:53:59','barangay',442,96,NULL,'Market Site (Pob.)'),(1194,'10.94574704100,125.00211679800','2013-11-19 22:15:50','2013-11-21 20:53:59','barangay',1290,280,NULL,'Rawis'),(1195,'','2013-11-19 22:15:50','2013-11-20 14:52:44','barangay',540,117,NULL,'Romualdes'),(1196,'10.93034169250,125.02887542500','2013-11-19 22:15:50','2013-11-21 20:53:59','barangay',422,92,NULL,'Sabang Daguitan'),(1197,'10.96359960110,125.03441854600','2013-11-19 22:15:50','2013-11-21 20:53:59','barangay',1535,334,NULL,'San Miguel (Pob.)'),(1198,'10.97046192340,125.02964772700','2013-11-19 22:15:50','2013-11-21 20:53:59','barangay',767,363,NULL,'San Rafael'),(1199,'10.96089734050,125.02870563600','2013-11-19 22:15:50','2013-11-21 20:53:59','barangay',554,120,NULL,'Serrano (Pob.)'),(1200,'10.95443064840,125.03267208700','2013-11-19 22:15:50','2013-11-21 20:53:59','barangay',1301,283,NULL,'Sungi (Pob.)'),(1201,'10.96489487690,124.99683246700','2013-11-19 22:15:50','2013-11-21 20:53:59','barangay',1140,248,NULL,'Tabu'),(1202,'10.40284803630,124.88175676100','2013-11-19 22:15:50','2013-11-21 20:53:59','barangay',500,109,NULL,'Agutayan'),(1203,'10.37693699880,124.74012734300','2013-11-19 22:15:50','2013-11-21 20:54:00','barangay',2961,644,NULL,'Atabay'),(1204,'10.37033358370,124.80476544700','2013-11-19 22:15:50','2013-11-21 20:54:00','barangay',851,185,NULL,'Baas'),(1205,'','2013-11-19 22:15:50','2013-11-20 14:52:44','barangay',608,132,NULL,'Bagong Lipunan (BLISS)'),(1206,'10.39051413470,124.81851446700','2013-11-19 22:15:50','2013-11-21 20:53:59','barangay',912,198,NULL,'Bagumbayan'),(1207,'10.36381986350,124.88787978900','2013-11-19 22:15:50','2013-11-21 20:54:00','barangay',636,138,NULL,'Baliw'),(1208,'10.36288670450,124.83567246100','2013-11-19 22:15:50','2013-11-21 20:54:00','barangay',163,35,NULL,'Bon-ot'),(1209,'10.41862190900,124.77885750200','2013-11-19 22:15:50','2013-11-21 20:53:59','barangay',1528,332,NULL,'Bung-aw'),(1210,'10.41902486180,124.87799295700','2013-11-19 22:15:50','2013-11-21 20:53:59','barangay',575,125,NULL,'Cacao'),(1211,'10.37775716100,124.79075047700','2013-11-19 22:15:50','2013-11-21 20:54:00','barangay',657,143,NULL,'Campina'),(1212,'','2013-11-19 22:15:50','2013-11-20 14:52:44','barangay',589,128,NULL,'Cantandog 1'),(1213,'','2013-11-19 22:15:50','2013-11-20 14:52:44','barangay',328,71,NULL,'Cantandog 2'),(1214,'','2013-11-19 22:15:50','2013-11-20 14:52:44','barangay',2578,560,NULL,'Central Poblacion (Town Proper)'),(1215,'','2013-11-19 22:15:50','2013-11-20 14:52:44','barangay',2100,457,NULL,'Concepcion (Makinhas)'),(1216,'','2013-11-19 22:15:50','2013-11-20 14:52:44','barangay',2602,566,NULL,'Eastern Poblacion (Town Proper)'),(1217,'10.39201089420,124.86241424600','2013-11-19 22:15:50','2013-11-21 20:53:59','barangay',961,209,NULL,'Hampangan'),(1218,'10.36253652140,124.76163695100','2013-11-19 22:15:50','2013-11-21 20:54:00','barangay',1693,368,NULL,'Himo-aw'),(1219,'10.36613325380,124.87165262100','2013-11-19 22:15:50','2013-11-21 20:54:00','barangay',699,152,NULL,'Hitudpan'),(1220,'10.40557806280,124.78401179600','2013-11-19 22:15:50','2013-11-21 20:53:59','barangay',582,127,NULL,'Imelda Marcos (Pong-on)'),(1221,'10.37656286270,124.82041025600','2013-11-19 22:15:50','2013-11-21 20:54:00','barangay',821,178,NULL,'Kang-iras'),(1222,'10.36359494340,124.78440226900','2013-11-19 22:15:50','2013-11-21 20:54:00','barangay',379,82,NULL,'Kangha-as'),(1223,'10.39380309410,124.74881532300','2013-11-19 22:15:50','2013-11-21 20:53:59','barangay',2293,498,NULL,'Lamak'),(1224,'10.38774737160,124.76176879900','2013-11-19 22:15:50','2013-11-21 20:53:59','barangay',2274,494,NULL,'Liberty'),(1225,'10.35875808990,124.80140764000','2013-11-19 22:15:50','2013-11-21 20:53:59','barangay',1674,364,NULL,'Lunang'),(1226,'10.41036464410,124.74433734100','2013-11-19 22:15:50','2013-11-21 20:53:59','barangay',724,157,NULL,'Magnangoy'),(1227,'10.36459484290,124.77524589800','2013-11-19 22:15:50','2013-11-21 20:54:00','barangay',456,99,NULL,'Manaul'),(1228,'10.38496851070,124.73374220100','2013-11-19 22:15:50','2013-11-21 20:53:59','barangay',2296,499,NULL,'Matapay'),(1229,'10.41053841890,124.72999827100','2013-11-19 22:15:50','2013-11-21 20:53:59','barangay',2371,188,NULL,'Naval'),(1230,'10.39967833820,124.73049890900','2013-11-19 22:15:50','2013-11-21 20:53:59','barangay',1095,238,NULL,'Owak'),(1231,'10.41281697320,124.77476067700','2013-11-19 22:15:50','2013-11-21 20:53:59','barangay',1099,239,NULL,'Pa-a'),(1232,'10.36655121880,124.75640113700','2013-11-19 22:15:50','2013-11-21 20:54:00','barangay',1424,310,NULL,'Pontod'),(1233,'10.40852334320,124.76652411300','2013-11-19 22:15:50','2013-11-21 20:53:59','barangay',758,165,NULL,'Proteccion'),(1234,'10.41787439730,124.82585570700','2013-11-19 22:15:50','2013-11-21 20:53:59','barangay',95,256,NULL,'Santa Margarita'),(1235,'10.41761645760,124.81150746800','2013-11-19 22:15:50','2013-11-21 20:53:59','barangay',727,158,NULL,'Tagnate'),(1236,'10.40394637160,124.80564223100','2013-11-19 22:15:50','2013-11-21 20:53:59','barangay',927,202,NULL,'Tambis'),(1237,'10.37852737680,124.77424024400','2013-11-19 22:15:50','2013-11-21 20:54:00','barangay',1316,286,NULL,'Tejero'),(1238,'10.36817433100,124.82744027900','2013-11-19 22:15:50','2013-11-21 20:54:00','barangay',912,198,NULL,'Tuguipa'),(1239,'10.42851883380,124.84996788200','2013-11-19 22:15:50','2013-11-21 20:53:59','barangay',954,207,NULL,'Utanan'),(1240,'','2013-11-19 22:15:50','2013-11-20 14:52:44','barangay',2790,607,NULL,'Western Poblacion (Town Proper)'),(1241,'10.45010506070,124.75202428700','2013-11-19 22:15:50','2013-11-21 20:53:59','barangay',445,97,NULL,'Anahaw'),(1242,'10.46687021020,124.75715441200','2013-11-19 22:15:50','2013-11-21 20:53:59','barangay',527,115,NULL,'Anolon'),(1243,'10.45830096320,124.81313457700','2013-11-19 22:15:50','2013-11-21 20:53:59','barangay',308,67,NULL,'Baldoza'),(1244,'10.46526509770,124.73630786700','2013-11-19 22:15:50','2013-11-21 20:53:59','barangay',1614,351,NULL,'Bontoc'),(1245,'10.47247871370,124.73858632700','2013-11-19 22:15:50','2013-11-21 20:53:59','barangay',839,182,NULL,'Bulacan'),(1246,'10.46784808130,124.88863134400','2013-11-19 22:15:50','2013-11-21 20:53:59','barangay',528,115,NULL,'Canha-ayon'),(1247,'10.43684364190,124.81372217500','2013-11-19 22:15:50','2013-11-21 20:53:59','barangay',575,125,NULL,'Capudlosan'),(1248,'10.45522258280,124.73725072000','2013-11-19 22:15:50','2013-11-21 20:53:59','barangay',1239,269,NULL,'Doos Del Norte'),(1249,'10.44972145270,124.73568982400','2013-11-19 22:15:50','2013-11-21 20:53:59','barangay',1745,379,NULL,'Doos Del Sur'),(1250,'10.45342237060,124.77908561600','2013-11-19 22:15:50','2013-11-21 20:53:59','barangay',320,70,NULL,'Himacugo'),(1251,'10.48914354840,124.67258972800','2013-11-19 22:15:50','2013-11-21 20:54:00','barangay',522,113,NULL,'Himokilan Island'),(1252,'10.42802444120,124.75654267000','2013-11-19 22:15:50','2013-11-21 20:53:59','barangay',573,306,NULL,'Maasin'),(1253,'10.44008197430,124.75398368400','2013-11-19 22:15:50','2013-11-21 20:53:59','barangay',694,151,NULL,'Mabagon'),(1254,'10.46159405180,124.84614864500','2013-11-19 22:15:50','2013-11-21 20:53:59','barangay',316,69,NULL,'Mahilum'),(1255,'10.43544373380,124.72874429200','2013-11-19 22:15:50','2013-11-21 20:53:59','barangay',2648,576,NULL,'Poblacion 1'),(1256,'10.42976971130,124.73245788300','2013-11-19 22:15:50','2013-11-21 20:53:59','barangay',1355,295,NULL,'Poblacion 2'),(1257,'10.43996109510,124.73542277300','2013-11-19 22:15:50','2013-11-21 20:53:59','barangay',2067,449,NULL,'Tabok'),(1258,'10.42194606340,124.73199621900','2013-11-19 22:15:50','2013-11-21 20:53:59','barangay',1896,412,NULL,'Tagbibi'),(1259,'10.53186048100,124.65187213400','2013-11-19 22:15:50','2013-11-21 20:54:00','barangay',595,129,NULL,'Apid'),(1260,'10.53419659810,124.82318926100','2013-11-19 22:15:50','2013-11-21 20:53:59','barangay',579,126,NULL,'Cabulisan'),(1261,'10.54219255980,124.86642784300','2013-11-19 22:15:50','2013-11-21 20:53:59','barangay',237,52,NULL,'Caminto'),(1262,'10.49932461700,124.89039144700','2013-11-19 22:15:50','2013-11-21 20:53:59','barangay',649,141,NULL,'Can-angay'),(1263,'10.55438928750,124.84326240000','2013-11-19 22:15:50','2013-11-21 20:53:59','barangay',237,52,NULL,'Caulisihan'),(1264,'10.52692152510,124.77933575900','2013-11-19 22:15:50','2013-11-21 20:53:59','barangay',643,140,NULL,'Conalum'),(1265,'10.54180606350,124.90725359300','2013-11-19 22:15:50','2013-11-21 20:53:59','barangay',376,82,NULL,'De los Santos (Mahilum)'),(1266,'10.50074997040,124.79945350200','2013-11-19 22:15:50','2013-11-21 20:53:59','barangay',1312,285,NULL,'Guinsanga-an'),(1267,'10.51684905600,124.82104791800','2013-11-19 22:15:50','2013-11-21 20:53:59','barangay',1057,230,NULL,'Hinabay'),(1268,'10.50652456500,124.76871560400','2013-11-19 22:15:50','2013-11-21 20:53:59','barangay',322,70,NULL,'Jubasan'),(1269,'10.49448455910,124.76075771500','2013-11-19 22:15:50','2013-11-21 20:53:59','barangay',556,121,NULL,'Linao'),(1270,'10.51366335470,124.78159205200','2013-11-19 22:15:50','2013-11-21 20:53:59','barangay',938,204,NULL,'Macagoco'),(1271,'10.50922377420,124.75755261100','2013-11-19 22:15:50','2013-11-21 20:53:59','barangay',829,180,NULL,'Maljo'),(1272,'10.50853766610,124.79365977700','2013-11-19 22:15:50','2013-11-21 20:53:59','barangay',315,68,NULL,'Marao'),(1273,'10.53696815450,124.78238997100','2013-11-19 22:15:50','2013-11-21 20:53:59','barangay',1045,227,NULL,'Tahud'),(1274,'10.50196180230,124.75912247700','2013-11-19 22:15:50','2013-11-21 20:53:59','barangay',2231,485,NULL,'Taotaon'),(1275,'10.48331334460,124.78380065100','2013-11-19 22:15:50','2013-11-21 20:53:59','barangay',2751,598,NULL,'Tinago'),(1276,'10.93062669520,124.46537017300','2013-11-19 22:15:50','2013-11-21 20:53:59','barangay',562,122,NULL,'Anislag'),(1277,'10.87221634470,124.49315358200','2013-11-19 22:15:50','2013-11-21 20:53:59','barangay',1697,369,NULL,'Apale'),(1278,'10.88471862820,124.47241594400','2013-11-19 22:15:50','2013-11-21 20:53:59','barangay',2878,626,NULL,'Bilwang'),(1279,'','2013-11-19 22:15:50','2013-11-20 14:52:44','barangay',607,132,NULL,'Binog'),(1280,'10.99498014370,124.46825452100','2013-11-19 22:15:50','2013-11-21 20:53:59','barangay',373,81,NULL,'Can-andan'),(1281,'10.96816258500,124.47647342500','2013-11-19 22:15:50','2013-11-21 20:53:59','barangay',601,131,NULL,'Cangag'),(1282,'10.94081347050,124.45719859200','2013-11-19 22:15:50','2013-11-21 20:53:59','barangay',443,96,NULL,'Consolacion'),(1283,'10.91824288440,124.48128873300','2013-11-19 22:15:50','2013-11-21 20:53:59','barangay',1053,229,NULL,'Honan'),(1284,'10.93285378520,124.43824364300','2013-11-19 22:15:50','2013-11-21 20:53:59','barangay',3648,793,NULL,'Marvel (Pob.)'),(1285,'10.89763556150,124.46753032400','2013-11-19 22:15:50','2013-11-21 20:53:59','barangay',5841,1270,NULL,'Matlang'),(1286,'10.94769117890,124.44092254300','2013-11-19 22:15:50','2013-11-21 20:53:59','barangay',649,141,NULL,'Monte Alegre'),(1287,'10.94738400120,124.47770623300','2013-11-19 22:15:50','2013-11-21 20:53:59','barangay',659,143,NULL,'Puting Bato'),(1288,'','2013-11-19 22:15:50','2013-11-20 14:52:44','barangay',1680,365,NULL,'Santa Cruz Relocation'),(1289,'10.89474072130,124.43401137100','2013-11-19 22:15:50','2013-11-21 20:53:59','barangay',839,182,NULL,'Santo Rosario'),(1290,'10.87870699580,124.48572919400','2013-11-19 22:15:50','2013-11-21 20:53:59','barangay',1723,375,NULL,'Tolingon'),(1291,'10.87928941690,124.47822949800','2013-11-19 22:15:50','2013-11-21 20:53:59','barangay',1340,291,NULL,'Tubod'),(1292,'11.18077613850,124.82322496300','2013-11-19 22:15:50','2013-11-21 20:53:59','barangay',160,35,NULL,'Alahag'),(1293,'','2013-11-19 22:15:50','2013-11-20 14:52:44','barangay',511,111,NULL,'Anibongon'),(1294,'11.09967744210,124.78543604700','2013-11-19 22:15:50','2013-11-21 20:53:59','barangay',382,83,NULL,'Atipolo'),(1295,'11.14170771110,124.80553458100','2013-11-19 22:15:50','2013-11-21 20:53:59','barangay',446,97,NULL,'Badiang'),(1296,'','2013-11-19 22:15:50','2013-11-20 14:52:44','barangay',465,101,NULL,'Bias-Zabala'),(1297,'11.20174823860,124.73875180100','2013-11-19 22:15:50','2013-11-21 20:53:59','barangay',927,202,NULL,'Burabod'),(1298,'','2013-11-19 22:15:50','2013-11-20 14:52:44','barangay',509,111,NULL,'Canapu-an'),(1299,'','2013-11-19 22:15:50','2013-11-20 14:52:44','barangay',2167,471,NULL,'Canhandugan (formerly San Javier)'),(1300,'11.12801835910,124.74127682300','2013-11-19 22:15:50','2013-11-21 20:53:59','barangay',1192,259,NULL,'Crossing Rubas'),(1301,'11.18654828960,124.75096463800','2013-11-19 22:15:50','2013-11-21 20:53:59','barangay',706,153,NULL,'Daro'),(1302,'','2013-11-19 22:15:50','2013-11-20 14:52:44','barangay',2371,515,NULL,'District I (Poblacion)'),(1303,'','2013-11-19 22:15:50','2013-11-20 14:52:44','barangay',1413,307,NULL,'District II (Poblacion)'),(1304,'','2013-11-19 22:15:50','2013-11-20 14:52:44','barangay',2028,441,NULL,'District III (Poblacion)'),(1305,'','2013-11-19 22:15:50','2013-11-20 14:52:44','barangay',1391,302,NULL,'District IV (Poblacion)'),(1306,'11.21857043050,124.77423231100','2013-11-19 22:15:50','2013-11-21 20:53:59','barangay',827,180,NULL,'Hibucawan'),(1307,'11.12214633910,124.80291536800','2013-11-19 22:15:50','2013-11-21 20:53:59','barangay',510,111,NULL,'Hibunawon'),(1308,'11.20279313040,124.79128653100','2013-11-19 22:15:50','2013-11-21 20:53:59','barangay',1084,236,NULL,'Kaglawaan'),(1309,'11.18899873980,124.76752767600','2013-11-19 22:15:50','2013-11-21 20:53:59','barangay',847,184,NULL,'Kalinawan'),(1310,'11.20732803890,124.76212535800','2013-11-19 22:15:50','2013-11-21 20:53:59','barangay',408,89,NULL,'Likod'),(1311,'11.15894177210,124.79752917500','2013-11-19 22:15:50','2013-11-21 20:53:59','barangay',1755,382,NULL,'Macanip'),(1312,'11.20395324110,124.77992312800','2013-11-19 22:15:50','2013-11-21 20:53:59','barangay',1115,242,NULL,'Macopa'),(1313,'11.22204113720,124.75173966800','2013-11-19 22:15:50','2013-11-21 20:53:59','barangay',760,165,NULL,'Mag-aso'),(1314,'11.20841536340,124.79831935100','2013-11-19 22:15:50','2013-11-21 20:53:59','barangay',1189,258,NULL,'Olotan'),(1315,'','2013-11-19 22:15:50','2013-11-20 14:52:44','barangay',241,52,NULL,'Palanog (formerly Mooc)'),(1316,'11.16331280980,124.82026257400','2013-11-19 22:15:50','2013-11-21 20:53:59','barangay',491,107,NULL,'Pange'),(1317,'11.12655448870,124.81920646700','2013-11-19 22:15:50','2013-11-21 20:53:59','barangay',442,96,NULL,'Parasan'),(1318,'11.13129196420,124.81480069500','2013-11-19 22:15:50','2013-11-21 20:53:59','barangay',295,64,NULL,'Sari-sari'),(1319,'11.14152860430,124.73216027900','2013-11-19 22:15:50','2013-11-21 20:53:59','barangay',1108,241,NULL,'Tinambacan'),(1320,'11.24450253770,124.78541107500','2013-11-19 22:15:50','2013-11-21 20:53:59','barangay',794,173,NULL,'Tuba'),(1321,'11.16824408350,124.76201322700','2013-11-19 22:15:50','2013-11-21 20:53:59','barangay',1108,241,NULL,'Uguiao'),(1322,'','2013-11-19 22:15:50','2013-11-20 14:52:44','barangay',336,73,NULL,'Villa Conzoilo (Villa Conzoilo)'),(1323,'11.14545053370,124.81965500900','2013-11-19 22:15:50','2013-11-21 20:53:59','barangay',254,55,NULL,'Villa Paz'),(1324,'','2013-11-19 22:15:50','2013-11-20 14:52:44','barangay',623,135,NULL,'Abuyogay'),(1325,'','2013-11-19 22:15:50','2013-11-20 14:52:44','barangay',1779,387,NULL,'Binulho'),(1326,'','2013-11-19 22:15:50','2013-11-20 14:52:44','barangay',660,143,NULL,'Bonifacio (Pundok)'),(1327,'','2013-11-19 22:15:50','2013-11-20 14:52:44','barangay',616,134,NULL,'Calzada'),(1328,'','2013-11-19 22:15:50','2013-11-20 14:52:44','barangay',768,167,NULL,'Cancayang'),(1329,'','2013-11-19 22:15:50','2013-11-20 14:52:44','barangay',701,152,NULL,'Caranhug'),(1330,'','2013-11-19 22:15:50','2013-11-20 14:52:44','barangay',442,96,NULL,'Caraye'),(1331,'','2013-11-19 22:15:50','2013-11-20 14:52:44','barangay',332,72,NULL,'Casulungan'),(1332,'','2013-11-19 22:15:50','2013-11-20 14:52:44','barangay',1609,350,NULL,'Comatin'),(1333,'','2013-11-19 22:15:50','2013-11-20 14:52:44','barangay',222,48,NULL,'Guindapunan'),(1334,'','2013-11-19 22:15:50','2013-11-20 14:52:44','barangay',816,177,NULL,'Inayupan'),(1335,'','2013-11-19 22:15:50','2013-11-20 14:52:44','barangay',932,203,NULL,'Malitbogay'),(1336,'','2013-11-19 22:15:50','2013-11-20 14:52:44','barangay',295,64,NULL,'Manarug'),(1337,'','2013-11-19 22:15:50','2013-11-20 14:52:44','barangay',1296,282,NULL,'Manlilisid'),(1338,'','2013-11-19 22:15:50','2013-11-20 14:52:44','barangay',521,113,NULL,'Naliwatan'),(1339,'','2013-11-19 22:15:50','2013-11-20 14:52:44','barangay',1400,304,NULL,'Odiong'),(1340,'','2013-11-19 22:15:50','2013-11-20 14:52:44','barangay',562,122,NULL,'Picas Norte (Curba)'),(1341,'','2013-11-19 22:15:50','2013-11-20 14:52:44','barangay',728,158,NULL,'Pinocawan'),(1342,'','2013-11-19 22:15:50','2013-11-20 14:52:44','barangay',1659,361,NULL,'Poblacion Zone 1'),(1343,'','2013-11-19 22:15:50','2013-11-20 14:52:44','barangay',1518,330,NULL,'San Sotero (Tambis)'),(1344,'','2013-11-19 22:15:50','2013-11-20 14:52:44','barangay',474,103,NULL,'Santa Cruz (Katun-an)'),(1345,'','2013-11-19 22:15:50','2013-11-20 14:52:44','barangay',846,184,NULL,'Ulhay'),(1346,'11.01977121770,124.98333928700','2013-11-19 22:15:50','2013-11-21 20:53:59','barangay',763,166,NULL,'Anibong'),(1347,'10.93767331370,124.94339005100','2013-11-19 22:15:50','2013-11-21 20:53:59','barangay',244,53,NULL,'Balante'),(1348,'10.95880754310,124.96797454100','2013-11-19 22:15:50','2013-11-21 20:53:59','barangay',397,86,NULL,'Bonifacio'),(1349,'10.98809517950,124.95108539000','2013-11-19 22:15:50','2013-11-21 20:53:59','barangay',1019,222,NULL,'Calbasag'),(1350,'10.98672671030,124.97421591300','2013-11-19 22:15:50','2013-11-21 20:53:59','barangay',435,95,NULL,'Cuya-e'),(1351,'10.97169795000,124.94842992000','2013-11-19 22:15:50','2013-11-21 20:53:59','barangay',909,198,NULL,'Dita'),(1352,'10.99758854190,124.95169709400','2013-11-19 22:15:50','2013-11-21 20:53:59','barangay',184,40,NULL,'Gitabla'),(1353,'11.00061385230,124.97068322200','2013-11-19 22:15:50','2013-11-21 20:53:59','barangay',445,123,NULL,'Hindang'),(1354,'10.99818764530,124.98490990300','2013-11-19 22:15:50','2013-11-21 20:53:59','barangay',305,66,NULL,'Inawangan'),(1355,'10.96108373930,124.94018858500','2013-11-19 22:15:50','2013-11-21 20:53:59','barangay',166,36,NULL,'Jurao'),(1356,'10.95399827540,124.94077647900','2013-11-19 22:15:50','2013-11-21 20:53:59','barangay',381,83,NULL,'San Andres'),(1357,'10.93907183210,124.96742586100','2013-11-19 22:15:50','2013-11-21 20:53:59','barangay',366,80,NULL,'Tolosahay'),(1358,'11.14520390210,124.59451127500','2013-11-19 22:15:50','2013-11-21 20:53:59','barangay',1930,420,NULL,'Aguiting'),(1359,'11.18746995980,124.50765861400','2013-11-19 22:15:50','2013-11-21 20:53:59','barangay',550,185,NULL,'Kawayan'),(1360,'11.15905984030,124.56363666300','2013-11-19 22:15:50','2013-11-21 20:53:59','barangay',2527,549,NULL,'Libongao'),(1361,'11.15475991190,124.62635384500','2013-11-19 22:15:50','2013-11-21 20:53:59','barangay',2589,563,NULL,'Lim-ao'),(1362,'11.20703750920,124.56746082500','2013-11-19 22:15:50','2013-11-21 20:53:59','barangay',2603,566,NULL,'Lonoy'),(1363,'11.19869693020,124.58279380700','2013-11-19 22:15:50','2013-11-21 20:53:59','barangay',647,141,NULL,'Mahawan'),(1364,'11.11908814990,124.58840142800','2013-11-19 22:15:50','2013-11-21 20:53:59','barangay',2526,549,NULL,'Masarayao'),(1365,'11.13024103780,124.57290803900','2013-11-19 22:15:50','2013-11-21 20:53:59','barangay',1928,419,NULL,'Monte Bello'),(1366,'11.14649037190,124.56873756600','2013-11-19 22:15:50','2013-11-21 20:53:59','barangay',2776,603,NULL,'Naghalin'),(1367,'11.19443643140,124.56399596200','2013-11-19 22:15:50','2013-11-21 20:53:59','barangay',2628,571,NULL,'Natubgan'),(1368,'11.11761691080,124.61322056700','2013-11-19 22:15:50','2013-11-21 20:53:59','barangay',423,92,NULL,'San Ignacio'),(1369,'11.13323154660,124.61274330600','2013-11-19 22:15:50','2013-11-21 20:53:59','barangay',1064,231,NULL,'Tongonan'),(1370,'11.16572010530,124.55537581100','2013-11-19 22:15:50','2013-11-21 20:53:59','barangay',2699,587,NULL,'Tugbong'),(1371,'10.91345390090,124.94695402100','2013-11-19 22:15:50','2013-11-21 20:53:59','barangay',554,120,NULL,'Bagacay East'),(1372,'10.91331143970,124.90967939900','2013-11-19 22:15:50','2013-11-21 20:53:59','barangay',273,59,NULL,'Bagacay West'),(1373,'10.86038007050,124.86070161600','2013-11-19 22:15:50','2013-11-21 20:53:59','barangay',247,54,NULL,'Bocawon'),(1374,'10.89196396660,124.93010439000','2013-11-19 22:15:50','2013-11-21 20:53:59','barangay',479,104,NULL,'Bongtod'),(1375,'10.86041729790,124.95019011700','2013-11-19 22:15:50','2013-11-21 20:53:59','barangay',584,127,NULL,'Buracan'),(1376,'10.86359606490,124.91115498900','2013-11-19 22:15:50','2013-11-21 20:53:59','barangay',245,53,NULL,'Caabangan'),(1377,'10.90672708080,124.95288020400','2013-11-19 22:15:50','2013-11-21 20:53:59','barangay',221,48,NULL,'Cagngaran'),(1378,'10.90930892500,124.92807224600','2013-11-19 22:15:50','2013-11-21 20:53:59','barangay',250,54,NULL,'Calabnian'),(1379,'10.90924491220,124.88777248500','2013-11-19 22:15:50','2013-11-21 20:53:59','barangay',329,72,NULL,'Calaghusan'),(1380,'10.92581143240,124.90533422200','2013-11-19 22:15:50','2013-11-21 20:53:59','barangay',394,86,NULL,'Caltayan'),(1381,'10.91807454860,124.96356611400','2013-11-19 22:15:50','2013-11-21 20:53:59','barangay',510,111,NULL,'Canba'),(1382,'10.87266015840,124.95073628300','2013-11-19 22:15:50','2013-11-21 20:53:59','barangay',843,183,NULL,'Duyog'),(1383,'','2013-11-19 22:15:50','2013-11-20 14:52:44','barangay',529,115,NULL,'Gimiranat East'),(1384,'','2013-11-19 22:15:50','2013-11-20 14:52:44','barangay',463,101,NULL,'Gimiranat West'),(1385,'10.88010826060,124.95763696700','2013-11-19 22:15:50','2013-11-21 20:53:59','barangay',708,154,NULL,'Limba'),(1386,'10.90272092050,124.96243471400','2013-11-19 22:15:50','2013-11-21 20:53:59','barangay',425,92,NULL,'Lubi-lubi'),(1387,'10.84289163270,124.91248572500','2013-11-19 22:15:50','2013-11-21 20:53:59','barangay',1494,325,NULL,'Luneta'),(1388,'10.92490403010,124.94286836000','2013-11-19 22:15:50','2013-11-21 20:53:59','barangay',281,61,NULL,'Moroboro'),(1389,'10.89860886290,124.87013974100','2013-11-19 22:15:50','2013-11-21 20:53:59','barangay',378,82,NULL,'Pansud'),(1390,'10.84450349410,124.93316786000','2013-11-19 22:15:50','2013-11-21 20:53:59','barangay',339,74,NULL,'Piliway'),(1391,'10.89624124630,124.95805872800','2013-11-19 22:15:50','2013-11-21 20:53:59','barangay',742,161,NULL,'Poblacion District 1'),(1392,'10.89945487790,124.94589242100','2013-11-19 22:15:50','2013-11-21 20:53:59','barangay',816,177,NULL,'Poblacion District 2'),(1393,'10.89284138130,124.94196725600','2013-11-19 22:15:50','2013-11-21 20:53:59','barangay',1145,249,NULL,'Poblacion District 3'),(1394,'10.88957802530,124.95736799200','2013-11-19 22:15:50','2013-11-21 20:53:59','barangay',1131,246,NULL,'Poblacion District 4'),(1395,'10.90405561410,124.91070696800','2013-11-19 22:15:50','2013-11-21 20:53:59','barangay',355,77,NULL,'Quiong'),(1396,'10.90643957960,124.93553921400','2013-11-19 22:15:50','2013-11-21 20:53:59','barangay',385,84,NULL,'San Victoray'),(1397,'10.92673518140,124.92474959100','2013-11-19 22:15:50','2013-11-21 20:53:59','barangay',1241,270,NULL,'Santa Ana'),(1398,'10.90293859300,124.93858960700','2013-11-19 22:15:50','2013-11-21 20:53:59','barangay',864,188,NULL,'Santa Elena'),(1399,'10.88998060090,124.85259951900','2013-11-19 22:15:50','2013-11-21 20:53:59','barangay',236,51,NULL,'Tabang'),(1400,'10.89642663260,124.91240200300','2013-11-19 22:15:50','2013-11-21 20:53:59','barangay',352,77,NULL,'Tarugan'),(1401,'','2013-11-19 22:15:50','2013-11-20 14:52:44','barangay',1236,269,NULL,'Bachao'),(1402,'','2013-11-19 22:15:50','2013-11-20 14:52:44','barangay',817,178,NULL,'Baco'),(1403,'','2013-11-19 22:15:50','2013-11-20 14:52:44','barangay',433,94,NULL,'Bagaba-o'),(1404,'','2013-11-19 22:15:50','2013-11-20 14:52:44','barangay',207,45,NULL,'Basud'),(1405,'','2013-11-19 22:15:50','2013-11-20 14:52:44','barangay',1503,327,NULL,'Belen'),(1406,'','2013-11-19 22:15:50','2013-11-20 14:52:44','barangay',1157,252,NULL,'Calaguise'),(1407,'','2013-11-19 22:15:50','2013-11-20 14:52:44','barangay',3165,688,NULL,'Consuegra'),(1408,'','2013-11-19 22:15:50','2013-11-20 23:20:40','barangay',446,214,NULL,'Culasi'),(1409,'','2013-11-19 22:15:50','2013-11-20 14:52:44','barangay',809,176,NULL,'Danus'),(1410,'','2013-11-19 22:15:50','2013-11-20 14:52:44','barangay',462,100,NULL,'Elizabeth'),(1411,'','2013-11-19 22:15:50','2013-11-20 14:52:44','barangay',518,113,NULL,'Maanda'),(1412,'','2013-11-19 22:15:50','2013-11-20 14:52:44','barangay',2311,502,NULL,'Macupa'),(1413,'','2013-11-19 22:15:50','2013-11-20 14:52:44','barangay',407,88,NULL,'Mataloto'),(1414,'','2013-11-19 22:15:50','2013-11-20 14:52:44','barangay',2402,522,NULL,'Palarao'),(1415,'','2013-11-19 22:15:50','2013-11-20 14:52:44','barangay',1840,400,NULL,'Palid I (Ilawod)'),(1416,'','2013-11-19 22:15:50','2013-11-20 14:52:44','barangay',827,180,NULL,'Palid II (Iraya)'),(1417,'','2013-11-19 22:15:50','2013-11-20 14:52:44','barangay',952,207,NULL,'Salog'),(1418,'','2013-11-19 22:15:50','2013-11-20 14:52:44','barangay',941,205,NULL,'Sambulawan'),(1419,'','2013-11-19 22:15:50','2013-11-20 14:52:44','barangay',414,90,NULL,'Tag-abaca'),(1420,'','2013-11-19 22:15:50','2013-11-20 14:52:44','barangay',568,123,NULL,'Tapol'),(1421,'','2013-11-19 22:15:50','2013-11-20 14:52:44','barangay',924,201,NULL,'Tinocdugan'),(1422,'','2013-11-19 22:15:50','2013-11-20 14:52:44','barangay',1318,287,NULL,'Toctoc'),(1423,'','2013-11-19 22:15:50','2013-11-20 14:52:44','barangay',1072,233,NULL,'Ugbon'),(1424,'','2013-11-19 22:15:50','2013-11-20 14:52:44','barangay',1285,279,NULL,'Wague'),(1425,'10.82701333280,124.97681882700','2013-11-19 22:15:50','2013-11-21 20:53:59','barangay',1060,230,NULL,'Casuntingan'),(1426,'10.83343040940,124.94328039300','2013-11-19 22:15:50','2013-11-21 20:53:59','barangay',454,99,NULL,'Causwagan'),(1427,'10.81750867150,124.95636312400','2013-11-19 22:15:50','2013-11-21 20:53:59','barangay',1192,259,NULL,'Danao'),(1428,'10.82962792790,124.97601755200','2013-11-19 22:15:50','2013-11-21 20:53:59','barangay',306,67,NULL,'Do'),(1429,'10.82380352370,124.98630901300','2013-11-19 22:15:50','2013-11-21 20:53:59','barangay',619,135,NULL,'General Luna'),(1430,'10.83074113810,124.91811646400','2013-11-19 22:15:50','2013-11-21 20:53:59','barangay',187,41,NULL,'Kiling'),(1431,'10.82860966570,124.86525363700','2013-11-19 22:15:50','2013-11-21 20:53:59','barangay',242,53,NULL,'Lanawan'),(1432,'10.81833497670,124.97259400900','2013-11-19 22:15:50','2013-11-21 20:53:59','barangay',1108,241,NULL,'Liwayway'),(1433,'10.82033732990,124.88332447600','2013-11-19 22:15:50','2013-11-21 20:53:59','barangay',139,30,NULL,'Oguisan'),(1434,'10.82303824620,124.94074047700','2013-11-19 22:15:50','2013-11-21 20:53:59','barangay',704,153,NULL,'Palale 1'),(1435,'10.81689678610,124.94150212800','2013-11-19 22:15:50','2013-11-21 20:53:59','barangay',1001,218,NULL,'Palale 2'),(1436,'10.79245514630,125.00117636300','2013-11-19 22:15:50','2013-11-21 20:53:59','barangay',507,110,NULL,'Pongon'),(1437,'10.82991537390,124.95604008700','2013-11-19 22:15:50','2013-11-21 20:53:59','barangay',13585,68,NULL,'Quezon'),(1438,'10.82547728010,124.99918423700','2013-11-19 22:15:50','2013-11-21 20:53:59','barangay',574,125,NULL,'Romualdez'),(1439,'10.83396570240,124.89497907400','2013-11-19 22:15:50','2013-11-21 20:53:59','barangay',708,154,NULL,'Santa Isabel'),(1440,'10.82425830010,124.95801162100','2013-11-19 22:15:50','2013-11-21 20:53:59','barangay',813,177,NULL,'Tinawan'),(1441,'10.84302750870,124.99834201600','2013-11-19 22:15:50','2013-11-21 20:53:59','barangay',1012,220,NULL,'Tuyo'),(1442,'10.80867887000,124.98179008100','2013-11-19 22:15:50','2013-11-21 20:53:59','barangay',468,102,NULL,'Villa Imelda'),(1443,'10.61227250830,124.95442287300','2013-11-19 22:15:50','2013-11-21 20:53:59','barangay',1652,359,NULL,'Campin'),(1444,'10.64084203410,124.94821686300','2013-11-19 22:15:50','2013-11-21 20:53:59','barangay',815,177,NULL,'Cuatro De Agosto'),(1445,'10.66204821390,124.95023634800','2013-11-19 22:15:50','2013-11-21 20:53:59','barangay',1493,325,NULL,'Hilusig'),(1446,'10.64989821430,124.98647351100','2013-11-19 22:15:50','2013-11-21 20:53:59','barangay',1234,268,NULL,'Himamara'),(1447,'10.62133619970,125.01641876800','2013-11-19 22:15:50','2013-11-21 20:53:59','barangay',511,111,NULL,'Hinaguimitan'),(1448,'10.63428372150,124.93826155000','2013-11-19 22:15:50','2013-11-21 20:53:59','barangay',333,72,NULL,'Liberacion'),(1449,'10.56090449950,124.94463589900','2013-11-19 22:15:50','2013-11-21 20:53:59','barangay',663,144,NULL,'Mabuhay'),(1450,'10.58404212870,125.01156390100','2013-11-19 22:15:50','2013-11-21 20:53:59','barangay',447,97,NULL,'Mabunga'),(1451,'10.64973250240,124.93885226500','2013-11-19 22:15:50','2013-11-21 20:53:59','barangay',114,25,NULL,'Magsuganao'),(1452,'10.53710520010,124.94931741200','2013-11-19 22:15:50','2013-11-21 20:53:59','barangay',179,39,NULL,'Maligaya'),(1453,'10.57193572000,124.94771101700','2013-11-19 22:15:50','2013-11-21 20:53:59','barangay',1007,392,NULL,'Malinao'),(1454,'10.61282932810,124.94019259600','2013-11-19 22:15:50','2013-11-21 20:53:59','barangay',196,43,NULL,'Malipoon'),(1455,'10.62713313560,124.94770906100','2013-11-19 22:15:50','2013-11-21 20:53:59','barangay',799,174,NULL,'Pala'),(1456,'10.62878853170,124.95580101600','2013-11-19 22:15:50','2013-11-21 20:53:59','barangay',388,84,NULL,'Paril'),(1457,'10.53881415930,125.00961912500','2013-11-19 22:15:50','2013-11-21 20:53:59','barangay',942,205,NULL,'Pinamonoan'),(1458,'10.53436138030,124.96637986800','2013-11-19 22:15:50','2013-11-21 20:53:59','barangay',2817,612,NULL,'Polahongon'),(1459,'10.56766762570,124.95932419300','2013-11-19 22:15:50','2013-11-21 20:53:59','barangay',774,168,NULL,'Uguis'),(1460,'10.61954625740,124.96452808700','2013-11-19 22:15:50','2013-11-21 20:53:59','barangay',1357,295,NULL,'Upper Mahaplag'),(1461,'11.17224612800,124.49853107200','2013-11-19 22:15:50','2013-11-21 20:53:59','barangay',1892,411,NULL,'Balagtas'),(1462,'11.15318407960,124.47906166700','2013-11-19 22:15:50','2013-11-21 20:53:59','barangay',592,129,NULL,'Bonoy (Pob.)'),(1463,'11.11956066130,124.48838087500','2013-11-19 22:15:50','2013-11-21 20:53:59','barangay',426,93,NULL,'Cambadbad'),(1464,'11.13042647010,124.47048674900','2013-11-19 22:15:50','2013-11-21 20:53:59','barangay',736,160,NULL,'Candelaria'),(1465,'11.14682154710,124.46387418600','2013-11-19 22:15:50','2013-11-21 20:53:59','barangay',681,148,NULL,'Cansoso'),(1466,'11.14132361780,124.45543843700','2013-11-19 22:15:50','2013-11-21 20:53:59','barangay',260,57,NULL,'Malazarte'),(1467,'11.15173922990,124.47236316700','2013-11-19 22:15:50','2013-11-21 20:53:59','barangay',826,180,NULL,'Mansahaon'),(1468,'11.14141224650,124.46910419600','2013-11-19 22:15:50','2013-11-21 20:53:59','barangay',1042,227,NULL,'Mansalip (Pob.)'),(1469,'11.12476056900,124.42899525600','2013-11-19 22:15:50','2013-11-21 20:53:59','barangay',443,96,NULL,'Masaba'),(1470,'11.17642006310,124.49628869200','2013-11-19 22:15:50','2013-11-21 20:53:59','barangay',497,108,NULL,'Naulayan'),(1471,'11.14479737800,124.47210710100','2013-11-19 22:15:50','2013-11-21 20:53:59','barangay',743,162,NULL,'Riverside (Pob.)'),(1472,'11.15573135870,124.47141513700','2013-11-19 22:15:50','2013-11-21 20:53:59','barangay',1100,67,NULL,'San Dionisio'),(1473,'11.13614546520,124.46212008100','2013-11-19 22:15:50','2013-11-21 20:53:59','barangay',593,129,NULL,'San Guillermo'),(1474,'11.14987892850,124.48748315400','2013-11-19 22:15:50','2013-11-21 20:53:59','barangay',736,160,NULL,'San Marcelino'),(1475,'11.13411134420,124.49259808900','2013-11-19 22:15:50','2013-11-21 20:53:59','barangay',658,196,NULL,'San Sebastian'),(1476,'11.14884261300,124.47586350400','2013-11-19 22:15:50','2013-11-21 20:53:59','barangay',564,123,NULL,'Talisay (Pob.)'),(1477,'10.25424238300,124.77850431900','2013-11-19 22:15:50','2013-11-21 20:54:00','barangay',1142,248,NULL,'Agbanga'),(1478,'10.20677415160,124.77160466600','2013-11-19 22:15:50','2013-11-21 20:54:00','barangay',1945,423,NULL,'Cahagnaan'),(1479,'10.20505411490,124.78383720600','2013-11-19 22:15:50','2013-11-21 20:53:59','barangay',1036,225,NULL,'Calumpang'),(1480,'10.21918703710,124.80091043500','2013-11-19 22:15:50','2013-11-21 20:53:59','barangay',280,61,NULL,'Caningag'),(1481,'10.27588963090,124.78919814800','2013-11-19 22:15:50','2013-11-21 20:54:00','barangay',1202,261,NULL,'Caridad Norte'),(1482,'10.26714480560,124.78577672000','2013-11-19 22:15:50','2013-11-21 20:53:59','barangay',1109,241,NULL,'Caridad Sur'),(1483,'10.25316705480,124.79451975700','2013-11-19 22:15:50','2013-11-21 20:54:00','barangay',1531,333,NULL,'Elevado'),(1484,'10.22912010470,124.80246945900','2013-11-19 22:15:50','2013-11-21 20:54:00','barangay',699,152,NULL,'Hitoog'),(1485,'10.23998467160,124.77751656300','2013-11-19 22:15:50','2013-11-21 20:54:00','barangay',910,198,NULL,'Itum'),(1486,'10.28368212090,124.86285071800','2013-11-19 22:15:50','2013-11-21 20:54:00','barangay',606,132,NULL,'Lowan'),(1487,'10.24051429950,124.81853919200','2013-11-19 22:15:50','2013-11-21 20:54:00','barangay',1104,240,NULL,'President Garcia'),(1488,'10.30676848110,124.79425084100','2013-11-19 22:15:50','2013-11-21 20:53:59','barangay',1006,219,NULL,'Punong'),(1489,'10.28604850650,124.79227779500','2013-11-19 22:15:50','2013-11-21 20:53:59','barangay',796,173,NULL,'San Isidro (Pob.)'),(1490,'10.28661749350,124.78715672500','2013-11-19 22:15:50','2013-11-21 20:54:00','barangay',970,211,NULL,'San Pedro (Pob.)'),(1491,'10.27740048210,124.80649227100','2013-11-19 22:15:50','2013-11-21 20:54:00','barangay',1217,265,NULL,'San Salvador'),(1492,'10.29973867060,124.82787783700','2013-11-19 22:15:50','2013-11-21 20:54:00','barangay',1629,354,NULL,'Santa Paz'),(1493,'10.19158827840,124.77061735700','2013-11-19 22:15:50','2013-11-21 20:54:00','barangay',1250,272,NULL,'Tag-os'),(1494,'10.29245278370,124.80686448100','2013-11-19 22:15:50','2013-11-21 20:54:00','barangay',533,116,NULL,'Taglibas Imelda'),(1495,'10.27704958380,124.84064625100','2013-11-19 22:15:50','2013-11-21 20:54:00','barangay',1277,278,NULL,'Templanza'),(1496,'10.29581295490,124.89054309200','2013-11-19 22:15:50','2013-11-21 20:54:00','barangay',478,104,NULL,'Waterloo'),(1497,'10.29677563190,124.79543820000','2013-11-19 22:15:50','2013-11-21 20:54:00','barangay',1545,336,NULL,'Zaragoza'),(1498,'10.90031371970,124.98470406300','2013-11-19 22:15:50','2013-11-21 20:53:59','barangay',1102,240,NULL,'A. Bonifacio'),(1499,'10.87698404420,124.97852540700','2013-11-19 22:15:50','2013-11-21 20:53:59','barangay',456,99,NULL,'Burgos'),(1500,'10.88940156790,124.99885965600','2013-11-19 22:15:50','2013-11-21 20:53:59','barangay',790,172,NULL,'General Antonio Luna'),(1501,'10.85539072300,124.96838517900','2013-11-19 22:15:50','2013-11-21 20:53:59','barangay',563,122,NULL,'Wilson'),(1502,'10.87205149350,124.50373002200','2013-11-19 22:15:50','2013-11-21 20:53:59','barangay',840,183,NULL,'Binabaye'),(1503,'11.00138357870,124.51075269100','2013-11-19 22:15:50','2013-11-21 20:53:59','barangay',903,196,NULL,'Cabaliwan'),(1504,'10.87935297480,124.50941976000','2013-11-19 22:15:50','2013-11-21 20:53:59','barangay',1020,222,NULL,'Calunangan'),(1505,'10.95012287450,124.51692763900','2013-11-19 22:15:50','2013-11-21 20:53:59','barangay',734,160,NULL,'Calunasan'),(1506,'10.90503869280,124.50473272100','2013-11-19 22:15:50','2013-11-21 20:53:59','barangay',801,174,NULL,'Cambalong'),(1507,'10.95520097860,124.54217244400','2013-11-19 22:15:50','2013-11-21 20:53:59','barangay',947,206,NULL,'Can-unzo'),(1508,'10.97004871810,124.50263088100','2013-11-19 22:15:50','2013-11-21 20:53:59','barangay',1009,219,NULL,'Canbantug'),(1509,'10.96299679950,124.53824964700','2013-11-19 22:15:50','2013-11-21 20:53:59','barangay',1911,415,NULL,'Casilda'),(1510,'10.93242064040,124.54044497200','2013-11-19 22:15:50','2013-11-21 20:53:59','barangay',1931,420,NULL,'Lamanoc'),(1511,'10.92675313340,124.51131343000','2013-11-19 22:15:50','2013-11-21 20:53:59','barangay',638,139,NULL,'Lundag'),(1512,'10.90245750720,124.52210327700','2013-11-19 22:15:50','2013-11-21 20:53:59','barangay',933,203,NULL,'Macario'),(1513,'10.89250088810,124.52397531600','2013-11-19 22:15:50','2013-11-21 20:53:59','barangay',1216,264,NULL,'Mahalit'),(1514,'10.98269265640,124.49764983000','2013-11-19 22:15:50','2013-11-21 20:53:59','barangay',637,138,NULL,'Masumbang'),(1515,'10.93464127540,124.52074665200','2013-11-19 22:15:50','2013-11-21 20:53:59','barangay',549,119,NULL,'Mat-e'),(1516,'11.08091418270,124.56594398300','2013-11-19 22:15:50','2013-11-21 20:53:59','barangay',969,211,NULL,'Airport'),(1517,'11.01983520910,124.62396779100','2013-11-19 22:15:50','2013-11-21 20:53:59','barangay',2697,586,NULL,'Alta Vista'),(1518,'11.06322620980,124.63553542400','2013-11-19 22:15:50','2013-11-21 20:53:59','barangay',465,101,NULL,'Bagong'),(1519,'11.04099545070,124.70838083600','2013-11-19 22:15:50','2013-11-21 20:53:59','barangay',5524,1201,NULL,'Bagong Buhay'),(1520,'11.00404377650,124.60668642800','2013-11-19 22:15:50','2013-11-21 20:53:59','barangay',198,43,NULL,'Barangay 1 (Pob.)'),(1521,'11.00633781170,124.61061223500','2013-11-19 22:15:50','2013-11-21 20:53:59','barangay',449,98,NULL,'Barangay 10 (Pob.)'),(1522,'11.00578629140,124.61022732000','2013-11-19 22:15:50','2013-11-21 20:53:59','barangay',278,60,NULL,'Barangay 11 (Pob.)'),(1523,'11.00484685270,124.61004261600','2013-11-19 22:15:50','2013-11-21 20:53:59','barangay',202,44,NULL,'Barangay 12 (Pob.)'),(1524,'11.00490526390,124.61092758500','2013-11-19 22:15:50','2013-11-21 20:53:59','barangay',358,78,NULL,'Barangay 13 (Pob.)'),(1525,'11.01176588060,124.60895819400','2013-11-19 22:15:50','2013-11-21 20:53:59','barangay',61,13,NULL,'Barangay 14 (Pob.)'),(1526,'11.00518368650,124.61214417700','2013-11-19 22:15:50','2013-11-21 20:53:59','barangay',262,57,NULL,'Barangay 15 (Pob.)'),(1527,'11.00546791770,124.61301969800','2013-11-19 22:15:50','2013-11-21 20:53:59','barangay',170,37,NULL,'Barangay 16 (Pob.)'),(1528,'11.00747234870,124.60713648300','2013-11-19 22:15:50','2013-11-21 20:53:59','barangay',384,83,NULL,'Barangay 17 (Pob.)'),(1529,'11.00801724840,124.60975667800','2013-11-19 22:15:50','2013-11-21 20:53:59','barangay',145,32,NULL,'Barangay 18 (Pob.)'),(1530,'11.00794226930,124.60920838900','2013-11-19 22:15:50','2013-11-21 20:53:59','barangay',425,92,NULL,'Barangay 19 (Pob.)'),(1531,'11.00340601200,124.61016270400','2013-11-19 22:15:50','2013-11-21 20:53:59','barangay',14,3,NULL,'Barangay 2 (Pob.)'),(1532,'11.00915154390,124.60942869600','2013-11-19 22:15:50','2013-11-21 20:53:59','barangay',184,40,NULL,'Barangay 20 (Pob.)'),(1533,'11.01116271580,124.61004380500','2013-11-19 22:15:50','2013-11-21 20:53:59','barangay',278,60,NULL,'Barangay 21 (Pob.)'),(1534,'11.00867773000,124.60886068900','2013-11-19 22:15:50','2013-11-21 20:53:59','barangay',316,69,NULL,'Barangay 22 (Pob.)'),(1535,'11.00699105940,124.60882172200','2013-11-19 22:15:50','2013-11-21 20:53:59','barangay',277,60,NULL,'Barangay 23 (Pob.)'),(1536,'11.00909237490,124.60763125100','2013-11-19 22:15:50','2013-11-21 20:53:59','barangay',164,36,NULL,'Barangay 24 (Pob.)'),(1537,'11.00752586130,124.61204377200','2013-11-19 22:15:50','2013-11-21 20:53:59','barangay',348,76,NULL,'Barangay 25 (Pob.)'),(1538,'11.00990396570,124.61253644000','2013-11-19 22:15:50','2013-11-21 20:53:59','barangay',1056,230,NULL,'Barangay 26 (Pob.)'),(1539,'11.00409815090,124.61236062700','2013-11-19 22:15:50','2013-11-21 20:53:59','barangay',232,50,NULL,'Barangay 27 (Pob.)'),(1540,'11.00785593020,124.61027617400','2013-11-19 22:15:50','2013-11-21 20:53:59','barangay',1626,353,NULL,'Barangay 28 (Pob.)'),(1541,'11.02019901790,124.61137338400','2013-11-19 22:15:50','2013-11-21 20:53:59','barangay',3593,781,NULL,'Barangay 29 (Pob.)'),(1542,'11.00456288180,124.60838792100','2013-11-19 22:15:50','2013-11-21 20:53:59','barangay',55,12,NULL,'Barangay 3 (Pob.)'),(1543,'11.00625864620,124.60679007400','2013-11-19 22:15:50','2013-11-21 20:53:59','barangay',592,129,NULL,'Barangay 4 (Pob.)'),(1544,'11.00611027590,124.60786456600','2013-11-19 22:15:50','2013-11-21 20:53:59','barangay',45,10,NULL,'Barangay 5 (Pob.)'),(1545,'11.00583233960,124.60838337700','2013-11-19 22:15:50','2013-11-21 20:53:59','barangay',40,9,NULL,'Barangay 6 (Pob.)'),(1546,'11.00565886060,124.60883020400','2013-11-19 22:15:50','2013-11-21 20:53:59','barangay',107,23,NULL,'Barangay 7 (Pob.)'),(1547,'11.00515081800,124.60924900100','2013-11-19 22:15:50','2013-11-21 20:53:59','barangay',77,17,NULL,'Barangay 8 (Pob.)'),(1548,'11.00642961510,124.60949977800','2013-11-19 22:15:50','2013-11-21 20:53:59','barangay',99,22,NULL,'Barangay 9 (Pob.)'),(1549,'11.00740891830,124.60408744700','2013-11-19 22:15:50','2013-11-21 20:53:59','barangay',677,147,NULL,'Batuan'),(1550,'11.08657045320,124.53127355200','2013-11-19 22:15:50','2013-11-21 20:53:59','barangay',1055,229,NULL,'Bayog'),(1551,'11.03500568410,124.60786082600','2013-11-19 22:15:50','2013-11-21 20:53:59','barangay',729,158,NULL,'Biliboy'),(1552,'10.98008077030,124.65652949700','2013-11-19 22:15:50','2013-11-21 20:53:59','barangay',1828,397,NULL,'Borok'),(1553,'11.10546350690,124.64356882700','2013-11-19 22:15:50','2013-11-21 20:53:59','barangay',442,96,NULL,'Cabaon-an'),(1554,'11.09625986910,124.68884789900','2013-11-19 22:15:50','2013-11-21 20:53:59','barangay',1624,353,NULL,'Cabintan'),(1555,'11.09939564630,124.59270545800','2013-11-19 22:15:50','2013-11-21 20:53:59','barangay',1709,372,NULL,'Cabulihan'),(1556,'11.10398459050,124.58682758300','2013-11-19 22:15:50','2013-11-21 20:53:59','barangay',1587,345,NULL,'Cagbuhangin'),(1557,'10.99922630460,124.62003796000','2013-11-19 22:15:50','2013-11-21 20:53:59','barangay',2687,584,NULL,'Camp Downes'),(1558,'11.00579071420,124.62503534800','2013-11-19 22:15:50','2013-11-21 20:53:59','barangay',2446,532,NULL,'Can-adieng'),(1559,'','2013-11-19 22:15:50','2013-11-19 22:15:50','barangay',NULL,NULL,NULL,'Can-alo'),(1560,'10.97760010010,124.66571840500','2013-11-19 22:15:50','2013-11-21 20:53:59','barangay',1495,325,NULL,'Can-untog'),(1561,'11.09207325120,124.56540088700','2013-11-19 22:15:50','2013-11-21 20:53:59','barangay',765,166,NULL,'Catmon'),(1562,'11.02270039470,124.60320809300','2013-11-19 22:15:50','2013-11-21 20:53:59','barangay',8049,1750,NULL,'Cogon Combado'),(1563,'11.09212858690,124.59595324100','2013-11-19 22:15:50','2013-11-21 20:53:59','barangay',1605,360,NULL,'Concepcion'),(1564,'10.96139603220,124.65603439400','2013-11-19 22:15:50','2013-11-21 20:53:59','barangay',1230,267,NULL,'Danhug'),(1565,'11.08246197830,124.61091474800','2013-11-19 22:15:50','2013-11-21 20:53:59','barangay',1588,345,NULL,'Dayhagan'),(1566,'11.07655922160,124.62855228700','2013-11-19 22:15:50','2013-11-21 20:53:59','barangay',2565,558,NULL,'Dolores'),(1567,'11.06272957090,124.53260589900','2013-11-19 22:15:50','2013-11-21 20:53:59','barangay',1105,240,NULL,'Domonar'),(1568,'11.01506792590,124.61666186800','2013-11-19 22:15:50','2013-11-21 20:53:59','barangay',1581,344,NULL,'Don Felipe Larrazabal'),(1569,'11.12974319780,124.53696923500','2013-11-19 22:15:50','2013-11-21 20:53:59','barangay',621,135,NULL,'Don Potenciano Larrazabal'),(1570,'11.02955355720,124.61793130600','2013-11-19 22:15:50','2013-11-21 20:53:59','barangay',1651,359,NULL,'Do'),(1571,'11.04969674020,124.63795394600','2013-11-19 22:15:50','2013-11-21 20:53:59','barangay',2017,438,NULL,'Donghol'),(1572,'','2013-11-19 22:15:50','2013-11-20 14:52:44','barangay',645,140,NULL,'Esperansa'),(1573,'11.06868165880,124.52032408900','2013-11-19 22:15:50','2013-11-21 20:53:59','barangay',849,185,NULL,'Green Valley'),(1574,'11.01983858360,124.66745487400','2013-11-19 22:15:50','2013-11-21 20:53:59','barangay',558,121,NULL,'Hugpa'),(1575,'10.98389018570,124.64236051200','2013-11-19 22:15:50','2013-11-21 20:53:59','barangay',7743,1683,NULL,'Ipil'),(1576,'11.07260504240,124.59667673000','2013-11-19 22:15:50','2013-11-21 20:53:59','barangay',1723,375,NULL,'Juaton'),(1577,'11.10752943370,124.57943836400','2013-11-19 22:15:50','2013-11-21 20:53:59','barangay',1560,339,NULL,'Kadaohan'),(1578,'11.07296151420,124.55365301400','2013-11-19 22:15:50','2013-11-21 20:53:59','barangay',1941,422,NULL,'Labrador (Balion)'),(1579,'11.00727686890,124.56064195800','2013-11-19 22:15:50','2013-11-21 20:53:59','barangay',4688,1019,NULL,'Lao'),(1580,'11.09975273790,124.52581400500','2013-11-19 22:15:50','2013-11-21 20:53:59','barangay',743,162,NULL,'Leondoni'),(1581,'11.04519970920,124.52264435100','2013-11-19 22:15:50','2013-11-21 20:53:59','barangay',1241,270,NULL,'Licuma'),(1582,'11.03467943950,124.54921390000','2013-11-19 22:15:50','2013-11-21 20:53:59','barangay',3621,787,NULL,'Liloan'),(1583,'11.06408457450,124.61490731200','2013-11-19 22:15:50','2013-11-21 20:53:59','barangay',1687,367,NULL,'Luna'),(1584,'11.04266585390,124.53490893800','2013-11-19 22:15:50','2013-11-21 20:53:59','barangay',1225,266,NULL,'Mabato'),(1585,'10.95635339920,124.66962553600','2013-11-19 22:15:50','2013-11-21 20:53:59','barangay',2853,620,NULL,'Macabug'),(1586,'11.04619887770,124.61179215300','2013-11-19 22:15:50','2013-11-21 20:53:59','barangay',449,98,NULL,'Magaswi'),(1587,'11.09231021440,124.49516594200','2013-11-19 22:15:50','2013-11-21 20:53:59','barangay',2103,457,NULL,'Manlilinao'),(1588,'11.01228016260,124.53078091200','2013-11-19 22:15:50','2013-11-21 20:53:59','barangay',3026,658,NULL,'Margen'),(1589,'11.05492263450,124.50614999600','2013-11-19 22:15:50','2013-11-21 20:53:59','barangay',1900,413,NULL,'Mas-in'),(1590,'11.11284162800,124.55405648300','2013-11-19 22:15:50','2013-11-21 20:53:59','barangay',2889,628,NULL,'Matica-a'),(1591,'11.10741207950,124.67296944100','2013-11-19 22:15:50','2013-11-21 20:53:59','barangay',1805,392,NULL,'Milagro'),(1592,'11.07128797650,124.57670077200','2013-11-19 22:15:50','2013-11-21 20:53:59','barangay',1398,304,NULL,'Nasunogan'),(1593,'11.01467879590,124.58102781100','2013-11-19 22:15:50','2013-11-21 20:53:59','barangay',4190,911,NULL,'Naungan'),(1594,'11.09096914310,124.50979232600','2013-11-19 22:15:50','2013-11-21 20:53:59','barangay',559,122,NULL,'Nueva Sociedad'),(1595,'11.09432006140,124.62442070700','2013-11-19 22:15:50','2013-11-21 20:53:59','barangay',1305,284,NULL,'Nueva Vista'),(1596,'11.01093921650,124.67866841000','2013-11-19 22:15:50','2013-11-21 20:53:59','barangay',1063,231,NULL,'Quezon, Jr.'),(1597,'11.08554287810,124.52052850800','2013-11-19 22:15:50','2013-11-21 20:53:59','barangay',1541,335,NULL,'Rufina M. Tan'),(1598,'11.07441025490,124.53940702900','2013-11-19 22:15:50','2013-11-21 20:53:59','barangay',1927,419,NULL,'Sabang Bao'),(1599,'11.05066909060,124.60422847300','2013-11-19 22:15:50','2013-11-21 20:53:59','barangay',4146,901,NULL,'San Pablo (Simangan)'),(1600,'11.02419171390,124.64468291100','2013-11-19 22:15:50','2013-11-21 20:53:59','barangay',1184,257,NULL,'Sumangga'),(1601,'11.02224330830,124.59425994000','2013-11-19 22:15:50','2013-11-21 20:53:59','barangay',9403,2044,NULL,'Tambulilid'),(1602,'11.10264367530,124.56695770300','2013-11-19 22:15:50','2013-11-21 20:53:59','barangay',4145,901,NULL,'Valencia'),(1603,'11.15341702860,124.94854853800','2013-11-19 22:15:50','2013-11-21 20:53:59','barangay',1163,253,NULL,'Anahaway'),(1604,'11.16364183840,125.00522897100','2013-11-19 22:15:50','2013-11-21 20:53:59','barangay',3537,769,NULL,'Baras'),(1605,'11.16354104190,124.98846442600','2013-11-19 22:15:50','2013-11-21 20:53:59','barangay',1544,336,NULL,'Buri (Pob.)'),(1606,'11.10798931560,124.95129178700','2013-11-19 22:15:50','2013-11-21 20:53:59','barangay',735,160,NULL,'Cabarasan Daku'),(1607,'11.12501976920,124.98709381900','2013-11-19 22:15:50','2013-11-21 20:53:59','barangay',373,81,NULL,'Cabarasan Guti'),(1608,'11.18471008020,124.99577358000','2013-11-19 22:15:50','2013-11-21 20:53:59','barangay',1694,368,NULL,'Campetik'),(1609,'11.17537849970,125.00901981400','2013-11-19 22:15:50','2013-11-21 20:53:59','barangay',1539,335,NULL,'Candahug'),(1610,'11.12346522480,124.96501589900','2013-11-19 22:15:50','2013-11-21 20:53:59','barangay',1018,221,NULL,'Cangumbang'),(1611,'11.13711060880,124.97067550500','2013-11-19 22:15:50','2013-11-21 20:53:59','barangay',803,175,NULL,'Canhidoc'),(1612,'11.12715130780,124.95637990300','2013-11-19 22:15:50','2013-11-21 20:53:59','barangay',1869,406,NULL,'Capirawan'),(1613,'11.14329065420,124.92877462100','2013-11-19 22:15:50','2013-11-21 20:53:59','barangay',1500,326,NULL,'Castilla'),(1614,'11.15772514290,124.98681706400','2013-11-19 22:15:50','2013-11-21 20:53:59','barangay',2515,547,NULL,'Cavite East (Pob.)'),(1615,'11.15990645430,124.98461295100','2013-11-19 22:15:50','2013-11-21 20:53:59','barangay',2156,469,NULL,'Cavite West (Pob.)'),(1616,'11.15116310260,125.00168190500','2013-11-19 22:15:50','2013-11-21 20:53:59','barangay',2731,594,NULL,'Cogon (Cogon San Joaquin)'),(1617,'11.13909652570,124.95856598700','2013-11-19 22:15:50','2013-11-21 20:53:59','barangay',2508,545,NULL,'Gacao'),(1618,'11.16261461380,124.99153181800','2013-11-19 22:15:50','2013-11-21 20:53:59','barangay',457,99,NULL,'Luntad (Pob.)'),(1619,'11.15656937380,124.99120711700','2013-11-19 22:15:50','2013-11-21 20:53:59','barangay',2330,507,NULL,'Naga-naga'),(1620,'11.18169410730,125.00768833500','2013-11-19 22:15:50','2013-11-21 20:53:59','barangay',4217,917,NULL,'Pawing'),(1621,'11.15609377840,124.98837102100','2013-11-19 22:15:50','2013-11-21 20:53:59','barangay',1480,322,NULL,'Santa Cruz (Pob.)'),(1622,'11.14884669320,124.97760721700','2013-11-19 22:15:50','2013-11-21 20:53:59','barangay',1561,339,NULL,'Tacuranga'),(1623,'11.13987451050,124.94657483500','2013-11-19 22:15:50','2013-11-21 20:53:59','barangay',1311,285,NULL,'Teraza'),(1624,'10.98314384680,124.41387813500','2013-11-19 22:15:50','2013-11-21 20:53:59','barangay',902,196,NULL,'Baguinbin'),(1625,'11.04456294300,124.38681327700','2013-11-19 22:15:50','2013-11-21 20:53:59','barangay',1879,408,NULL,'Bitaog Pob. (Ypil III)'),(1626,'11.09307167760,124.41820221900','2013-11-19 22:15:50','2013-11-21 20:53:59','barangay',683,148,NULL,'Caduhaan'),(1627,'11.03971904570,124.46578875500','2013-11-19 22:15:50','2013-11-21 20:53:59','barangay',900,196,NULL,'Cambakbak'),(1628,'11.03001173790,124.40706591900','2013-11-19 22:15:50','2013-11-21 20:53:59','barangay',773,168,NULL,'Cambinoy'),(1629,'11.01262346440,124.41933300100','2013-11-19 22:15:50','2013-11-21 20:53:59','barangay',724,157,NULL,'Cangcosme'),(1630,'10.99707775850,124.42649513500','2013-11-19 22:15:50','2013-11-21 20:53:59','barangay',623,135,NULL,'Cangmuya'),(1631,'10.95325842990,124.40630597000','2013-11-19 22:15:50','2013-11-21 20:53:59','barangay',1050,228,NULL,'Canipaan'),(1632,'11.05260839190,124.40795386500','2013-11-19 22:15:50','2013-11-21 20:53:59','barangay',1128,245,NULL,'Cantandoy'),(1633,'10.94592649350,124.39647421100','2013-11-19 22:15:50','2013-11-21 20:53:59','barangay',1678,365,NULL,'Cantuhaon'),(1634,'11.01153886280,124.45081950100','2013-11-19 22:15:50','2013-11-21 20:53:59','barangay',279,61,NULL,'Catigahan'),(1635,'11.05038359670,124.38969728400','2013-11-19 22:15:50','2013-11-21 20:53:59','barangay',672,146,NULL,'Central 1 (Pob.)'),(1636,'11.04907708350,124.38932543200','2013-11-19 22:15:50','2013-11-21 20:53:59','barangay',961,209,NULL,'Central 2 (Pob.)'),(1637,'10.97571172440,124.40948754400','2013-11-19 22:15:50','2013-11-21 20:53:59','barangay',958,208,NULL,'Cruz'),(1638,'10.93089630440,124.39354258400','2013-11-19 22:15:50','2013-11-21 20:53:59','barangay',988,215,NULL,'Duljugan'),(1639,'11.05435090800,124.38977145800','2013-11-19 22:15:50','2013-11-21 20:53:59','barangay',1661,361,NULL,'Guiwan 1 (Pob.)'),(1640,'11.05201202120,124.38986070800','2013-11-19 22:15:50','2013-11-21 20:53:59','barangay',899,195,NULL,'Guiwan 2 (Pob.)'),(1641,'11.08602965050,124.40821243700','2013-11-19 22:15:50','2013-11-21 20:53:59','barangay',861,187,NULL,'Himarco'),(1642,'11.04765691240,124.38928440900','2013-11-19 22:15:50','2013-11-21 20:53:59','barangay',461,100,NULL,'Hinablayan Pob. (Central 3)'),(1643,'11.03058871840,124.45037864100','2013-11-19 22:15:50','2013-11-21 20:53:59','barangay',463,101,NULL,'Hinagbuan'),(1644,'11.01087755590,124.43584403200','2013-11-19 22:15:50','2013-11-21 20:53:59','barangay',1358,295,NULL,'Lat-osan'),(1645,'11.10376950900,124.40859974600','2013-11-19 22:15:50','2013-11-21 20:53:59','barangay',1473,320,NULL,'Lomonon'),(1646,'11.04269031750,124.39333725600','2013-11-19 22:15:50','2013-11-21 20:53:59','barangay',3775,821,NULL,'Mazawalo Pob. (Lili-on)'),(1647,'11.00054659680,124.40209415000','2013-11-19 22:15:50','2013-11-21 20:53:59','barangay',754,164,NULL,'Parilla'),(1648,'11.04645004450,124.38928634000','2013-11-19 22:15:50','2013-11-21 20:53:59','barangay',1549,337,NULL,'Pinagdait Pob. (Ypil I)'),(1649,'11.04524458970,124.39237239800','2013-11-19 22:15:50','2013-11-21 20:53:59','barangay',1567,341,NULL,'Pinaghi-usa Pob. (Ypil II)'),(1650,'11.03161006390,124.42924631800','2013-11-19 22:15:50','2013-11-21 20:53:59','barangay',1379,300,NULL,'Taberna'),(1651,'11.09321741240,124.39133683600','2013-11-19 22:15:50','2013-11-21 20:53:59','barangay',818,178,NULL,'Tinabilan'),(1652,'11.13164466660,124.89031145800','2013-11-19 22:15:50','2013-11-21 20:53:59','barangay',338,73,NULL,'Arabunog'),(1653,'11.10917192220,124.86986013400','2013-11-19 22:15:50','2013-11-21 20:53:59','barangay',458,100,NULL,'Aringit'),(1654,'11.13826823950,124.91091727200','2013-11-19 22:15:50','2013-11-21 20:53:59','barangay',328,71,NULL,'Cabaohan'),(1655,'11.13201143480,124.89939006600','2013-11-19 22:15:50','2013-11-21 20:53:59','barangay',418,91,NULL,'Cancaraja'),(1656,'11.12086647570,124.91999477700','2013-11-19 22:15:50','2013-11-21 20:53:59','barangay',553,120,NULL,'Caninoan'),(1657,'11.12159576140,124.90486944300','2013-11-19 22:15:50','2013-11-21 20:53:59','barangay',216,47,NULL,'Capilla'),(1658,'11.10717956650,124.91113487100','2013-11-19 22:15:50','2013-11-21 20:53:59','barangay',799,174,NULL,'Colawen'),(1659,'11.13675481360,124.88220090400','2013-11-19 22:15:50','2013-11-21 20:53:59','barangay',393,85,NULL,'District 1 (Pob.)'),(1660,'11.14022948390,124.88105948200','2013-11-19 22:15:50','2013-11-21 20:53:59','barangay',993,216,NULL,'District 2 (Pob.)'),(1661,'11.13791598740,124.88814965200','2013-11-19 22:15:50','2013-11-21 20:53:59','barangay',633,138,NULL,'District 3 (Pob.)'),(1662,'11.14060848800,124.88697757700','2013-11-19 22:15:50','2013-11-21 20:53:59','barangay',887,193,NULL,'District 4 (Pob.)'),(1663,'11.10766161430,124.90227447100','2013-11-19 22:15:50','2013-11-21 20:53:59','barangay',531,115,NULL,'Dumarag'),(1664,'11.14157684220,124.85619714100','2013-11-19 22:15:50','2013-11-21 20:53:59','barangay',432,94,NULL,'Halaba'),(1665,'11.14033527180,124.90024814300','2013-11-19 22:15:50','2013-11-21 20:53:59','barangay',684,149,NULL,'Jones'),(1666,'11.14613942380,124.87260215900','2013-11-19 22:15:50','2013-11-21 20:53:59','barangay',509,111,NULL,'Lima'),(1667,'11.11558053330,124.84576512000','2013-11-19 22:15:50','2013-11-21 20:53:59','barangay',465,101,NULL,'Macalpiay'),(1668,'11.12800362130,124.91391358100','2013-11-19 22:15:50','2013-11-21 20:53:59','barangay',947,206,NULL,'Manaybanay'),(1669,'11.12014027720,124.88771677100','2013-11-19 22:15:50','2013-11-21 20:53:59','barangay',444,97,NULL,'Sapsap'),(1670,'11.14826468760,124.89419868200','2013-11-19 22:15:50','2013-11-21 20:53:59','barangay',409,89,NULL,'Socsocon'),(1671,'11.09559612760,124.79650137600','2013-11-19 22:15:50','2013-11-21 20:53:59','barangay',760,165,NULL,'Tingib'),(1672,'11.10564266290,124.88721357300','2013-11-19 22:15:50','2013-11-21 20:53:59','barangay',1020,222,NULL,'Yapad'),(1673,'11.37567868370,124.39491051700','2013-11-19 22:15:50','2013-11-21 20:53:59','barangay',2615,568,NULL,'Banat-e'),(1674,'11.40755309050,124.34991413800','2013-11-19 22:15:50','2013-11-21 20:53:59','barangay',1431,311,NULL,'Bawod (Pob.)'),(1675,'11.43354583420,124.35893771300','2013-11-19 22:15:50','2013-11-21 20:53:59','barangay',1066,232,NULL,'Cabungaan'),(1676,'11.41210277010,124.35587800600','2013-11-19 22:15:50','2013-11-21 20:53:59','barangay',1739,378,NULL,'Capi'),(1677,'11.40248817570,124.35553907400','2013-11-19 22:15:50','2013-11-21 20:53:59','barangay',1885,410,NULL,'Crossing (Pob.)'),(1678,'11.46964404410,124.31521243000','2013-11-19 22:15:50','2013-11-21 20:53:59','barangay',1610,350,NULL,'Daja-daku'),(1679,'11.45623409530,124.32464721900','2013-11-19 22:15:50','2013-11-21 20:53:59','barangay',1578,343,NULL,'Daja-diot'),(1680,'11.41731635790,124.34802182200','2013-11-19 22:15:50','2013-11-21 20:53:59','barangay',1599,348,NULL,'Hacienda Maria'),(1681,'11.42110522050,124.32234069900','2013-11-19 22:15:50','2013-11-21 20:53:59','barangay',747,162,NULL,'Matungao'),(1682,'11.48658899090,124.31945022300','2013-11-19 22:15:50','2013-11-21 20:53:59','barangay',1369,298,NULL,'Taglawigan'),(1683,'11.27503716730,124.85411957400','2013-11-19 22:15:50','2013-11-21 20:53:59','barangay',1097,238,NULL,'Bairan'),(1684,'11.28534950880,124.85397956900','2013-11-19 22:15:50','2013-11-21 20:53:59','barangay',1318,287,NULL,'Cabatianuhan'),(1685,'11.30790811960,124.81809078600','2013-11-19 22:15:50','2013-11-21 20:53:59','barangay',707,154,NULL,'Canap'),(1686,'11.29110248550,124.87978385600','2013-11-19 22:15:50','2013-11-21 20:53:59','barangay',258,56,NULL,'Capilihan'),(1687,'11.36136554920,124.81826035500','2013-11-19 22:15:50','2013-11-21 20:53:59','barangay',492,107,NULL,'Caraycaray'),(1688,'11.29500470460,124.83305391600','2013-11-19 22:15:50','2013-11-21 20:53:59','barangay',1304,283,NULL,'Cayare (West Poblacion)'),(1689,'11.31632387610,124.87261418500','2013-11-19 22:15:50','2013-11-21 20:53:59','barangay',1322,287,NULL,'Guinciaman'),(1690,'11.33288617300,124.82014260900','2013-11-19 22:15:50','2013-11-21 20:53:59','barangay',267,58,NULL,'Impo'),(1691,'11.34573844100,124.81166568100','2013-11-19 22:15:50','2013-11-21 20:53:59','barangay',240,52,NULL,'Kinalumsan'),(1692,'11.28943069860,124.82727345600','2013-11-19 22:15:50','2013-11-21 20:53:59','barangay',2177,473,NULL,'Libtong (East Poblacion)'),(1693,'11.37167229560,124.79693218100','2013-11-19 22:15:50','2013-11-21 20:53:59','barangay',454,99,NULL,'Malpag'),(1694,'11.36242213150,124.79134487800','2013-11-19 22:15:50','2013-11-21 20:53:59','barangay',594,129,NULL,'Mawodpawod'),(1695,'11.38148438610,124.80740784500','2013-11-19 22:15:50','2013-11-21 20:53:59','barangay',555,121,NULL,'Pinarigusan'),(1696,'','2013-11-19 22:15:50','2013-11-20 14:52:44','barangay',657,143,NULL,'Baculanad'),(1697,'','2013-11-19 22:15:50','2013-11-20 14:52:44','barangay',511,111,NULL,'Badiangay'),(1698,'','2013-11-19 22:15:50','2013-11-20 14:52:44','barangay',460,100,NULL,'Catoogan'),(1699,'','2013-11-19 22:15:50','2013-11-20 14:52:44','barangay',658,143,NULL,'Gapas'),(1700,'','2013-11-19 22:15:50','2013-11-20 14:52:44','barangay',815,177,NULL,'Katipunan (formerly the sitio of Pinanhadsan[4])'),(1701,'','2013-11-19 22:15:50','2013-11-20 14:52:44','barangay',657,143,NULL,'Milagrosa (formerly the sitio of Km. 17[5])'),(1702,'','2013-11-19 22:15:50','2013-11-20 14:52:44','barangay',1281,278,NULL,'Pilit'),(1703,'','2013-11-19 22:15:50','2013-11-20 14:52:44','barangay',416,90,NULL,'San Miguelay'),(1704,'','2013-11-19 22:15:50','2013-11-20 14:52:44','barangay',1991,433,NULL,'San Roque (formerly Curba[6])'),(1705,'','2013-11-19 22:15:50','2013-11-20 14:52:44','barangay',1655,360,NULL,'Tibak'),(1706,'','2013-11-19 22:15:50','2013-11-20 14:52:44','barangay',794,173,NULL,'Zone 1 (Pob.)'),(1707,'','2013-11-19 22:15:50','2013-11-20 14:52:44','barangay',849,185,NULL,'Zone 2 (Pob.)'),(1708,'','2013-11-19 22:15:50','2013-11-20 14:52:44','barangay',707,154,NULL,'Zone 3 (Pob.)'),(1709,'','2013-11-19 22:15:50','2013-11-20 14:52:44','barangay',807,175,NULL,'Zone 4 Pob. (Cabangcalan)'),(1710,'11.25852441620,124.46081533600','2013-11-19 22:15:50','2013-11-21 20:53:59','barangay',1379,300,NULL,'Butason I'),(1711,'11.26718720220,124.43416077800','2013-11-19 22:15:50','2013-11-21 20:53:59','barangay',949,206,NULL,'Butason II'),(1712,'11.29738471480,124.40456716500','2013-11-19 22:15:50','2013-11-21 20:53:59','barangay',5600,1217,NULL,'Campokpok'),(1713,'11.32833771690,124.41531715800','2013-11-19 22:15:50','2013-11-21 20:53:59','barangay',1696,369,NULL,'Gibacungan'),(1714,'11.35347131140,124.40705333600','2013-11-19 22:15:50','2013-11-21 20:53:59','barangay',1688,367,NULL,'Gimarco'),(1715,'11.27124106380,124.39919512400','2013-11-19 22:15:50','2013-11-21 20:53:59','barangay',3756,817,NULL,'Inangatan'),(1716,'11.29782052930,124.43653256800','2013-11-19 22:15:50','2013-11-21 20:53:59','barangay',2594,564,NULL,'Manlawaan'),(1717,'11.32444128520,124.38704568100','2013-11-19 22:15:50','2013-11-21 20:53:59','barangay',1659,361,NULL,'Omaganhan'),(1718,'11.35310089760,124.37145349500','2013-11-19 22:15:50','2013-11-21 20:53:59','barangay',2012,437,NULL,'Tabing'),(1719,'11.04275261820,124.96607279600','2013-11-19 22:15:50','2013-11-21 20:53:59','barangay',533,116,NULL,'Amandangay'),(1720,'11.03169441210,124.95320892800','2013-11-19 22:15:50','2013-11-21 20:53:59','barangay',646,140,NULL,'Balingasag'),(1721,'11.05792247290,124.95297200400','2013-11-19 22:15:50','2013-11-21 20:53:59','barangay',472,103,NULL,'Belisong'),(1722,'11.03375682580,124.93268199500','2013-11-19 22:15:50','2013-11-21 20:53:59','barangay',247,54,NULL,'Cambucao'),(1723,'11.06043105480,124.94275342000','2013-11-19 22:15:50','2013-11-21 20:53:59','barangay',878,191,NULL,'Capahuan'),(1724,'11.04133788450,124.95030785300','2013-11-19 22:15:50','2013-11-21 20:53:59','barangay',836,182,NULL,'District I Pob. (Quezon)'),(1725,'11.04013867940,124.95573463200','2013-11-19 22:15:50','2013-11-21 20:53:59','barangay',640,139,NULL,'District II Pob. (Rizal)'),(1726,'11.03989641770,124.96076847900','2013-11-19 22:15:50','2013-11-21 20:53:59','barangay',490,107,NULL,'District III Pob. (Bonifacio)'),(1727,'11.04599942600,124.95836018900','2013-11-19 22:15:50','2013-11-21 20:53:59','barangay',691,150,NULL,'District IV Pob. (Macarthur)'),(1728,'11.06975207440,124.94986849200','2013-11-19 22:15:50','2013-11-21 20:53:59','barangay',422,92,NULL,'Guingawan'),(1729,'11.05152218550,124.93971206600','2013-11-19 22:15:50','2013-11-21 20:53:59','barangay',731,159,NULL,'Jabong'),(1730,'11.04238944200,124.93463188500','2013-11-19 22:15:50','2013-11-21 20:53:59','barangay',711,155,NULL,'Mercadohay'),(1731,'11.05416205450,124.95893110900','2013-11-19 22:15:50','2013-11-21 20:53:59','barangay',971,211,NULL,'Mering'),(1732,'11.03296964150,124.94239168300','2013-11-19 22:15:50','2013-11-21 20:53:59','barangay',940,204,NULL,'San Pablo (Mooc)'),(1733,'11.27024458090,124.93085184500','2013-11-19 22:15:50','2013-11-21 20:54:00','barangay',2490,541,NULL,'Barangay 100 (San Roque)'),(1734,'11.33220646620,124.94801339000','2013-11-19 22:15:50','2013-11-21 20:53:59','barangay',543,118,NULL,'Barangay 101 (New Kawayan)'),(1735,'11.33635195410,124.96353231900','2013-11-19 22:15:50','2013-11-21 20:53:59','barangay',376,82,NULL,'Barangay 102 (Old Kawayan)'),(1736,'11.25542877960,124.93545775100','2013-11-19 22:15:50','2013-11-21 20:53:59','barangay',3323,722,NULL,'Barangay 103 (Palanog)'),(1737,'11.23890027200,124.94433548000','2013-11-19 22:15:50','2013-11-21 20:53:59','barangay',261,57,NULL,'Barangay 103-A (San Paglaum)'),(1738,'11.22610306300,124.96146713900','2013-11-19 22:15:50','2013-11-21 20:53:59','barangay',1777,386,NULL,'Barangay 104 (Salvacion)'),(1739,'11.31473761690,124.95138766500','2013-11-19 22:15:50','2013-11-21 20:53:59','barangay',1516,330,NULL,'Barangay 105 (Suhi)'),(1740,'11.32256145970,124.92086205300','2013-11-19 22:15:50','2013-11-21 20:53:59','barangay',910,198,NULL,'Barangay 106 (Santo Ni'),(1741,'11.33834987020,124.92428568700','2013-11-19 22:15:50','2013-11-21 20:53:59','barangay',905,197,NULL,'Barangay 107 (Santa Elena)'),(1742,'11.34863695760,124.95054109800','2013-11-19 22:15:50','2013-11-21 20:53:59','barangay',677,147,NULL,'Barangay 108 (Tagapuro)'),(1743,'11.22679234480,124.99452891500','2013-11-19 22:15:50','2013-11-21 20:53:59','barangay',5473,1190,NULL,'Barangay 109 (V & G Subd.)'),(1744,'11.21994701290,124.99953112100','2013-11-19 22:15:50','2013-11-21 20:53:59','barangay',8163,1775,NULL,'Barangay 109-A'),(1745,'11.23678088630,124.98914367500','2013-11-19 22:15:50','2013-11-21 20:53:59','barangay',4912,1068,NULL,'Barangay 110 (Utap)'),(1746,'11.25543197890,124.95040190000','2013-11-19 22:15:50','2013-11-21 20:53:59','barangay',1792,390,NULL,'Barangay 12 (Palanog Resettlement)'),(1747,'11.24611593340,124.99242784100','2013-11-19 22:15:50','2013-11-21 20:53:59','barangay',95,21,NULL,'Barangay 13'),(1748,'11.24443800410,124.99594177500','2013-11-19 22:15:50','2013-11-21 20:53:59','barangay',325,71,NULL,'Barangay 14'),(1749,'11.24496787240,124.99702992500','2013-11-19 22:15:50','2013-11-21 20:53:59','barangay',75,16,NULL,'Barangay 15'),(1750,'11.24278643710,124.99599599100','2013-11-19 22:15:50','2013-11-21 20:53:59','barangay',273,59,NULL,'Barangay 16'),(1751,'11.24327242020,124.99693687800','2013-11-19 22:15:50','2013-11-21 20:53:59','barangay',169,37,NULL,'Barangay 17'),(1752,'11.24404418360,124.99811749600','2013-11-19 22:15:50','2013-11-21 20:54:00','barangay',217,47,NULL,'Barangay 18'),(1753,'11.24146728360,124.99712840900','2013-11-19 22:15:50','2013-11-21 20:53:59','barangay',249,54,NULL,'Barangay 19'),(1754,'11.24879041650,124.99284088900','2013-11-19 22:15:50','2013-11-21 20:53:59','barangay',506,110,NULL,'Barangay 2'),(1755,'11.24206060550,124.99799206700','2013-11-19 22:15:50','2013-11-21 20:53:59','barangay',543,118,NULL,'Barangay 20'),(1756,'11.24252047490,124.99879156800','2013-11-19 22:15:50','2013-11-21 20:53:59','barangay',287,62,NULL,'Barangay 21'),(1757,'11.24304209440,124.99925488600','2013-11-19 22:15:50','2013-11-21 20:53:59','barangay',127,28,NULL,'Barangay 21-A'),(1758,'11.23990853430,124.99789523600','2013-11-19 22:15:50','2013-11-21 20:53:59','barangay',98,21,NULL,'Barangay 22'),(1759,'11.24051917810,124.99874340400','2013-11-19 22:15:50','2013-11-21 20:53:59','barangay',450,98,NULL,'Barangay 23'),(1760,'11.24090385750,124.99931803000','2013-11-19 22:15:50','2013-11-21 20:53:59','barangay',471,102,NULL,'Barangay 23-A'),(1761,'11.24176920500,125.00015576300','2013-11-19 22:15:50','2013-11-21 20:53:59','barangay',303,66,NULL,'Barangay 24'),(1762,'11.24742658450,124.99646003100','2013-11-19 22:15:50','2013-11-21 20:53:59','barangay',1842,400,NULL,'Barangay 25'),(1763,'11.24524220230,124.99854050900','2013-11-19 22:15:50','2013-11-21 20:53:59','barangay',277,60,NULL,'Barangay 26'),(1764,'11.24653772950,124.99884296900','2013-11-19 22:15:50','2013-11-21 20:53:59','barangay',243,53,NULL,'Barangay 27'),(1765,'11.24383059840,124.99966332100','2013-11-19 22:15:50','2013-11-21 20:53:59','barangay',275,60,NULL,'Barangay 28'),(1766,'11.24477546200,124.99997737200','2013-11-19 22:15:50','2013-11-21 20:53:59','barangay',152,33,NULL,'Barangay 29'),(1767,'11.24578741750,125.00011572100','2013-11-19 22:15:50','2013-11-21 20:53:59','barangay',124,27,NULL,'Barangay 30'),(1768,'11.24793622420,125.00002714900','2013-11-19 22:15:50','2013-11-21 20:53:59','barangay',706,153,NULL,'Barangay 31'),(1769,'11.24317563230,125.00090933600','2013-11-19 22:15:50','2013-11-21 20:53:59','barangay',125,27,NULL,'Barangay 32'),(1770,'11.24428050830,125.00122384800','2013-11-19 22:15:50','2013-11-21 20:53:59','barangay',179,39,NULL,'Barangay 33'),(1771,'11.24570062950,125.00133889000','2013-11-19 22:15:50','2013-11-21 20:53:59','barangay',221,48,NULL,'Barangay 34'),(1772,'11.24749035340,125.00093675300','2013-11-19 22:15:50','2013-11-21 20:53:59','barangay',274,60,NULL,'Barangay 35'),(1773,'11.24969088420,125.00072264000','2013-11-19 22:15:50','2013-11-21 20:53:59','barangay',855,186,NULL,'Barangay 35-A'),(1774,'11.24545606920,124.98905142100','2013-11-19 22:15:50','2013-11-21 20:53:59','barangay',1126,245,NULL,'Barangay 36'),(1775,'11.24338339710,124.99162657400','2013-11-19 22:15:50','2013-11-21 20:53:59','barangay',756,164,NULL,'Barangay 36-A'),(1776,'11.24004234890,124.99314257000','2013-11-19 22:15:50','2013-11-21 20:53:59','barangay',3356,730,NULL,'Barangay 37'),(1777,'11.24080203940,124.96202205700','2013-11-19 22:15:50','2013-11-21 20:53:59','barangay',944,205,NULL,'Barangay 37-A'),(1778,'11.23647038000,124.99434037100','2013-11-19 22:15:50','2013-11-21 20:53:59','barangay',359,78,NULL,'Barangay 38'),(1779,'11.23367113250,124.99533411000','2013-11-19 22:15:50','2013-11-21 20:53:59','barangay',2697,586,NULL,'Barangay 39'),(1780,'11.24066864670,124.99584641700','2013-11-19 22:15:50','2013-11-21 20:53:59','barangay',397,86,NULL,'Barangay 40'),(1781,'11.23909934100,124.99646023100','2013-11-19 22:15:50','2013-11-21 20:53:59','barangay',237,52,NULL,'Barangay 41'),(1782,'11.23715671200,124.99684658000','2013-11-19 22:15:50','2013-11-21 20:53:59','barangay',838,182,NULL,'Barangay 42'),(1783,'11.23476512080,124.99725825600','2013-11-19 22:15:50','2013-11-21 20:53:59','barangay',1620,352,NULL,'Barangay 42-A'),(1784,'11.23810056350,124.99831278000','2013-11-19 22:15:50','2013-11-21 20:53:59','barangay',456,99,NULL,'Barangay 43'),(1785,'11.23893575200,124.99940417800','2013-11-19 22:15:50','2013-11-21 20:53:59','barangay',995,216,NULL,'Barangay 43-A'),(1786,'11.23639242640,124.99912778900','2013-11-19 22:15:50','2013-11-21 20:53:59','barangay',1152,250,NULL,'Barangay 43-B'),(1787,'11.23803998600,125.00078426900','2013-11-19 22:15:50','2013-11-21 20:53:59','barangay',387,84,NULL,'Barangay 44'),(1788,'11.23951138610,125.00015017300','2013-11-19 22:15:50','2013-11-21 20:53:59','barangay',198,43,NULL,'Barangay 44-A'),(1789,'11.24002651320,125.00159871500','2013-11-19 22:15:50','2013-11-21 20:53:59','barangay',293,64,NULL,'Barangay 45'),(1790,'11.24122730770,125.00266788000','2013-11-19 22:15:50','2013-11-21 20:53:59','barangay',409,89,NULL,'Barangay 46'),(1791,'11.24545260920,125.00243580600','2013-11-19 22:15:50','2013-11-21 20:53:59','barangay',509,111,NULL,'Barangay 47'),(1792,'11.24770802620,125.00163083200','2013-11-19 22:15:50','2013-11-21 20:53:59','barangay',426,93,NULL,'Barangay 48'),(1793,'11.25055232980,125.00147887300','2013-11-19 22:15:50','2013-11-21 20:53:59','barangay',588,128,NULL,'Barangay 48-A'),(1794,'11.24775122580,125.00231193700','2013-11-19 22:15:50','2013-11-21 20:53:59','barangay',660,143,NULL,'Barangay 48-B'),(1795,'11.24268824470,125.00266413900','2013-11-19 22:15:50','2013-11-21 20:53:59','barangay',1619,352,NULL,'Barangay 49'),(1796,'11.24722274660,124.99375743900','2013-11-19 22:15:50','2013-11-21 20:53:59','barangay',376,82,NULL,'Barangay 5'),(1797,'11.24672790510,124.99302279900','2013-11-19 22:15:50','2013-11-21 20:53:59','barangay',444,97,NULL,'Barangay 5-A'),(1798,'11.24439445060,125.00352859100','2013-11-19 22:15:50','2013-11-21 20:53:59','barangay',289,63,NULL,'Barangay 50'),(1799,'11.24282941570,125.00473913400','2013-11-19 22:15:50','2013-11-21 20:53:59','barangay',707,154,NULL,'Barangay 50-A'),(1800,'11.24230873680,125.00587956300','2013-11-19 22:15:50','2013-11-21 20:53:59','barangay',798,173,NULL,'Barangay 50-B'),(1801,'11.25128633970,125.00229796400','2013-11-19 22:15:50','2013-11-21 20:53:59','barangay',507,110,NULL,'Barangay 51'),(1802,'11.24808047060,125.00321178700','2013-11-19 22:15:50','2013-11-21 20:53:59','barangay',233,51,NULL,'Barangay 51-A'),(1803,'11.25059022110,125.00395100800','2013-11-19 22:15:50','2013-11-21 20:53:59','barangay',1304,283,NULL,'Barangay 52'),(1804,'11.24605984060,125.00509114900','2013-11-19 22:15:50','2013-11-21 20:53:59','barangay',557,121,NULL,'Barangay 53'),(1805,'11.25036833250,125.00567708600','2013-11-19 22:15:50','2013-11-21 20:53:59','barangay',720,157,NULL,'Barangay 54'),(1806,'11.25074284970,125.00704680800','2013-11-19 22:15:50','2013-11-21 20:53:59','barangay',818,178,NULL,'Barangay 54-A'),(1807,'11.24505409500,125.00660113300','2013-11-19 22:15:50','2013-11-21 20:53:59','barangay',1124,244,NULL,'Barangay 56'),(1808,'11.24727720690,125.00750727200','2013-11-19 22:15:50','2013-11-21 20:53:59','barangay',631,137,NULL,'Barangay 56-A'),(1809,'11.24415067800,125.00823792300','2013-11-19 22:15:50','2013-11-21 20:53:59','barangay',968,210,NULL,'Barangay 57'),(1810,'11.24967642110,125.00814864800','2013-11-19 22:15:50','2013-11-21 20:53:59','barangay',1144,249,NULL,'Barangay 58'),(1811,'11.24529828710,125.00880158500','2013-11-19 22:15:50','2013-11-21 20:53:59','barangay',2754,599,NULL,'Barangay 59'),(1812,'11.24609624060,125.00908389600','2013-11-19 22:15:50','2013-11-21 20:53:59','barangay',3226,701,NULL,'Barangay 59-A'),(1813,'11.24687451940,125.00929213700','2013-11-19 22:15:50','2013-11-21 20:53:59','barangay',737,160,NULL,'Barangay 59-B'),(1814,'11.24626388980,124.99598010000','2013-11-19 22:15:50','2013-11-21 20:53:59','barangay',1264,275,NULL,'Barangay 6'),(1815,'11.24766286880,124.99458149100','2013-11-19 22:15:50','2013-11-21 20:53:59','barangay',1359,295,NULL,'Barangay 6-A'),(1816,'11.24750545480,125.00939155400','2013-11-19 22:15:50','2013-11-21 20:54:00','barangay',1224,266,NULL,'Barangay 60'),(1817,'11.24807573590,125.00907892200','2013-11-19 22:15:50','2013-11-21 20:53:59','barangay',1640,357,NULL,'Barangay 60-A'),(1818,'11.24515108510,125.00985187900','2013-11-19 22:15:50','2013-11-21 20:53:59','barangay',1393,303,NULL,'Barangay 61'),(1819,'11.24282649910,125.00749331900','2013-11-19 22:15:50','2013-11-21 20:53:59','barangay',1434,312,NULL,'Barangay 62'),(1820,'11.24170027210,125.00823773600','2013-11-19 22:15:50','2013-11-21 20:53:59','barangay',4645,1010,NULL,'Barangay 62-A'),(1821,'11.24309602110,125.00907681600','2013-11-19 22:15:50','2013-11-21 20:53:59','barangay',3492,759,NULL,'Barangay 62-B'),(1822,'11.23907546890,125.00347854300','2013-11-19 22:15:50','2013-11-21 20:53:59','barangay',2385,518,NULL,'Barangay 63'),(1823,'11.23843350780,125.00478101800','2013-11-19 22:15:50','2013-11-21 20:53:59','barangay',2222,483,NULL,'Barangay 64'),(1824,'11.23702340880,125.00542521500','2013-11-19 22:15:50','2013-11-21 20:53:59','barangay',1127,245,NULL,'Barangay 65'),(1825,'11.23546967910,125.00287816700','2013-11-19 22:15:50','2013-11-21 20:53:59','barangay',1419,308,NULL,'Barangay 66'),(1826,'11.23250199470,125.00152832400','2013-11-19 22:15:50','2013-11-21 20:53:59','barangay',1236,269,NULL,'Barangay 66-A'),(1827,'11.23056133440,124.99903323600','2013-11-19 22:15:50','2013-11-21 20:53:59','barangay',1213,264,NULL,'Barangay 67'),(1828,'11.22838752060,124.99967119000','2013-11-19 22:15:50','2013-11-21 20:53:59','barangay',2103,457,NULL,'Barangay 68'),(1829,'11.22655323660,125.00039270700','2013-11-19 22:15:50','2013-11-21 20:53:59','barangay',2099,456,NULL,'Barangay 69'),(1830,'11.24367020960,124.99770227100','2013-11-19 22:15:50','2013-11-21 20:53:59','barangay',302,66,NULL,'Barangay 7'),(1831,'11.22483381230,125.00036223700','2013-11-19 22:15:50','2013-11-21 20:53:59','barangay',1167,254,NULL,'Barangay 70'),(1832,'11.25508438930,124.98756289300','2013-11-19 22:15:50','2013-11-21 20:53:59','barangay',5526,1201,NULL,'Barangay 71'),(1833,'11.24924521570,124.98684473900','2013-11-19 22:15:50','2013-11-21 20:53:59','barangay',653,142,NULL,'Barangay 72'),(1834,'11.24228735240,124.98340452100','2013-11-19 22:15:50','2013-11-21 20:53:59','barangay',379,82,NULL,'Barangay 73'),(1835,'11.25031328830,124.97846414700','2013-11-19 22:15:50','2013-11-21 20:53:59','barangay',7291,1585,NULL,'Barangay 74'),(1836,'11.21277407100,125.01222446600','2013-11-19 22:15:50','2013-11-21 20:53:59','barangay',951,207,NULL,'Barangay 75'),(1837,'11.21458557570,125.00785327800','2013-11-19 22:15:50','2013-11-21 20:53:59','barangay',1024,223,NULL,'Barangay 76'),(1838,'11.21634220980,125.00400123900','2013-11-19 22:15:50','2013-11-21 20:53:59','barangay',3680,800,NULL,'Barangay 77'),(1839,'11.20971290030,125.00857831900','2013-11-19 22:15:50','2013-11-21 20:53:59','barangay',1788,389,NULL,'Barangay 78 (Marasbaras)'),(1840,'11.20273960090,125.00882211400','2013-11-19 22:15:50','2013-11-21 20:53:59','barangay',1446,314,NULL,'Barangay 79 (Marasbaras)'),(1841,'11.24543426500,124.99449167800','2013-11-19 22:15:50','2013-11-21 20:53:59','barangay',282,61,NULL,'Barangay 8'),(1842,'11.24582542070,124.99523987100','2013-11-19 22:15:50','2013-11-21 20:53:59','barangay',199,43,NULL,'Barangay 8-A'),(1843,'11.20105286440,125.00356672000','2013-11-19 22:15:50','2013-11-21 20:53:59','barangay',1231,268,NULL,'Barangay 80 (Marasbaras)'),(1844,'11.19660428110,125.00626614700','2013-11-19 22:15:50','2013-11-21 20:53:59','barangay',769,167,NULL,'Barangay 81 (Marasbaras)'),(1845,'11.19128554020,125.00332012800','2013-11-19 22:15:50','2013-11-21 20:53:59','barangay',1321,287,NULL,'Barangay 82 (Marasbaras)'),(1846,'11.22465512990,125.02129698500','2013-11-19 22:15:50','2013-11-21 20:53:59','barangay',2548,554,NULL,'Barangay 83 (San Jose)'),(1847,'11.21871670840,125.02304057100','2013-11-19 22:15:50','2013-11-21 20:53:59','barangay',1782,387,NULL,'Barangay 83-A (San Jose)'),(1848,'11.21837683430,125.03019958100','2013-11-19 22:15:50','2013-11-21 20:53:59','barangay',2665,579,NULL,'Barangay 83-B'),(1849,'11.22562478070,125.02401706100','2013-11-19 22:15:50','2013-11-21 20:53:59','barangay',3490,759,NULL,'Barangay 83-C (San Jose)'),(1850,'11.22605497400,125.02735054300','2013-11-19 22:15:50','2013-11-21 20:53:59','barangay',5959,1295,NULL,'Barangay 84 (San Jose)'),(1851,'11.23426588330,125.02839390700','2013-11-19 22:15:50','2013-11-21 20:53:59','barangay',1572,342,NULL,'Barangay 85 (San Jose)'),(1852,'11.23407523790,125.02410752700','2013-11-19 22:15:50','2013-11-21 20:53:59','barangay',1285,279,NULL,'Barangay 86'),(1853,'11.20816074530,125.02608624900','2013-11-19 22:15:50','2013-11-21 20:53:59','barangay',3464,753,NULL,'Barangay 87'),(1854,'11.20865112390,125.02015375500','2013-11-19 22:15:50','2013-11-21 20:53:59','barangay',9806,2132,NULL,'Barangay 88'),(1855,'11.19189753730,125.01798568100','2013-11-19 22:15:50','2013-11-21 20:53:59','barangay',4234,920,NULL,'Barangay 89'),(1856,'11.19664849790,125.01202822600','2013-11-19 22:15:50','2013-11-21 20:53:59','barangay',382,83,NULL,'Barangay 90 (San Jose)'),(1857,'11.23662744930,124.97764999400','2013-11-19 22:15:50','2013-11-21 20:53:59','barangay',6738,1465,NULL,'Barangay 91 (Abucay)'),(1858,'11.22737610070,124.98415197300','2013-11-19 22:15:50','2013-11-21 20:53:59','barangay',3889,845,NULL,'Barangay 92 (Apitong)'),(1859,'11.28335954460,124.93357824200','2013-11-19 22:15:50','2013-11-21 20:53:59','barangay',3936,856,NULL,'Barangay 93 (Bagacay)'),(1860,'11.25280367360,124.96623655100','2013-11-19 22:15:50','2013-11-21 20:53:59','barangay',2802,609,NULL,'Barangay 94 (Tigbao)'),(1861,'11.26041564180,124.96297427500','2013-11-19 22:15:50','2013-11-21 20:53:59','barangay',1320,287,NULL,'Barangay 94-A'),(1862,'11.20690436020,124.98745245000','2013-11-19 22:15:50','2013-11-21 20:53:59','barangay',4361,948,NULL,'Barangay 95 (Caibaan)'),(1863,'11.21931408010,124.98151661200','2013-11-19 22:15:50','2013-11-21 20:53:59','barangay',3516,764,NULL,'Barangay 95-A (Caibaan)'),(1864,'11.20275984460,124.99850238300','2013-11-19 22:15:50','2013-11-21 20:53:59','barangay',5672,1233,NULL,'Barangay 96 (Calanipawan)'),(1865,'11.29972165500,124.95194062400','2013-11-19 22:15:50','2013-11-21 20:53:59','barangay',2478,539,NULL,'Barangay 97 (Cabalawan)'),(1866,'11.30197920190,124.91713844900','2013-11-19 22:15:50','2013-11-21 20:53:59','barangay',1168,254,NULL,'Barangay 98 (Camansinay)'),(1867,'11.26892973340,124.95794804100','2013-11-19 22:15:50','2013-11-21 20:53:59','barangay',5190,1128,NULL,'Barangay 99 (Diit)'),(1868,'11.24135387810,125.00689663900','2013-11-19 22:15:50','2013-11-21 20:53:59','barangay',827,180,NULL,'El Reposo (Barangays 55 & 55A)'),(1869,'11.24962622180,124.99158123100','2013-11-19 22:15:50','2013-11-21 20:53:59','barangay',1100,239,NULL,'Libertad (Barangays 1 & 4)'),(1870,'11.24395193320,124.97653420900','2013-11-19 22:15:50','2013-11-21 20:53:59','barangay',2788,606,NULL,'Nula-tula (Bgys. 3 & 3A)'),(1871,'11.04184704690,124.98195363400','2013-11-19 22:15:50','2013-11-21 20:53:59','barangay',313,68,NULL,'Ada'),(1872,'11.08155483430,125.00550301000','2013-11-19 22:15:50','2013-11-21 20:53:59','barangay',421,92,NULL,'Amanluran'),(1873,'11.07776186760,124.97989877800','2013-11-19 22:15:50','2013-11-21 20:53:59','barangay',706,153,NULL,'Bangon'),(1874,'11.07482907000,124.96996707700','2013-11-19 22:15:50','2013-11-21 20:53:59','barangay',379,82,NULL,'Bantagan'),(1875,'11.08997133750,124.98790429500','2013-11-19 22:15:50','2013-11-21 20:53:59','barangay',329,72,NULL,'Binolo'),(1876,'11.10992835440,124.99252367700','2013-11-19 22:15:50','2013-11-21 20:53:59','barangay',381,83,NULL,'Cabalagnan'),(1877,'11.04782031410,124.98024246500','2013-11-19 22:15:50','2013-11-21 20:53:59','barangay',251,55,NULL,'Cabonga-an'),(1878,'11.08856066150,125.01897799400','2013-11-19 22:15:50','2013-11-21 20:53:59','barangay',2926,636,NULL,'Cabuynan'),(1879,'11.08674437800,124.96137611900','2013-11-19 22:15:50','2013-11-21 20:53:59','barangay',703,153,NULL,'Cahumayhumayan'),(1880,'11.12395599280,125.01967520000','2013-11-19 22:15:50','2013-11-21 20:53:59','barangay',1005,218,NULL,'Calogcog'),(1881,'11.12601206270,125.00561484500','2013-11-19 22:15:50','2013-11-21 20:53:59','barangay',520,113,NULL,'Camire'),(1882,'11.04416439360,124.98767322600','2013-11-19 22:15:50','2013-11-21 20:53:59','barangay',603,131,NULL,'Canbalisara'),(1883,'11.11056711730,125.01480343900','2013-11-19 22:15:50','2013-11-21 20:53:59','barangay',3456,751,NULL,'Canramos (Pob.)'),(1884,'11.07628031870,124.95976305800','2013-11-19 22:15:50','2013-11-21 20:53:59','barangay',239,52,NULL,'Catigbian'),(1885,'11.10941842830,124.97594077900','2013-11-19 22:15:50','2013-11-21 20:53:59','barangay',941,205,NULL,'Guindag-an'),(1886,'11.06480484190,124.96582282600','2013-11-19 22:15:50','2013-11-21 20:53:59','barangay',249,54,NULL,'Hilagpad'),(1887,'11.09733997810,125.00489749700','2013-11-19 22:15:50','2013-11-21 20:53:59','barangay',590,128,NULL,'Lapay'),(1888,'11.11450319350,125.01530827900','2013-11-19 22:15:50','2013-11-21 20:53:59','barangay',1318,287,NULL,'Licod (Pob.)'),(1889,'11.06605834870,125.01107943600','2013-11-19 22:15:50','2013-11-21 20:53:59','barangay',489,106,NULL,'Limbuhan Daku'),(1890,'11.07433888760,125.02290917300','2013-11-19 22:15:50','2013-11-21 20:53:59','barangay',506,110,NULL,'Limbuhan Guti'),(1891,'11.12004867650,125.01929658900','2013-11-19 22:15:50','2013-11-21 20:53:59','barangay',573,125,NULL,'Magay'),(1892,'11.07252938940,124.96230480700','2013-11-19 22:15:50','2013-11-21 20:53:59','barangay',463,101,NULL,'Maghulod'),(1893,'11.10129898880,124.99656190000','2013-11-19 22:15:50','2013-11-21 20:53:59','barangay',893,194,NULL,'Maribi'),(1894,'11.10811802950,125.00417376600','2013-11-19 22:15:50','2013-11-21 20:53:59','barangay',917,199,NULL,'Pago'),(1895,'11.09202083310,124.99693460000','2013-11-19 22:15:50','2013-11-21 20:53:59','barangay',265,58,NULL,'Pasil'),(1896,'11.07545150240,125.01415275400','2013-11-19 22:15:50','2013-11-21 20:53:59','barangay',325,71,NULL,'Sacme'),(1897,'11.08330660260,124.97292709600','2013-11-19 22:15:50','2013-11-21 20:53:59','barangay',1118,243,NULL,'Salvador'),(1898,'11.05203029030,124.97369631400','2013-11-19 22:15:50','2013-11-21 20:53:59','barangay',1070,233,NULL,'San Victor'),(1899,'11.11743891830,125.01787024700','2013-11-19 22:15:50','2013-11-21 20:53:59','barangay',497,108,NULL,'Solano'),(1900,'11.08365536730,124.99362820200','2013-11-19 22:15:50','2013-11-21 20:53:59','barangay',640,139,NULL,'Talolora'),(1901,'11.08785392610,125.00868209600','2013-11-19 22:15:50','2013-11-21 20:53:59','barangay',778,169,NULL,'Tugop'),(1902,'11.06079228390,125.02159142400','2013-11-19 22:15:50','2013-11-21 20:53:59','barangay',591,128,NULL,'Burak'),(1903,'11.03078138420,125.01287437600','2013-11-19 22:15:50','2013-11-21 20:53:59','barangay',595,129,NULL,'Canmogsay'),(1904,'11.04686696570,125.01092421800','2013-11-19 22:15:50','2013-11-21 20:53:59','barangay',517,112,NULL,'Cantariwis'),(1905,'11.03517164730,125.02432651500','2013-11-19 22:15:50','2013-11-21 20:53:59','barangay',703,153,NULL,'Capangihan'),(1906,'11.05677425100,125.03386976300','2013-11-19 22:15:50','2013-11-21 20:53:59','barangay',1651,359,NULL,'Do'),(1907,'11.04890500220,125.02539690100','2013-11-19 22:15:50','2013-11-21 20:53:59','barangay',728,158,NULL,'Malbog'),(1908,'11.07363471050,125.03035302200','2013-11-19 22:15:50','2013-11-21 20:53:59','barangay',985,214,NULL,'Olot'),(1909,'11.02261538060,125.02891833600','2013-11-19 22:15:50','2013-11-21 20:53:59','barangay',1757,382,NULL,'Opong'),(1910,'11.06366384020,125.03136512300','2013-11-19 22:15:50','2013-11-21 20:53:59','barangay',1312,285,NULL,'Quilao'),(1911,'11.04866192830,125.03324707600','2013-11-19 22:15:50','2013-11-21 20:53:59','barangay',967,210,NULL,'Tanghas'),(1912,'11.03440029660,125.03372783700','2013-11-19 22:15:50','2013-11-21 20:53:59','barangay',2236,486,NULL,'Telegrafo'),(1913,'11.25808989430,124.76351326300','2013-11-19 22:15:50','2013-11-21 20:53:59','barangay',809,176,NULL,'Astorga (Upart)'),(1914,'11.25431586520,124.77661431000','2013-11-19 22:15:50','2013-11-21 20:53:59','barangay',463,101,NULL,'Banawang'),(1915,'11.23445755260,124.74295650100','2013-11-19 22:15:50','2013-11-21 20:53:59','barangay',800,174,NULL,'San Antonio (Pob.)'),(1916,'11.14664299320,124.40323370000','2013-11-19 22:15:50','2013-11-21 20:53:59','barangay',1745,379,NULL,'Abijao'),(1917,'11.20032121330,124.38842480900','2013-11-19 22:15:50','2013-11-21 20:53:59','barangay',1529,332,NULL,'Balite'),(1918,'11.18468992600,124.39495981200','2013-11-19 22:15:50','2013-11-21 20:53:59','barangay',334,73,NULL,'Bangcal'),(1919,'11.19757505800,124.41611202500','2013-11-19 22:15:50','2013-11-21 20:53:59','barangay',443,96,NULL,'Bugabuga'),(1920,'11.24829873790,124.44080461900','2013-11-19 22:15:50','2013-11-21 20:53:59','barangay',991,215,NULL,'Cabungahan'),(1921,'11.25194301010,124.42980111700','2013-11-19 22:15:50','2013-11-21 20:53:59','barangay',3075,668,NULL,'Cagnocot'),(1922,'11.23277646750,124.46946782400','2013-11-19 22:15:50','2013-11-21 20:53:59','barangay',730,159,NULL,'Cahigan'),(1923,'11.23489013650,124.44944881400','2013-11-19 22:15:50','2013-11-21 20:53:59','barangay',1057,230,NULL,'Calbugos'),(1924,'11.16869343630,124.41804199700','2013-11-19 22:15:50','2013-11-21 20:53:59','barangay',409,89,NULL,'Camporog'),(1925,'11.18153293340,124.43585409800','2013-11-19 22:15:50','2013-11-21 20:53:59','barangay',536,117,NULL,'Canquiason'),(1926,'11.21912832510,124.45283647500','2013-11-19 22:15:50','2013-11-21 20:53:59','barangay',669,145,NULL,'Capinyahan'),(1927,'11.16904601460,124.46219704500','2013-11-19 22:15:50','2013-11-21 20:53:59','barangay',1293,281,NULL,'Casili-on'),(1928,'11.20905567130,124.40176750100','2013-11-19 22:15:50','2013-11-21 20:53:59','barangay',1249,272,NULL,'Fatima (Pob.)'),(1929,'11.19189428100,124.43390894300','2013-11-19 22:15:50','2013-11-21 20:53:59','barangay',1313,285,NULL,'Hibulangan'),(1930,'11.24413290220,124.44731157100','2013-11-19 22:15:50','2013-11-21 20:53:59','barangay',529,115,NULL,'Iligay'),(1931,'11.15300193640,124.42108803500','2013-11-19 22:15:50','2013-11-21 20:53:59','barangay',561,122,NULL,'Jalas'),(1932,'11.16650890860,124.40022815200','2013-11-19 22:15:50','2013-11-21 20:53:59','barangay',912,198,NULL,'Jordan'),(1933,'11.25092628360,124.40457966200','2013-11-19 22:15:50','2013-11-21 20:53:59','barangay',1189,258,NULL,'Libagong'),(1934,'11.17633225220,124.48348807800','2013-11-19 22:15:50','2013-11-21 20:53:59','barangay',625,136,NULL,'New Balanac'),(1935,'11.25814553350,124.40273066700','2013-11-19 22:15:50','2013-11-21 20:53:59','barangay',814,177,NULL,'Payao'),(1936,'11.21933157830,124.39123035600','2013-11-19 22:15:50','2013-11-21 20:53:59','barangay',1012,220,NULL,'Poblacion Norte'),(1937,'11.20895409540,124.39102116900','2013-11-19 22:15:50','2013-11-21 20:53:59','barangay',1492,324,NULL,'Poblacion Sur'),(1938,'11.22864465170,124.40390753200','2013-11-19 22:15:50','2013-11-21 20:53:59','barangay',1351,294,NULL,'Silad'),(1939,'11.15981534200,124.44309093700','2013-11-19 22:15:50','2013-11-21 20:53:59','barangay',673,146,NULL,'Sulpa'),(1940,'11.13475321880,124.41594398900','2013-11-19 22:15:50','2013-11-21 20:53:59','barangay',2571,559,NULL,'Tagbubunga'),(1941,'11.20434906500,124.41315696600','2013-11-19 22:15:50','2013-11-21 20:53:59','barangay',603,131,NULL,'Tinghub'),(1943,'','2013-11-20 23:20:40','2013-11-20 23:20:40','barangay',2718,NULL,NULL,'Bantayan'),(1944,'','2013-11-20 23:20:40','2013-11-20 23:20:40','barangay',1870,NULL,NULL,'Madridejos'),(1945,'','2013-11-20 23:20:40','2013-11-20 23:20:40','barangay',4836,NULL,NULL,'Daanbantayan'),(1946,'','2013-11-20 23:20:40','2013-11-20 23:20:40','barangay',4440,NULL,NULL,'Medellin'),(1947,'','2013-11-20 23:20:40','2013-11-20 23:20:40','barangay',1816,NULL,NULL,'San Remigio'),(1948,'','2013-11-20 23:20:40','2013-11-20 23:20:40','barangay',2852,NULL,NULL,'Bogo City'),(1949,'','2013-11-20 23:20:40','2013-11-20 23:20:40','barangay',1339,NULL,NULL,'Poro'),(1950,'','2013-11-20 23:20:40','2013-11-20 23:20:40','barangay',485,NULL,NULL,'Tudela'),(1951,'','2013-11-20 23:20:40','2013-11-20 23:20:40','barangay',664,NULL,NULL,'Tabogon'),(1952,'','2013-11-20 23:20:40','2013-11-20 23:20:40','barangay',3315,NULL,NULL,'Tabuelan'),(1953,'','2013-11-20 23:20:40','2013-11-20 23:20:40','barangay',645,NULL,NULL,'Borbon'),(1954,'','2013-11-20 23:20:40','2013-11-20 23:20:40','barangay',789,NULL,NULL,'Sogod'),(1955,'','2013-11-20 23:20:40','2013-11-20 23:20:40','barangay',506,NULL,NULL,'Tacloban City'),(1956,'','2013-11-20 23:20:40','2013-11-20 23:20:40','barangay',969,NULL,NULL,'Ormoc City'),(1957,'','2013-11-20 23:20:40','2013-11-20 23:20:40','barangay',388,NULL,NULL,'Baybay City'),(1958,'','2013-11-20 23:20:40','2013-11-20 23:20:40','barangay',235,NULL,NULL,'Abuyog'),(1959,'','2013-11-20 23:20:40','2013-11-20 23:20:40','barangay',564,NULL,NULL,'Alangalang'),(1960,'','2013-11-20 23:20:40','2013-11-20 23:20:40','barangay',899,NULL,NULL,'Albuera'),(1961,'','2013-11-20 23:20:40','2013-11-20 23:20:40','barangay',413,NULL,NULL,'Babatngon'),(1962,'','2013-11-20 23:20:40','2013-11-20 23:20:40','barangay',1178,NULL,NULL,'Barugo'),(1963,'','2013-11-20 23:20:40','2013-11-20 23:20:40','barangay',825,NULL,NULL,'Burauen'),(1964,'','2013-11-20 23:20:40','2013-11-20 23:20:40','barangay',1451,NULL,NULL,'Capoocan'),(1965,'','2013-11-20 23:20:40','2013-11-20 23:20:40','barangay',971,NULL,NULL,'Carigara'),(1966,'','2013-11-20 23:20:40','2013-11-20 23:20:40','barangay',899,NULL,NULL,'Dagami'),(1967,'','2013-11-20 23:20:40','2013-11-20 23:20:40','barangay',1031,NULL,NULL,'Dulag'),(1968,'','2013-11-20 23:20:40','2013-11-20 23:20:40','barangay',500,NULL,NULL,'Hilongos'),(1969,'','2013-11-20 23:20:40','2013-11-20 23:20:40','barangay',595,NULL,NULL,'Inopacan'),(1970,'','2013-11-20 23:20:40','2013-11-20 23:20:40','barangay',562,NULL,NULL,'Isabel'),(1971,'','2013-11-20 23:20:40','2013-11-20 23:20:40','barangay',160,NULL,NULL,'Jaro'),(1972,'','2013-11-20 23:20:40','2013-11-20 23:20:40','barangay',623,NULL,NULL,'Javier'),(1973,'','2013-11-20 23:20:40','2013-11-20 23:20:40','barangay',370,NULL,NULL,'Julita'),(1974,'','2013-11-20 23:20:40','2013-11-20 23:20:40','barangay',1930,NULL,NULL,'Kananga'),(1975,'','2013-11-20 23:20:40','2013-11-20 23:20:40','barangay',1236,NULL,NULL,'Leyte (town)'),(1976,'','2013-11-20 23:20:40','2013-11-20 23:20:40','barangay',552,NULL,NULL,'MacArthur'),(1977,'','2013-11-20 23:20:40','2013-11-20 23:20:40','barangay',1652,NULL,NULL,'Mahaplag'),(1978,'','2013-11-20 23:20:40','2013-11-20 23:20:40','barangay',1892,NULL,NULL,'Matag-ob'),(1979,'','2013-11-20 23:20:40','2013-11-20 23:20:40','barangay',1142,NULL,NULL,'Matalom'),(1980,'','2013-11-20 23:20:40','2013-11-20 23:20:40','barangay',1102,NULL,NULL,'Mayorga'),(1981,'','2013-11-20 23:20:40','2013-11-20 23:20:40','barangay',840,NULL,NULL,'Merida'),(1982,'','2013-11-20 23:20:40','2013-11-20 23:20:40','barangay',1163,NULL,NULL,'Palo'),(1983,'','2013-11-20 23:20:40','2013-11-20 23:20:40','barangay',902,NULL,NULL,'Palompon'),(1984,'','2013-11-20 23:20:40','2013-11-20 23:20:40','barangay',338,NULL,NULL,'Pastrana'),(1985,'','2013-11-20 23:20:40','2013-11-20 23:20:40','barangay',1379,NULL,NULL,'Tabango'),(1986,'','2013-11-20 23:20:40','2013-11-20 23:20:40','barangay',533,NULL,NULL,'Tabontabon'),(1987,'','2013-11-20 23:20:40','2013-11-20 23:20:40','barangay',313,NULL,NULL,'Tanauan'),(1988,'','2013-11-20 23:20:40','2013-11-20 23:20:40','barangay',591,NULL,NULL,'Tolosa'),(1989,'','2013-11-20 23:20:40','2013-11-20 23:20:40','barangay',809,NULL,NULL,'Tunga'),(1990,'','2013-11-20 23:20:40','2013-11-20 23:20:40','barangay',1745,NULL,NULL,'Villaba'),(1992,'','2013-11-20 23:20:40','2013-11-20 23:20:40','municipality',655,NULL,NULL,'Anini-y'),(1993,'','2013-11-20 23:20:40','2013-11-20 23:20:40','municipality',271,NULL,NULL,'Barbaza'),(1994,'','2013-11-20 23:20:40','2013-11-20 23:20:40','municipality',1173,NULL,NULL,'Belison'),(1995,'','2013-11-20 23:20:40','2013-11-20 23:20:40','municipality',213,NULL,NULL,'Bugasong'),(1996,'','2013-11-20 23:20:40','2013-11-20 23:20:40','municipality',1719,NULL,NULL,'Caluya'),(1997,'','2013-11-20 23:20:40','2013-11-20 23:20:40','municipality',446,NULL,NULL,'Culasi'),(1998,'','2013-11-20 23:20:40','2013-11-20 23:20:40','municipality',1817,NULL,NULL,'Tobias Fornier (Dao)'),(1999,'','2013-11-20 23:20:40','2013-11-20 23:20:40','municipality',798,NULL,NULL,'Hamtic'),(2000,'','2013-11-20 23:20:40','2013-11-20 23:20:40','municipality',129,NULL,NULL,'Laua-an'),(2001,'','2013-11-20 23:20:40','2013-11-20 23:20:40','municipality',1069,NULL,NULL,'Libertad'),(2002,'','2013-11-20 23:20:40','2013-11-20 23:20:40','municipality',146,NULL,NULL,'Pandan'),(2003,'','2013-11-20 23:20:40','2013-11-20 23:20:40','municipality',212,NULL,NULL,'Patnongon'),(2004,'','2013-11-20 23:20:40','2013-11-20 23:20:40','municipality',2164,NULL,NULL,'San Jose -- capital'),(2005,'','2013-11-20 23:20:40','2013-11-20 23:20:40','municipality',2673,NULL,NULL,'Sebaste'),(2006,'','2013-11-20 23:20:40','2013-11-20 23:20:40','municipality',712,NULL,NULL,'Sibalom'),(2007,'','2013-11-20 23:20:40','2013-11-20 23:20:40','municipality',268,NULL,NULL,'Tibiao'),(2008,'','2013-11-20 23:20:40','2013-11-20 23:20:40','municipality',569,NULL,NULL,'Valderrama'),(2009,'','2013-11-20 23:20:40','2013-11-20 23:20:40','barangay',655,NULL,NULL,'Anini-y'),(2010,'','2013-11-20 23:20:40','2013-11-20 23:20:40','barangay',271,NULL,NULL,'Barbaza'),(2011,'','2013-11-20 23:20:40','2013-11-20 23:20:40','barangay',1173,NULL,NULL,'Belison'),(2012,'','2013-11-20 23:20:40','2013-11-20 23:20:40','barangay',213,NULL,NULL,'Bugasong'),(2013,'','2013-11-20 23:20:40','2013-11-20 23:20:40','barangay',1719,NULL,NULL,'Caluya'),(2014,'','2013-11-20 23:20:40','2013-11-20 23:20:40','barangay',1817,NULL,NULL,'Tobias Fornier (Dao)'),(2015,'','2013-11-20 23:20:40','2013-11-20 23:20:40','barangay',798,NULL,NULL,'Hamtic'),(2016,'','2013-11-20 23:20:40','2013-11-20 23:20:40','barangay',129,NULL,NULL,'Laua-an'),(2017,'','2013-11-20 23:20:40','2013-11-20 23:20:40','barangay',146,NULL,NULL,'Pandan'),(2018,'','2013-11-20 23:20:40','2013-11-20 23:20:40','barangay',212,NULL,NULL,'Patnongon'),(2019,'','2013-11-20 23:20:40','2013-11-20 23:20:40','barangay',2164,NULL,NULL,'San Jose -- capital'),(2020,'','2013-11-20 23:20:40','2013-11-20 23:20:40','barangay',2673,NULL,NULL,'Sebaste'),(2021,'','2013-11-20 23:20:40','2013-11-20 23:20:40','barangay',712,NULL,NULL,'Sibalom'),(2022,'','2013-11-20 23:20:40','2013-11-20 23:20:40','barangay',268,NULL,NULL,'Tibiao'),(2023,'','2013-11-20 23:20:40','2013-11-20 23:20:40','barangay',569,NULL,NULL,'Valderrama'),(2025,'','2013-11-20 23:20:40','2013-11-20 23:20:40','municipality',2304,NULL,NULL,'Puerto Princesa City'),(2026,'','2013-11-20 23:20:40','2013-11-20 23:20:40','municipality',950,NULL,NULL,'Aborlan'),(2027,'','2013-11-20 23:20:40','2013-11-20 23:20:40','municipality',4482,NULL,NULL,'Agutaya'),(2028,'','2013-11-20 23:20:40','2013-11-20 23:20:40','municipality',904,NULL,NULL,'Araceli'),(2029,'','2013-11-20 23:20:40','2013-11-20 23:20:40','municipality',711,NULL,NULL,'Balabac'),(2030,'','2013-11-20 23:20:40','2013-11-20 23:20:40','municipality',2673,NULL,NULL,'Bataraza'),(2031,'','2013-11-20 23:20:40','2013-11-20 23:20:40','municipality',1906,NULL,NULL,'Brooke\'s Point'),(2032,'','2013-11-20 23:20:40','2013-11-20 23:20:40','municipality',888,NULL,NULL,'Busuanga'),(2033,'','2013-11-20 23:20:40','2013-11-20 23:20:40','municipality',424,NULL,NULL,'Cagayancillo'),(2034,'','2013-11-20 23:20:40','2013-11-20 23:20:40','municipality',818,NULL,NULL,'Coron'),(2035,'','2013-11-20 23:20:40','2013-11-20 23:20:40','municipality',806,NULL,NULL,'Culion'),(2036,'','2013-11-20 23:20:40','2013-11-20 23:20:40','municipality',818,NULL,NULL,'Cuyo'),(2037,'','2013-11-20 23:20:40','2013-11-20 23:20:40','municipality',1491,NULL,NULL,'Dumaran'),(2038,'','2013-11-20 23:20:40','2013-11-20 23:20:40','municipality',1216,NULL,NULL,'El Nido (Bacuit)'),(2039,'','2013-11-20 23:20:40','2013-11-20 23:20:40','municipality',222,NULL,NULL,'Kalayaan (Spratly Islands)'),(2040,'','2013-11-20 23:20:40','2013-11-20 23:20:40','municipality',849,NULL,NULL,'Linapacan'),(2041,'','2013-11-20 23:20:40','2013-11-20 23:20:40','municipality',594,NULL,NULL,'Magsaysay'),(2042,'','2013-11-20 23:20:40','2013-11-20 23:20:40','municipality',5318,NULL,NULL,'Narra'),(2043,'','2013-11-20 23:20:40','2013-11-20 23:20:40','municipality',13585,NULL,NULL,'Quezon'),(2044,'','2013-11-20 23:20:40','2013-11-20 23:20:40','municipality',2481,NULL,NULL,'Rizal (Marcos)'),(2045,'','2013-11-20 23:20:40','2013-11-20 23:20:40','municipality',3817,NULL,NULL,'Roxas'),(2046,'','2013-11-20 23:20:40','2013-11-20 23:20:40','municipality',4895,NULL,NULL,'San Vicente'),(2047,'','2013-11-20 23:20:40','2013-11-20 23:20:40','municipality',2421,NULL,NULL,'Sofronio Espa'),(2048,'','2013-11-20 23:20:40','2013-11-20 23:20:40','municipality',4056,NULL,NULL,'Taytay'),(2049,'','2013-11-20 23:20:40','2013-11-20 23:20:40','barangay',2304,NULL,NULL,'Puerto Princesa City'),(2050,'','2013-11-20 23:20:40','2013-11-20 23:20:40','barangay',950,NULL,NULL,'Aborlan'),(2051,'','2013-11-20 23:20:40','2013-11-20 23:20:40','barangay',4482,NULL,NULL,'Agutaya'),(2052,'','2013-11-20 23:20:40','2013-11-20 23:20:40','barangay',904,NULL,NULL,'Araceli'),(2053,'','2013-11-20 23:20:40','2013-11-20 23:20:40','barangay',711,NULL,NULL,'Balabac'),(2054,'','2013-11-20 23:20:40','2013-11-20 23:20:40','barangay',2673,NULL,NULL,'Bataraza'),(2055,'','2013-11-20 23:20:40','2013-11-20 23:20:40','barangay',1906,NULL,NULL,'Brooke\'s Point'),(2056,'','2013-11-20 23:20:40','2013-11-20 23:20:40','barangay',888,NULL,NULL,'Busuanga'),(2057,'','2013-11-20 23:20:40','2013-11-20 23:20:40','barangay',424,NULL,NULL,'Cagayancillo'),(2058,'','2013-11-20 23:20:40','2013-11-20 23:20:40','barangay',818,NULL,NULL,'Coron'),(2059,'','2013-11-20 23:20:40','2013-11-20 23:20:40','barangay',806,NULL,NULL,'Culion'),(2060,'','2013-11-20 23:20:40','2013-11-20 23:20:40','barangay',818,NULL,NULL,'Cuyo'),(2061,'','2013-11-20 23:20:40','2013-11-20 23:20:40','barangay',1491,NULL,NULL,'Dumaran'),(2062,'','2013-11-20 23:20:40','2013-11-20 23:20:40','barangay',1216,NULL,NULL,'El Nido (Bacuit)'),(2063,'','2013-11-20 23:20:40','2013-11-20 23:20:40','barangay',222,NULL,NULL,'Kalayaan (Spratly Islands)'),(2064,'','2013-11-20 23:20:40','2013-11-20 23:20:40','barangay',849,NULL,NULL,'Linapacan'),(2065,'','2013-11-20 23:20:40','2013-11-20 23:20:40','barangay',5318,NULL,NULL,'Narra'),(2066,'','2013-11-20 23:20:40','2013-11-20 23:20:40','barangay',2481,NULL,NULL,'Rizal (Marcos)'),(2067,'','2013-11-20 23:20:40','2013-11-20 23:20:40','barangay',2421,NULL,NULL,'Sofronio Espa'),(2068,'','2013-11-20 23:20:40','2013-11-20 23:20:40','barangay',4056,NULL,NULL,'Taytay'),(2070,'','2013-11-20 23:20:41','2013-11-20 23:20:41','municipality',1705,NULL,NULL,'Altavas'),(2071,'','2013-11-20 23:20:41','2013-11-20 23:20:41','municipality',5083,NULL,NULL,'Balete'),(2072,'','2013-11-20 23:20:41','2013-11-20 23:20:41','municipality',1458,NULL,NULL,'Banga'),(2073,'','2013-11-20 23:20:41','2013-11-20 23:20:41','municipality',30312,NULL,NULL,'Batan'),(2074,'','2013-11-20 23:20:41','2013-11-20 23:20:41','municipality',1695,NULL,NULL,'Buruanga'),(2075,'','2013-11-20 23:20:41','2013-11-20 23:20:41','municipality',1857,NULL,NULL,'Ibajay'),(2076,'','2013-11-20 23:20:41','2013-11-20 23:20:41','municipality',12607,NULL,NULL,'Kalibo (Capital)'),(2077,'','2013-11-20 23:20:41','2013-11-20 23:20:41','municipality',1351,NULL,NULL,'Lezo'),(2078,'','2013-11-20 23:20:41','2013-11-20 23:20:41','municipality',755,NULL,NULL,'Libacao'),(2079,'','2013-11-20 23:20:41','2013-11-20 23:20:41','municipality',1071,NULL,NULL,'Madalang'),(2080,'','2013-11-20 23:20:41','2013-11-20 23:20:41','municipality',990,NULL,NULL,'Makato'),(2081,'','2013-11-20 23:20:41','2013-11-20 23:20:41','municipality',1078,NULL,NULL,'Malay'),(2082,'','2013-11-20 23:20:41','2013-11-20 23:20:41','municipality',1007,NULL,NULL,'Malinao'),(2083,'','2013-11-20 23:20:41','2013-11-20 23:20:41','municipality',1020,NULL,NULL,'Nabas'),(2084,'','2013-11-20 23:20:41','2013-11-20 23:20:41','municipality',1626,NULL,NULL,'New Washington'),(2085,'','2013-11-20 23:20:41','2013-11-20 23:20:41','municipality',1503,NULL,NULL,'Numancia'),(2086,'','2013-11-20 23:20:41','2013-11-20 23:20:41','municipality',1472,NULL,NULL,'Tangalan'),(2087,'','2013-11-20 23:20:41','2013-11-20 23:20:41','barangay',1705,NULL,NULL,'Altavas'),(2088,'','2013-11-20 23:20:41','2013-11-20 23:20:41','barangay',5083,NULL,NULL,'Balete'),(2089,'','2013-11-20 23:20:41','2013-11-20 23:20:41','barangay',1458,NULL,NULL,'Banga'),(2090,'','2013-11-20 23:20:41','2013-11-20 23:20:41','barangay',30312,NULL,NULL,'Batan'),(2091,'','2013-11-20 23:20:41','2013-11-20 23:20:41','barangay',1695,NULL,NULL,'Buruanga'),(2092,'','2013-11-20 23:20:41','2013-11-20 23:20:41','barangay',1857,NULL,NULL,'Ibajay'),(2093,'','2013-11-20 23:20:41','2013-11-20 23:20:41','barangay',12607,NULL,NULL,'Kalibo (Capital)'),(2094,'','2013-11-20 23:20:41','2013-11-20 23:20:41','barangay',1351,NULL,NULL,'Lezo'),(2095,'','2013-11-20 23:20:41','2013-11-20 23:20:41','barangay',755,NULL,NULL,'Libacao'),(2096,'','2013-11-20 23:20:41','2013-11-20 23:20:41','barangay',1071,NULL,NULL,'Madalang'),(2097,'','2013-11-20 23:20:41','2013-11-20 23:20:41','barangay',990,NULL,NULL,'Makato'),(2098,'','2013-11-20 23:20:41','2013-11-20 23:20:41','barangay',1078,NULL,NULL,'Malay'),(2099,'','2013-11-20 23:20:41','2013-11-20 23:20:41','barangay',1020,NULL,NULL,'Nabas'),(2100,'','2013-11-20 23:20:41','2013-11-20 23:20:41','barangay',1626,NULL,NULL,'New Washington'),(2101,'','2013-11-20 23:20:41','2013-11-20 23:20:41','barangay',1503,NULL,NULL,'Numancia'),(2102,'','2013-11-20 23:20:41','2013-11-20 23:20:41','barangay',1472,NULL,NULL,'Tangalan'),(2103,NULL,'2013-11-20 23:20:41','2013-11-27 12:28:47','province',NULL,NULL,NULL,'Samar'),(2104,'','2013-11-20 23:20:41','2013-11-20 23:20:41','municipality',64457,NULL,NULL,'Borongan City'),(2105,'','2013-11-20 23:20:41','2013-11-20 23:20:41','municipality',15164,NULL,NULL,'Arteche'),(2106,'','2013-11-20 23:20:41','2013-11-20 23:20:41','municipality',12756,NULL,NULL,'Balangiga'),(2107,'','2013-11-20 23:20:41','2013-11-20 23:20:41','municipality',9046,NULL,NULL,'Balangkayan'),(2108,'','2013-11-20 23:20:41','2013-11-20 23:20:41','municipality',19785,NULL,NULL,'Can-avid'),(2109,'','2013-11-20 23:20:41','2013-11-20 23:20:41','municipality',37912,NULL,NULL,'Dolores'),(2110,'','2013-11-20 23:20:41','2013-11-20 23:20:41','municipality',12214,NULL,NULL,'General MacArthur'),(2111,'','2013-11-20 23:20:41','2013-11-20 23:20:41','municipality',12040,NULL,NULL,'Giporlos'),(2112,'','2013-11-20 23:20:41','2013-11-20 23:20:41','municipality',47037,NULL,NULL,'Guiuan'),(2113,'','2013-11-20 23:20:41','2013-11-20 23:20:41','municipality',8070,NULL,NULL,'Hernani'),(2114,'','2013-11-20 23:20:41','2013-11-20 23:20:41','municipality',7397,NULL,NULL,'Jipapad'),(2115,'','2013-11-20 23:20:41','2013-11-20 23:20:41','municipality',11612,NULL,NULL,'Lawaan'),(2116,'','2013-11-20 23:20:41','2013-11-20 23:20:41','municipality',19101,NULL,NULL,'Llorente'),(2117,'','2013-11-20 23:20:41','2013-11-20 23:20:41','municipality',4781,NULL,NULL,'Maslog'),(2118,'','2013-11-20 23:20:41','2013-11-20 23:20:41','municipality',13614,NULL,NULL,'Maydolong'),(2119,'','2013-11-20 23:20:41','2013-11-20 23:20:41','municipality',5369,NULL,NULL,'Mercedes'),(2120,'','2013-11-20 23:20:41','2013-11-20 23:20:41','municipality',34760,NULL,NULL,'Oras'),(2121,'','2013-11-20 23:20:41','2013-11-20 23:20:41','municipality',19970,NULL,NULL,'Salcedo'),(2122,'','2013-11-20 23:20:41','2013-11-20 23:20:41','municipality',13748,NULL,NULL,'San Julian'),(2123,'','2013-11-20 23:20:41','2013-11-20 23:20:41','municipality',13836,NULL,NULL,'San Policarpio'),(2124,'','2013-11-20 23:20:41','2013-11-20 23:20:41','municipality',377,NULL,NULL,'Sulat'),(2125,'','2013-11-20 23:20:41','2013-11-20 23:20:41','municipality',887,NULL,NULL,'Taft'),(2126,'','2013-11-20 23:20:41','2013-11-20 23:20:41','municipality',741,NULL,NULL,'Quinapondan'),(2127,'','2013-11-20 23:20:41','2013-11-20 23:20:41','barangay',1913,NULL,NULL,''),(2128,'','2013-11-20 23:20:41','2013-11-20 23:20:41','barangay',377,NULL,NULL,'Sulat'),(2129,'','2013-11-20 23:20:41','2013-11-20 23:20:41','barangay',887,NULL,NULL,'Taft'),(2130,'','2013-11-20 23:20:41','2013-11-20 23:20:41','barangay',741,NULL,NULL,'Quinapondan'),(2132,'','2013-11-20 23:20:41','2013-11-20 23:20:41','municipality',431,NULL,NULL,'Calbayog City'),(2133,'','2013-11-20 23:20:41','2013-11-20 23:20:41','municipality',267,NULL,NULL,'Catbalogan City'),(2134,'','2013-11-20 23:20:41','2013-11-20 23:20:41','municipality',1190,NULL,NULL,'Almagro'),(2135,'','2013-11-20 23:20:41','2013-11-20 23:20:41','municipality',995,NULL,NULL,'Basey'),(2136,'','2013-11-20 23:20:41','2013-11-20 23:20:41','municipality',194,NULL,NULL,'Calbiga'),(2137,'','2013-11-20 23:20:41','2013-11-20 23:20:41','municipality',326,NULL,NULL,'Daram'),(2138,'','2013-11-20 23:20:41','2013-11-20 23:20:41','municipality',310,NULL,NULL,'Gandara'),(2139,'','2013-11-20 23:20:41','2013-11-20 23:20:41','municipality',1486,NULL,NULL,'Hinabangan'),(2140,'','2013-11-20 23:20:41','2013-11-20 23:20:41','municipality',216,NULL,NULL,'Jiabong'),(2141,'','2013-11-20 23:20:41','2013-11-20 23:20:41','municipality',436,NULL,NULL,'Marabut'),(2142,'','2013-11-20 23:20:41','2013-11-20 23:20:41','municipality',187,NULL,NULL,'Matuguinao'),(2143,'','2013-11-20 23:20:41','2013-11-20 23:20:41','municipality',1238,NULL,NULL,'Motiong'),(2144,'','2013-11-20 23:20:41','2013-11-20 23:20:41','municipality',594,NULL,NULL,'Pagsanghan'),(2145,'','2013-11-20 23:20:41','2013-11-20 23:20:41','municipality',198,NULL,NULL,'Paranas'),(2146,'','2013-11-20 23:20:41','2013-11-20 23:20:41','municipality',1243,NULL,NULL,'Pinabacdao'),(2147,'','2013-11-20 23:20:41','2013-11-20 23:20:41','municipality',453,NULL,NULL,'San Jorge'),(2148,'','2013-11-20 23:20:41','2013-11-20 23:20:41','municipality',190,NULL,NULL,'San Jose de Buan'),(2149,'','2013-11-20 23:20:41','2013-11-20 23:20:41','municipality',658,NULL,NULL,'San Sebastian'),(2150,'','2013-11-20 23:20:41','2013-11-20 23:20:41','municipality',95,NULL,NULL,'Santa Margarita'),(2151,'','2013-11-20 23:20:41','2013-11-20 23:20:41','municipality',254,NULL,NULL,'Santa Rita'),(2152,'','2013-11-20 23:20:41','2013-11-20 23:20:41','municipality',668,NULL,NULL,'Santo Ni'),(2153,'','2013-11-20 23:20:41','2013-11-20 23:20:41','municipality',1227,NULL,NULL,'Tagapul-an'),(2154,'','2013-11-20 23:20:41','2013-11-20 23:20:41','municipality',712,NULL,NULL,'Talalora'),(2155,'','2013-11-20 23:20:41','2013-11-20 23:20:41','municipality',423,NULL,NULL,'Tarangnan'),(2156,'','2013-11-20 23:20:41','2013-11-20 23:20:41','municipality',1125,NULL,NULL,'Villareal'),(2157,'','2013-11-20 23:20:41','2013-11-20 23:20:41','municipality',607,NULL,NULL,'Zumarraga'),(2158,'','2013-11-20 23:20:41','2013-11-20 23:20:41','barangay',431,NULL,NULL,'Calbayog City'),(2159,'','2013-11-20 23:20:41','2013-11-20 23:20:41','barangay',267,NULL,NULL,'Catbalogan City'),(2160,'','2013-11-20 23:20:41','2013-11-20 23:20:41','barangay',1190,NULL,NULL,'Almagro'),(2161,'','2013-11-20 23:20:41','2013-11-20 23:20:41','barangay',995,NULL,NULL,'Basey'),(2162,'','2013-11-20 23:20:41','2013-11-20 23:20:41','barangay',194,NULL,NULL,'Calbiga'),(2163,'','2013-11-20 23:20:41','2013-11-20 23:20:41','barangay',326,NULL,NULL,'Daram'),(2164,'','2013-11-20 23:20:41','2013-11-20 23:20:41','barangay',310,NULL,NULL,'Gandara'),(2165,'','2013-11-20 23:20:41','2013-11-20 23:20:41','barangay',1486,NULL,NULL,'Hinabangan'),(2166,'','2013-11-20 23:20:41','2013-11-20 23:20:41','barangay',216,NULL,NULL,'Jiabong'),(2167,'','2013-11-20 23:20:41','2013-11-20 23:20:41','barangay',436,NULL,NULL,'Marabut'),(2168,'','2013-11-20 23:20:41','2013-11-20 23:20:41','barangay',187,NULL,NULL,'Matuguinao'),(2169,'','2013-11-20 23:20:41','2013-11-20 23:20:41','barangay',1238,NULL,NULL,'Motiong'),(2170,'','2013-11-20 23:20:41','2013-11-20 23:20:41','barangay',594,NULL,NULL,'Pagsanghan'),(2171,'','2013-11-20 23:20:41','2013-11-20 23:20:41','barangay',198,NULL,NULL,'Paranas'),(2172,'','2013-11-20 23:20:41','2013-11-20 23:20:41','barangay',1243,NULL,NULL,'Pinabacdao'),(2173,'','2013-11-20 23:20:41','2013-11-20 23:20:41','barangay',453,NULL,NULL,'San Jorge'),(2174,'','2013-11-20 23:20:41','2013-11-20 23:20:41','barangay',190,NULL,NULL,'San Jose de Buan'),(2175,'','2013-11-20 23:20:41','2013-11-20 23:20:41','barangay',1227,NULL,NULL,'Tagapul-an'),(2176,'','2013-11-20 23:20:41','2013-11-20 23:20:41','barangay',712,NULL,NULL,'Talalora'),(2177,'','2013-11-20 23:20:41','2013-11-20 23:20:41','barangay',423,NULL,NULL,'Tarangnan'),(2178,'','2013-11-20 23:20:41','2013-11-20 23:20:41','barangay',1125,NULL,NULL,'Villareal'),(2179,'','2013-11-20 23:20:41','2013-11-20 23:20:41','barangay',607,NULL,NULL,'Zumarraga'),(2180,'','2013-11-20 23:20:41','2013-11-20 23:20:41','municipality',1638,NULL,NULL,'Almeria'),(2181,'','2013-11-20 23:20:41','2013-11-20 23:20:41','municipality',1320,NULL,NULL,'Biliran'),(2182,'','2013-11-20 23:20:41','2013-11-20 23:20:41','municipality',2499,NULL,NULL,'Cabucgayan'),(2183,'','2013-11-20 23:20:41','2013-11-20 23:20:41','municipality',743,NULL,NULL,'Caibiran'),(2184,'','2013-11-20 23:20:41','2013-11-20 23:20:41','municipality',635,NULL,NULL,'Culaba'),(2185,'','2013-11-20 23:20:41','2013-11-20 23:20:41','municipality',550,NULL,NULL,'Kawayan'),(2186,'','2013-11-20 23:20:41','2013-11-20 23:20:41','municipality',511,NULL,NULL,'Maripipi'),(2187,'','2013-11-20 23:20:41','2013-11-20 23:20:41','municipality',2371,NULL,NULL,'Naval'),(2188,'','2013-11-20 23:20:41','2013-11-20 23:20:41','barangay',1638,NULL,NULL,'Almeria'),(2189,'','2013-11-20 23:20:41','2013-11-20 23:20:41','barangay',1320,NULL,NULL,'Biliran'),(2190,'','2013-11-20 23:20:41','2013-11-20 23:20:41','barangay',2499,NULL,NULL,'Cabucgayan'),(2191,'','2013-11-20 23:20:41','2013-11-20 23:20:41','barangay',743,NULL,NULL,'Caibiran'),(2192,'','2013-11-20 23:20:41','2013-11-20 23:20:41','barangay',635,NULL,NULL,'Culaba'),(2193,'','2013-11-20 23:20:41','2013-11-20 23:20:41','barangay',511,NULL,NULL,'Maripipi'),(2195,'','2013-11-20 23:20:41','2013-11-20 23:20:41','municipality',3050,NULL,NULL,'Iloilo City'),(2196,'','2013-11-20 23:20:41','2013-11-20 23:20:41','municipality',1466,NULL,NULL,'Passi City'),(2197,'','2013-11-20 23:20:41','2013-11-20 23:20:41','municipality',595,NULL,NULL,'Ajuy'),(2198,'','2013-11-20 23:20:41','2013-11-20 23:20:41','municipality',341,NULL,NULL,'Alimodian'),(2199,'','2013-11-20 23:20:41','2013-11-20 23:20:41','municipality',877,NULL,NULL,'Anilao'),(2200,'','2013-11-20 23:20:41','2013-11-20 23:20:41','municipality',1062,NULL,NULL,'Badiangan'),(2201,'','2013-11-20 23:20:41','2013-11-20 23:20:41','municipality',1655,NULL,NULL,'Balasan'),(2202,'','2013-11-20 23:20:41','2013-11-20 23:20:41','municipality',1832,NULL,NULL,'Banate'),(2203,'','2013-11-20 23:20:41','2013-11-20 23:20:41','municipality',2328,NULL,NULL,'Barotac Nuevo'),(2204,'','2013-11-20 23:20:41','2013-11-20 23:20:41','municipality',671,NULL,NULL,'Barotac Viejo'),(2205,'','2013-11-20 23:20:41','2013-11-20 23:20:41','municipality',403,NULL,NULL,'Batad'),(2206,'','2013-11-20 23:20:41','2013-11-20 23:20:41','municipality',522,NULL,NULL,'Bingawan'),(2207,'','2013-11-20 23:20:41','2013-11-20 23:20:41','municipality',1830,NULL,NULL,'Cabatuan'),(2208,'','2013-11-20 23:20:41','2013-11-20 23:20:41','municipality',1041,NULL,NULL,'Calinog'),(2209,'','2013-11-20 23:20:41','2013-11-20 23:20:41','municipality',2110,NULL,NULL,'Carles'),(2210,'','2013-11-20 23:20:41','2013-11-20 23:20:41','municipality',1605,NULL,NULL,'Concepcion'),(2211,'','2013-11-20 23:20:41','2013-11-20 23:20:41','municipality',2323,NULL,NULL,'Dingle'),(2212,'','2013-11-20 23:20:41','2013-11-20 23:20:41','municipality',159,NULL,NULL,'Due'),(2213,'','2013-11-20 23:20:41','2013-11-20 23:20:41','municipality',1780,NULL,NULL,'Dumangas'),(2214,'','2013-11-20 23:20:41','2013-11-20 23:20:41','municipality',1897,NULL,NULL,'Estancia'),(2215,'','2013-11-20 23:20:41','2013-11-20 23:20:41','municipality',794,NULL,NULL,'Guimbal'),(2216,'','2013-11-20 23:20:41','2013-11-20 23:20:41','municipality',704,NULL,NULL,'Igbaras'),(2217,'','2013-11-20 23:20:41','2013-11-20 23:20:41','municipality',1074,NULL,NULL,'Janiuay'),(2218,'','2013-11-20 23:20:41','2013-11-20 23:20:41','municipality',1609,NULL,NULL,'Lambunao'),(2219,'','2013-11-20 23:20:41','2013-11-20 23:20:41','municipality',640,NULL,NULL,'Leganes'),(2220,'','2013-11-20 23:20:41','2013-11-20 23:20:41','municipality',956,NULL,NULL,'Lemery'),(2221,'','2013-11-20 23:20:41','2013-11-20 23:20:41','municipality',967,NULL,NULL,'Leon'),(2222,'','2013-11-20 23:20:41','2013-11-20 23:20:41','municipality',573,NULL,NULL,'Maasin'),(2223,'','2013-11-20 23:20:41','2013-11-20 23:20:41','municipality',413,NULL,NULL,'Miagao'),(2224,'','2013-11-20 23:20:41','2013-11-20 23:20:41','municipality',799,NULL,NULL,'Mina'),(2225,'','2013-11-20 23:20:41','2013-11-20 23:20:41','municipality',1884,NULL,NULL,'New Lucena'),(2226,'','2013-11-20 23:20:41','2013-11-20 23:20:41','municipality',3680,NULL,NULL,'Oton'),(2227,'','2013-11-20 23:20:41','2013-11-20 23:20:41','municipality',2967,NULL,NULL,'Pavia'),(2228,'','2013-11-20 23:20:41','2013-11-20 23:20:41','municipality',835,NULL,NULL,'Pototan'),(2229,'','2013-11-20 23:20:41','2013-11-20 23:20:41','municipality',1100,NULL,NULL,'San Dionisio'),(2230,'','2013-11-20 23:20:41','2013-11-20 23:20:41','municipality',2206,NULL,NULL,'San Enrique'),(2231,'','2013-11-20 23:20:41','2013-11-20 23:20:41','municipality',1046,NULL,NULL,'San Joaquin'),(2232,'','2013-11-20 23:20:41','2013-11-20 23:20:41','municipality',767,NULL,NULL,'San Rafael'),(2233,'','2013-11-20 23:20:41','2013-11-20 23:20:41','municipality',530,NULL,NULL,'Santa Barbara'),(2234,'','2013-11-20 23:20:41','2013-11-20 23:20:41','municipality',405,NULL,NULL,'Sara'),(2235,'','2013-11-20 23:20:41','2013-11-20 23:20:41','municipality',381,NULL,NULL,'Tigbauan'),(2236,'','2013-11-20 23:20:41','2013-11-20 23:20:41','municipality',1148,NULL,NULL,'Tubungan'),(2237,'','2013-11-20 23:20:41','2013-11-20 23:20:41','municipality',610,NULL,NULL,'Zarraga'),(2238,'','2013-11-20 23:20:41','2013-11-20 23:20:41','barangay',3050,NULL,NULL,'Iloilo City'),(2239,'','2013-11-20 23:20:41','2013-11-20 23:20:41','barangay',1466,NULL,NULL,'Passi City'),(2240,'','2013-11-20 23:20:41','2013-11-20 23:20:41','barangay',595,NULL,NULL,'Ajuy'),(2241,'','2013-11-20 23:20:41','2013-11-20 23:20:41','barangay',341,NULL,NULL,'Alimodian'),(2242,'','2013-11-20 23:20:41','2013-11-20 23:20:41','barangay',877,NULL,NULL,'Anilao'),(2243,'','2013-11-20 23:20:41','2013-11-20 23:20:41','barangay',1062,NULL,NULL,'Badiangan'),(2244,'','2013-11-20 23:20:41','2013-11-20 23:20:41','barangay',1655,NULL,NULL,'Balasan'),(2245,'','2013-11-20 23:20:41','2013-11-20 23:20:41','barangay',1832,NULL,NULL,'Banate'),(2246,'','2013-11-20 23:20:41','2013-11-20 23:20:41','barangay',2328,NULL,NULL,'Barotac Nuevo'),(2247,'','2013-11-20 23:20:41','2013-11-20 23:20:41','barangay',671,NULL,NULL,'Barotac Viejo'),(2248,'','2013-11-20 23:20:41','2013-11-20 23:20:41','barangay',522,NULL,NULL,'Bingawan'),(2249,'','2013-11-20 23:20:41','2013-11-20 23:20:41','barangay',1830,NULL,NULL,'Cabatuan'),(2250,'','2013-11-20 23:20:41','2013-11-20 23:20:41','barangay',1041,NULL,NULL,'Calinog'),(2251,'','2013-11-20 23:20:41','2013-11-20 23:20:41','barangay',2110,NULL,NULL,'Carles'),(2252,'','2013-11-20 23:20:41','2013-11-20 23:20:41','barangay',159,NULL,NULL,'Due'),(2253,'','2013-11-20 23:20:41','2013-11-20 23:20:41','barangay',1780,NULL,NULL,'Dumangas'),(2254,'','2013-11-20 23:20:41','2013-11-20 23:20:41','barangay',1897,NULL,NULL,'Estancia'),(2255,'','2013-11-20 23:20:41','2013-11-20 23:20:41','barangay',794,NULL,NULL,'Guimbal'),(2256,'','2013-11-20 23:20:41','2013-11-20 23:20:41','barangay',704,NULL,NULL,'Igbaras'),(2257,'','2013-11-20 23:20:41','2013-11-20 23:20:41','barangay',1074,NULL,NULL,'Janiuay'),(2258,'','2013-11-20 23:20:41','2013-11-20 23:20:41','barangay',1609,NULL,NULL,'Lambunao'),(2259,'','2013-11-20 23:20:41','2013-11-20 23:20:41','barangay',640,NULL,NULL,'Leganes'),(2260,'','2013-11-20 23:20:41','2013-11-20 23:20:41','barangay',956,NULL,NULL,'Lemery'),(2261,'','2013-11-20 23:20:41','2013-11-20 23:20:41','barangay',967,NULL,NULL,'Leon'),(2262,'','2013-11-20 23:20:41','2013-11-20 23:20:41','barangay',413,NULL,NULL,'Miagao'),(2263,'','2013-11-20 23:20:41','2013-11-20 23:20:41','barangay',799,NULL,NULL,'Mina'),(2264,'','2013-11-20 23:20:41','2013-11-20 23:20:41','barangay',1884,NULL,NULL,'New Lucena'),(2265,'','2013-11-20 23:20:41','2013-11-20 23:20:41','barangay',3680,NULL,NULL,'Oton'),(2266,'','2013-11-20 23:20:41','2013-11-20 23:20:41','barangay',2967,NULL,NULL,'Pavia'),(2267,'','2013-11-20 23:20:41','2013-11-20 23:20:41','barangay',835,NULL,NULL,'Pototan'),(2268,'','2013-11-20 23:20:41','2013-11-20 23:20:41','barangay',2206,NULL,NULL,'San Enrique'),(2269,'','2013-11-20 23:20:41','2013-11-20 23:20:41','barangay',530,NULL,NULL,'Santa Barbara'),(2270,'','2013-11-20 23:20:41','2013-11-20 23:20:41','barangay',405,NULL,NULL,'Sara'),(2271,'','2013-11-20 23:20:41','2013-11-20 23:20:41','barangay',381,NULL,NULL,'Tigbauan'),(2272,'','2013-11-20 23:20:41','2013-11-20 23:20:41','barangay',1148,NULL,NULL,'Tubungan'),(2273,'','2013-11-20 23:20:41','2013-11-20 23:20:41','barangay',610,NULL,NULL,'Zarraga'),(2275,'','2013-11-20 23:20:41','2013-11-20 23:20:41','municipality',2299,NULL,NULL,'Roxas City'),(2276,'','2013-11-20 23:20:41','2013-11-20 23:20:41','municipality',738,NULL,NULL,'Cuartero'),(2277,'','2013-11-20 23:20:41','2013-11-20 23:20:41','municipality',590,NULL,NULL,'Dao'),(2278,'','2013-11-20 23:20:41','2013-11-20 23:20:41','municipality',1341,NULL,NULL,'Dumalag'),(2279,'','2013-11-20 23:20:41','2013-11-20 23:20:41','municipality',784,NULL,NULL,'Dumarao'),(2280,'','2013-11-20 23:20:41','2013-11-20 23:20:41','municipality',975,NULL,NULL,'Ivisan'),(2281,'','2013-11-20 23:20:41','2013-11-20 23:20:41','municipality',2388,NULL,NULL,'Jamindan'),(2282,'','2013-11-20 23:20:41','2013-11-20 23:20:41','municipality',1287,NULL,NULL,'Ma-ayon'),(2283,'','2013-11-20 23:20:41','2013-11-20 23:20:41','municipality',2029,NULL,NULL,'Mambusao'),(2284,'','2013-11-20 23:20:41','2013-11-20 23:20:41','municipality',1394,NULL,NULL,'Panay'),(2285,'','2013-11-20 23:20:41','2013-11-20 23:20:41','municipality',477,NULL,NULL,'Panit-an'),(2286,'','2013-11-20 23:20:41','2013-11-20 23:20:41','municipality',884,NULL,NULL,'Pontevedra'),(2287,'','2013-11-20 23:20:41','2013-11-20 23:20:41','municipality',1233,NULL,NULL,'President Roxas'),(2288,'','2013-11-20 23:20:41','2013-11-20 23:20:41','municipality',1163,NULL,NULL,'Sapi-an'),(2289,'','2013-11-20 23:20:41','2013-11-20 23:20:41','municipality',1126,NULL,NULL,'Sigma'),(2290,'','2013-11-20 23:20:41','2013-11-20 23:20:41','municipality',607,NULL,NULL,'Tapaz'),(2291,'','2013-11-20 23:20:41','2013-11-20 23:20:41','barangay',2299,NULL,NULL,'Roxas City'),(2292,'','2013-11-20 23:20:41','2013-11-20 23:20:41','barangay',738,NULL,NULL,'Cuartero'),(2293,'','2013-11-20 23:20:41','2013-11-20 23:20:41','barangay',590,NULL,NULL,'Dao'),(2294,'','2013-11-20 23:20:41','2013-11-20 23:20:41','barangay',1341,NULL,NULL,'Dumalag'),(2295,'','2013-11-20 23:20:41','2013-11-20 23:20:41','barangay',784,NULL,NULL,'Dumarao'),(2296,'','2013-11-20 23:20:41','2013-11-20 23:20:41','barangay',975,NULL,NULL,'Ivisan'),(2297,'','2013-11-20 23:20:41','2013-11-20 23:20:41','barangay',2388,NULL,NULL,'Jamindan'),(2298,'','2013-11-20 23:20:41','2013-11-20 23:20:41','barangay',1287,NULL,NULL,'Ma-ayon'),(2299,'','2013-11-20 23:20:41','2013-11-20 23:20:41','barangay',2029,NULL,NULL,'Mambusao'),(2300,'','2013-11-20 23:20:41','2013-11-20 23:20:41','barangay',1394,NULL,NULL,'Panay'),(2301,'','2013-11-20 23:20:41','2013-11-20 23:20:41','barangay',477,NULL,NULL,'Panit-an'),(2302,'','2013-11-20 23:20:41','2013-11-20 23:20:41','barangay',884,NULL,NULL,'Pontevedra'),(2303,'','2013-11-20 23:20:41','2013-11-20 23:20:41','barangay',1233,NULL,NULL,'President Roxas'),(2304,'','2013-11-20 23:20:41','2013-11-20 23:20:41','barangay',1163,NULL,NULL,'Sapi-an'),(2305,'','2013-11-20 23:20:41','2013-11-20 23:20:41','barangay',1126,NULL,NULL,'Sigma'),(2306,'','2013-11-20 23:20:41','2013-11-20 23:20:41','barangay',607,NULL,NULL,'Tapaz'),(2307,NULL,'2013-11-25 13:28:50','2013-11-25 13:28:56','barangay',NULL,NULL,NULL,'Santiago'),(2308,NULL,'2013-11-25 13:29:13','2013-11-25 13:29:13','barangay',NULL,NULL,NULL,'Pilar'),(2309,NULL,'2013-11-25 13:29:46','2013-11-25 13:29:46','barangay',NULL,NULL,NULL,'Poro'),(2310,NULL,'2013-11-25 13:30:02','2013-11-25 13:30:02','barangay',NULL,NULL,NULL,'Tudela'),(2311,NULL,'2013-11-25 13:52:46','2013-11-25 13:52:46','barangay',NULL,NULL,NULL,'San Francisco'),(2312,'11.496173992078264,122.73376464843749','2013-11-27 15:58:20','2013-11-27 15:58:20','province',NULL,NULL,NULL,'Capiz'),(2313,'10.698394077836653,122.56278991699217','2013-11-27 16:00:06','2013-11-27 16:00:06','province',NULL,NULL,NULL,'Iloilo'),(2314,NULL,'2013-12-04 13:34:04','2013-12-04 13:38:35','barangay',899,NULL,NULL,'Antipolo'),(2315,NULL,'2013-12-04 13:35:04','2013-12-04 13:35:27','barangay',NULL,NULL,NULL,'Gungab'),(2316,NULL,'2013-12-04 13:36:01','2013-12-04 13:39:05','barangay',1374,NULL,NULL,'Mahayahay'),(2317,NULL,'2013-12-04 13:36:58','2013-12-04 13:39:52','barangay',8524,NULL,NULL,'Poblacion'),(2318,NULL,'2013-12-04 13:37:10','2013-12-04 13:40:12','barangay',628,NULL,NULL,'Salvacion'),(2319,NULL,'2013-12-04 13:37:25','2013-12-04 13:40:30','barangay',3290,NULL,NULL,'San Pedro'),(2320,NULL,'2013-12-04 14:15:41','2013-12-04 14:15:41','barangay',NULL,NULL,NULL,'Alegria'),(2321,NULL,'2013-12-04 14:21:21','2013-12-04 14:21:21','barangay',NULL,NULL,NULL,'Bantigue'),(2322,NULL,'2013-12-04 14:23:34','2013-12-04 14:23:34','barangay',NULL,NULL,NULL,'Curva'),(2323,NULL,'2013-12-04 14:24:32','2013-12-04 14:24:32','barangay',NULL,NULL,NULL,'Danao'),(2324,NULL,'2013-12-04 14:25:48','2013-12-04 14:25:48','barangay',NULL,NULL,NULL,'Doña Feliza Z. Mejia'),(2325,NULL,'2013-12-04 14:26:04','2013-12-04 14:26:04','barangay',NULL,NULL,NULL,'Gaas'),(2326,NULL,'2013-12-04 14:35:19','2013-12-04 14:35:19','barangay',NULL,NULL,NULL,'Guintigui-an'),(2327,NULL,'2013-12-04 14:35:29','2013-12-04 14:35:29','barangay',NULL,NULL,NULL,'Hibunawon'),(2328,NULL,'2013-12-04 14:35:37','2013-12-04 14:35:37','barangay',NULL,NULL,NULL,'Libertad'),(2329,NULL,'2013-12-04 14:35:43','2013-12-04 14:35:43','barangay',NULL,NULL,NULL,'Liberty'),(2330,NULL,'2013-12-04 14:35:54','2013-12-04 14:35:54','barangay',NULL,NULL,NULL,'Linao'),(2331,NULL,'2013-12-04 14:36:04','2013-12-04 14:36:04','barangay',NULL,NULL,NULL,'Mabini'),(2332,NULL,'2013-12-04 14:36:11','2013-12-04 14:36:11','barangay',NULL,NULL,NULL,'Mahayag'),(2333,NULL,'2013-12-04 14:36:21','2013-12-04 14:36:21','barangay',NULL,NULL,NULL,'Mahayahay'),(2334,NULL,'2013-12-04 14:36:28','2013-12-04 14:36:28','barangay',NULL,NULL,NULL,'Monterico'),(2335,NULL,'2013-12-04 14:36:41','2013-12-04 14:36:41','barangay',NULL,NULL,NULL,'Patag'),(2336,NULL,'2013-12-04 14:36:52','2013-12-04 14:36:52','barangay',NULL,NULL,NULL,'Punta'),(2337,NULL,'2013-12-04 14:37:00','2013-12-04 14:37:00','barangay',NULL,NULL,NULL,'Salvacion'),(2338,NULL,'2013-12-04 14:37:08','2013-12-04 14:37:08','barangay',NULL,NULL,NULL,'San Antonio'),(2339,NULL,'2013-12-04 14:37:17','2013-12-04 14:37:17','barangay',NULL,NULL,NULL,'San Isidro'),(2340,NULL,'2013-12-04 14:37:25','2013-12-04 14:37:25','barangay',NULL,NULL,NULL,'San Jose'),(2341,NULL,'2013-12-04 14:37:33','2013-12-04 14:37:33','barangay',NULL,NULL,NULL,'San Juan'),(2342,NULL,'2013-12-04 14:37:40','2013-12-04 14:37:40','barangay',NULL,NULL,NULL,'San Vicente'),(2343,NULL,'2013-12-04 14:37:47','2013-12-04 14:37:47','barangay',NULL,NULL,NULL,'Santo Niño');
/*!40000 ALTER TABLE `geo` ENABLE KEYS */;
UNLOCK TABLES;

--
-- Table structure for table `geo_barangay`
--

DROP TABLE IF EXISTS `geo_barangay`;
/*!40101 SET @saved_cs_client     = @@character_set_client */;
/*!40101 SET character_set_client = utf8 */;
CREATE TABLE `geo_barangay` (
  `id` int(11) NOT NULL,
  `municipality_id` int(11) NOT NULL,
  PRIMARY KEY (`id`),
  KEY `IDX_15727483AE6F181C` (`municipality_id`),
  CONSTRAINT `FK_15727483AE6F181C` FOREIGN KEY (`municipality_id`) REFERENCES `geo_municipality` (`id`) ON DELETE CASCADE,
  CONSTRAINT `FK_15727483BF396750` FOREIGN KEY (`id`) REFERENCES `geo` (`id`) ON DELETE CASCADE
) ENGINE=InnoDB DEFAULT CHARSET=utf8 COLLATE=utf8_unicode_ci;
/*!40101 SET character_set_client = @saved_cs_client */;

--
-- Dumping data for table `geo_barangay`
--

LOCK TABLES `geo_barangay` WRITE;
/*!40000 ALTER TABLE `geo_barangay` DISABLE KEYS */;
INSERT INTO `geo_barangay` VALUES (8,12),(9,12),(10,12),(31,12),(32,12),(33,12),(34,12),(35,12),(36,12),(37,12),(38,12),(39,12),(40,12),(41,12),(42,12),(43,12),(44,12),(45,12),(46,12),(47,12),(48,12),(49,12),(50,12),(51,12),(52,12),(53,13),(54,13),(55,13),(56,13),(57,13),(59,13),(60,13),(61,13),(62,13),(63,13),(64,13),(65,13),(66,13),(1944,13),(67,14),(68,14),(69,14),(70,14),(71,14),(72,14),(73,14),(74,14),(75,14),(600,14),(1696,14),(1697,14),(1698,14),(1699,14),(1700,14),(1701,14),(1702,14),(1703,14),(1704,14),(1705,14),(1706,14),(1707,14),(1708,14),(1709,14),(58,15),(76,15),(77,15),(78,15),(79,15),(80,15),(81,15),(82,15),(83,15),(84,15),(85,15),(86,15),(87,15),(88,15),(89,15),(90,15),(91,15),(92,15),(607,15),(609,15),(1945,15),(93,16),(94,16),(95,16),(96,16),(97,16),(98,16),(99,16),(100,16),(101,16),(102,16),(103,16),(104,16),(105,16),(106,16),(107,16),(108,16),(109,16),(110,16),(614,16),(1946,16),(111,17),(112,17),(113,17),(114,17),(115,17),(116,17),(117,17),(118,17),(119,17),(120,17),(121,17),(122,17),(123,17),(124,17),(125,17),(126,17),(127,17),(128,17),(129,17),(130,17),(131,17),(132,17),(133,17),(134,17),(135,17),(136,17),(622,17),(1947,17),(137,18),(138,18),(139,18),(140,18),(141,18),(142,18),(143,18),(144,18),(145,18),(146,18),(147,18),(148,18),(149,18),(150,18),(151,18),(152,18),(153,18),(154,18),(155,18),(156,18),(157,18),(158,18),(159,18),(160,18),(161,18),(162,18),(594,18),(625,18),(626,18),(627,18),(1948,18),(2307,19),(2308,19),(2309,19),(2310,19),(2311,19),(163,20),(164,20),(165,20),(166,20),(167,20),(168,20),(169,20),(170,20),(171,20),(172,20),(173,20),(623,20),(624,20),(174,21),(175,21),(176,21),(177,21),(178,21),(179,21),(180,21),(181,21),(182,21),(183,21),(184,21),(185,21),(186,21),(187,21),(188,21),(620,21),(621,21),(1949,21),(189,22),(190,22),(191,22),(192,22),(193,22),(194,22),(195,22),(196,22),(197,22),(198,22),(199,22),(200,22),(617,22),(618,22),(619,22),(201,23),(202,23),(203,23),(204,23),(205,23),(206,23),(207,23),(208,23),(209,23),(615,23),(616,23),(1950,23),(210,24),(211,24),(212,24),(213,24),(214,24),(215,24),(216,24),(217,24),(218,24),(219,24),(220,24),(221,24),(222,24),(223,24),(224,24),(225,24),(226,24),(227,24),(228,24),(229,24),(230,24),(231,24),(232,24),(612,24),(613,24),(1951,24),(233,25),(234,25),(235,25),(236,25),(237,25),(238,25),(239,25),(240,25),(241,25),(242,25),(610,25),(611,25),(1952,25),(243,26),(244,26),(245,26),(246,26),(247,26),(248,26),(249,26),(250,26),(251,26),(252,26),(253,26),(254,26),(255,26),(256,26),(257,26),(258,26),(605,26),(606,26),(608,26),(1953,26),(259,27),(260,27),(261,27),(262,27),(263,27),(264,27),(265,27),(266,27),(267,27),(268,27),(269,27),(270,27),(271,27),(272,27),(273,27),(599,27),(603,27),(604,27),(1954,27),(1733,28),(1734,28),(1735,28),(1736,28),(1737,28),(1738,28),(1739,28),(1740,28),(1741,28),(1742,28),(1743,28),(1744,28),(1745,28),(1746,28),(1747,28),(1748,28),(1749,28),(1750,28),(1751,28),(1752,28),(1753,28),(1754,28),(1755,28),(1756,28),(1757,28),(1758,28),(1759,28),(1760,28),(1761,28),(1762,28),(1763,28),(1764,28),(1765,28),(1766,28),(1767,28),(1768,28),(1769,28),(1770,28),(1771,28),(1772,28),(1773,28),(1774,28),(1775,28),(1776,28),(1777,28),(1778,28),(1779,28),(1780,28),(1781,28),(1782,28),(1783,28),(1784,28),(1785,28),(1786,28),(1787,28),(1788,28),(1789,28),(1790,28),(1791,28),(1792,28),(1793,28),(1794,28),(1795,28),(1796,28),(1797,28),(1798,28),(1799,28),(1800,28),(1801,28),(1802,28),(1803,28),(1804,28),(1805,28),(1806,28),(1807,28),(1808,28),(1809,28),(1810,28),(1811,28),(1812,28),(1813,28),(1814,28),(1815,28),(1816,28),(1817,28),(1818,28),(1819,28),(1820,28),(1821,28),(1822,28),(1823,28),(1824,28),(1825,28),(1826,28),(1827,28),(1828,28),(1829,28),(1830,28),(1831,28),(1832,28),(1833,28),(1834,28),(1835,28),(1836,28),(1837,28),(1838,28),(1839,28),(1840,28),(1841,28),(1842,28),(1843,28),(1844,28),(1845,28),(1846,28),(1847,28),(1848,28),(1849,28),(1850,28),(1851,28),(1852,28),(1853,28),(1854,28),(1855,28),(1856,28),(1857,28),(1858,28),(1859,28),(1860,28),(1861,28),(1862,28),(1863,28),(1864,28),(1865,28),(1866,28),(1867,28),(1868,28),(1869,28),(1870,28),(1955,28),(1516,29),(1517,29),(1518,29),(1519,29),(1520,29),(1521,29),(1522,29),(1523,29),(1524,29),(1525,29),(1526,29),(1527,29),(1528,29),(1529,29),(1530,29),(1531,29),(1532,29),(1533,29),(1534,29),(1535,29),(1536,29),(1537,29),(1538,29),(1539,29),(1540,29),(1541,29),(1542,29),(1543,29),(1544,29),(1545,29),(1546,29),(1547,29),(1548,29),(1549,29),(1550,29),(1551,29),(1552,29),(1553,29),(1554,29),(1555,29),(1556,29),(1557,29),(1558,29),(1559,29),(1560,29),(1561,29),(1562,29),(1563,29),(1564,29),(1565,29),(1566,29),(1567,29),(1568,29),(1569,29),(1570,29),(1571,29),(1572,29),(1573,29),(1574,29),(1575,29),(1576,29),(1577,29),(1578,29),(1579,29),(1580,29),(1581,29),(1582,29),(1583,29),(1584,29),(1585,29),(1586,29),(1587,29),(1588,29),(1589,29),(1590,29),(1591,29),(1592,29),(1593,29),(1594,29),(1595,29),(1596,29),(1597,29),(1598,29),(1599,29),(1600,29),(1601,29),(1602,29),(1956,29),(2320,29),(2321,29),(2322,29),(2323,29),(2324,29),(2325,29),(2326,29),(2327,29),(2328,29),(2329,29),(2330,29),(2331,29),(2332,29),(2333,29),(2334,29),(2335,29),(2336,29),(2337,29),(2338,29),(2339,29),(2340,29),(2341,29),(2342,29),(2343,29),(1358,30),(1359,30),(1360,30),(1361,30),(1362,30),(1363,30),(1364,30),(1365,30),(1366,30),(1367,30),(1368,30),(1369,30),(1370,30),(1974,30),(1603,595),(1604,595),(1605,595),(1606,595),(1607,595),(1608,595),(1609,595),(1610,595),(1611,595),(1612,595),(1613,595),(1614,595),(1615,595),(1616,595),(1617,595),(1618,595),(1619,595),(1620,595),(1621,595),(1622,595),(1623,595),(1982,595),(671,629),(672,629),(673,629),(674,629),(675,629),(676,629),(677,629),(678,629),(679,629),(680,629),(681,629),(682,629),(683,629),(684,629),(685,629),(686,629),(687,629),(688,629),(689,629),(690,629),(691,629),(692,629),(693,629),(694,629),(695,629),(696,629),(697,629),(698,629),(699,629),(700,629),(701,629),(702,629),(703,629),(704,629),(705,629),(706,629),(707,629),(708,629),(709,629),(710,629),(711,629),(712,629),(713,629),(714,629),(715,629),(716,629),(717,629),(718,629),(719,629),(720,629),(721,629),(722,629),(723,629),(724,629),(725,629),(726,629),(727,629),(728,629),(729,629),(1958,629),(730,630),(731,630),(732,630),(733,630),(734,630),(735,630),(736,630),(737,630),(738,630),(739,630),(740,630),(741,630),(742,630),(743,630),(744,630),(745,630),(746,630),(747,630),(748,630),(749,630),(750,630),(751,630),(752,630),(753,630),(754,630),(755,630),(756,630),(757,630),(758,630),(759,630),(760,630),(761,630),(762,630),(763,630),(764,630),(765,630),(766,630),(767,630),(768,630),(769,630),(770,630),(771,630),(772,630),(773,630),(774,630),(775,630),(776,630),(1959,630),(777,631),(778,631),(779,631),(780,631),(781,631),(782,631),(783,631),(784,631),(785,631),(786,631),(787,631),(1960,631),(2314,631),(2315,631),(2316,631),(2317,631),(2318,631),(2319,631),(788,632),(789,632),(790,632),(791,632),(792,632),(793,632),(794,632),(795,632),(796,632),(797,632),(798,632),(799,632),(800,632),(801,632),(802,632),(803,632),(804,632),(805,632),(806,632),(807,632),(808,632),(1961,632),(809,633),(810,633),(811,633),(812,633),(813,633),(814,633),(815,633),(816,633),(817,633),(818,633),(819,633),(820,633),(821,633),(822,633),(823,633),(824,633),(825,633),(826,633),(827,633),(828,633),(829,633),(830,633),(831,633),(832,633),(833,633),(834,633),(835,633),(836,633),(837,633),(838,633),(839,633),(840,633),(841,633),(842,633),(843,633),(1962,633),(844,634),(845,634),(846,634),(847,634),(848,634),(849,634),(850,634),(851,634),(852,634),(853,634),(854,634),(855,634),(856,634),(857,634),(858,634),(859,634),(860,634),(861,634),(862,634),(863,634),(864,634),(865,634),(866,634),(867,634),(868,634),(869,635),(870,635),(871,635),(872,635),(873,635),(874,635),(875,635),(876,635),(877,635),(878,635),(879,635),(880,635),(881,635),(882,635),(883,635),(884,635),(885,635),(886,635),(887,635),(888,635),(889,635),(890,635),(891,635),(892,635),(893,635),(894,635),(895,635),(896,635),(897,635),(898,635),(899,635),(900,635),(901,635),(902,635),(903,635),(904,635),(905,635),(906,635),(907,635),(908,635),(909,635),(910,635),(911,635),(912,635),(913,635),(914,635),(915,635),(916,635),(917,635),(918,635),(919,635),(920,635),(921,635),(922,635),(923,635),(924,635),(925,635),(926,635),(927,635),(928,635),(929,635),(930,635),(931,635),(932,635),(933,635),(934,635),(935,635),(936,635),(937,635),(938,635),(939,635),(940,635),(941,635),(942,635),(943,635),(944,635),(1957,635),(945,636),(946,636),(947,636),(948,636),(949,636),(950,636),(951,636),(952,636),(953,636),(954,636),(955,636),(956,636),(957,636),(958,636),(959,636),(960,636),(961,636),(962,636),(963,636),(964,636),(965,636),(966,636),(967,636),(968,636),(969,636),(970,636),(971,636),(972,636),(973,636),(974,636),(975,636),(976,636),(977,636),(978,636),(979,636),(980,636),(981,636),(982,636),(983,636),(984,636),(985,636),(986,636),(987,636),(988,636),(989,636),(990,636),(991,636),(992,636),(993,636),(994,636),(995,636),(996,636),(997,636),(998,636),(999,636),(1000,636),(1001,636),(1002,636),(1003,636),(1004,636),(1005,636),(1006,636),(1007,636),(1008,636),(1009,636),(1010,636),(1011,636),(1963,636),(1012,637),(1013,637),(1014,637),(1015,637),(1016,637),(1017,637),(1018,637),(1019,637),(1020,637),(1021,637),(1022,637),(1023,637),(1024,637),(1025,637),(1026,637),(1027,637),(1028,637),(1029,637),(1030,637),(1031,637),(1032,637),(1033,637),(1034,637),(1035,637),(1036,637),(1037,637),(1038,637),(1039,637),(1040,637),(1041,637),(1042,637),(1043,637),(1044,637),(1045,637),(1046,637),(1047,637),(1048,637),(1049,637),(1050,637),(1051,637),(1052,637),(1053,637),(1054,637),(1055,637),(1056,637),(1057,637),(1058,637),(1059,637),(1076,638),(1077,638),(1078,638),(1079,638),(1080,638),(1081,638),(1082,638),(1083,638),(1084,638),(1085,638),(1086,638),(1087,638),(1088,638),(1089,638),(1090,638),(1091,638),(1092,638),(1093,638),(1094,638),(1095,638),(1096,638),(1097,638),(1098,638),(1099,638),(1100,638),(1101,638),(1102,638),(1103,638),(1104,638),(1105,638),(1106,638),(1107,638),(1108,638),(1109,638),(1110,638),(1111,638),(1112,638),(1113,638),(1114,638),(1115,638),(1116,638),(1117,638),(1118,638),(1965,638),(1119,639),(1120,639),(1121,639),(1122,639),(1123,639),(1124,639),(1125,639),(1126,639),(1127,639),(1128,639),(1129,639),(1130,639),(1131,639),(1132,639),(1133,639),(1134,639),(1135,639),(1136,639),(1137,639),(1138,639),(1139,639),(1140,639),(1141,639),(1142,639),(1143,639),(1144,639),(1145,639),(1146,639),(1147,639),(1148,639),(1149,639),(1150,639),(1151,639),(1152,639),(1153,639),(1154,639),(1155,639),(1156,639),(1157,639),(1158,639),(1159,639),(1160,639),(1161,639),(1162,639),(1163,639),(1164,639),(1165,639),(1166,639),(1167,639),(1168,639),(1169,639),(1170,639),(1171,639),(1966,639),(1172,640),(1173,640),(1174,640),(1175,640),(1176,640),(1177,640),(1178,640),(1179,640),(1180,640),(1181,640),(1182,640),(1183,640),(1184,640),(1185,640),(1186,640),(1187,640),(1188,640),(1189,640),(1190,640),(1191,640),(1192,640),(1193,640),(1194,640),(1195,640),(1196,640),(1197,640),(1198,640),(1199,640),(1200,640),(1201,640),(1967,640),(1202,641),(1203,641),(1204,641),(1205,641),(1206,641),(1207,641),(1208,641),(1209,641),(1210,641),(1211,641),(1212,641),(1213,641),(1214,641),(1215,641),(1216,641),(1217,641),(1218,641),(1219,641),(1220,641),(1221,641),(1222,641),(1223,641),(1224,641),(1225,641),(1226,641),(1227,641),(1228,641),(1229,641),(1230,641),(1231,641),(1232,641),(1233,641),(1234,641),(1235,641),(1236,641),(1237,641),(1238,641),(1239,641),(1240,641),(1968,641),(1241,642),(1242,642),(1243,642),(1244,642),(1245,642),(1246,642),(1247,642),(1248,642),(1249,642),(1250,642),(1251,642),(1252,642),(1253,642),(1254,642),(1255,642),(1256,642),(1257,642),(1258,642),(1259,643),(1260,643),(1261,643),(1262,643),(1263,643),(1264,643),(1265,643),(1266,643),(1267,643),(1268,643),(1269,643),(1270,643),(1271,643),(1272,643),(1273,643),(1274,643),(1275,643),(1969,643),(1276,644),(1277,644),(1278,644),(1279,644),(1280,644),(1281,644),(1282,644),(1283,644),(1284,644),(1285,644),(1286,644),(1287,644),(1288,644),(1289,644),(1290,644),(1291,644),(1970,644),(1292,645),(1293,645),(1294,645),(1295,645),(1296,645),(1297,645),(1298,645),(1299,645),(1300,645),(1301,645),(1302,645),(1303,645),(1304,645),(1305,645),(1306,645),(1307,645),(1308,645),(1309,645),(1310,645),(1311,645),(1312,645),(1313,645),(1314,645),(1315,645),(1316,645),(1317,645),(1318,645),(1319,645),(1320,645),(1321,645),(1322,645),(1323,645),(1971,645),(1324,646),(1325,646),(1326,646),(1327,646),(1328,646),(1329,646),(1330,646),(1331,646),(1332,646),(1333,646),(1334,646),(1335,646),(1336,646),(1337,646),(1338,646),(1339,646),(1340,646),(1341,646),(1342,646),(1343,646),(1344,646),(1345,646),(1972,646),(1346,647),(1347,647),(1348,647),(1349,647),(1350,647),(1351,647),(1352,647),(1353,647),(1354,647),(1355,647),(1356,647),(1357,647),(1973,647),(1401,649),(1402,649),(1403,649),(1404,649),(1405,649),(1406,649),(1407,649),(1408,649),(1409,649),(1410,649),(1411,649),(1412,649),(1413,649),(1414,649),(1415,649),(1416,649),(1417,649),(1418,649),(1419,649),(1420,649),(1421,649),(1422,649),(1423,649),(1424,649),(1975,649),(1425,650),(1426,650),(1427,650),(1428,650),(1429,650),(1430,650),(1431,650),(1432,650),(1433,650),(1434,650),(1435,650),(1436,650),(1437,650),(1438,650),(1439,650),(1440,650),(1441,650),(1442,650),(1976,650),(1443,651),(1444,651),(1445,651),(1446,651),(1447,651),(1448,651),(1449,651),(1450,651),(1451,651),(1452,651),(1453,651),(1454,651),(1455,651),(1456,651),(1457,651),(1458,651),(1459,651),(1460,651),(1977,651),(1461,652),(1462,652),(1463,652),(1464,652),(1465,652),(1466,652),(1467,652),(1468,652),(1469,652),(1470,652),(1471,652),(1472,652),(1473,652),(1474,652),(1475,652),(1476,652),(1978,652),(1477,653),(1478,653),(1479,653),(1480,653),(1481,653),(1482,653),(1483,653),(1484,653),(1485,653),(1486,653),(1487,653),(1488,653),(1489,653),(1490,653),(1491,653),(1492,653),(1493,653),(1494,653),(1495,653),(1496,653),(1497,653),(1979,653),(1498,654),(1499,654),(1500,654),(1501,654),(1980,654),(1502,655),(1503,655),(1504,655),(1505,655),(1506,655),(1507,655),(1508,655),(1509,655),(1510,655),(1511,655),(1512,655),(1513,655),(1514,655),(1515,655),(1981,655),(1624,656),(1625,656),(1626,656),(1627,656),(1628,656),(1629,656),(1630,656),(1631,656),(1632,656),(1633,656),(1634,656),(1635,656),(1636,656),(1637,656),(1638,656),(1639,656),(1640,656),(1641,656),(1642,656),(1643,656),(1644,656),(1645,656),(1646,656),(1647,656),(1648,656),(1649,656),(1650,656),(1651,656),(1983,656),(1652,657),(1653,657),(1654,657),(1655,657),(1656,657),(1657,657),(1658,657),(1659,657),(1660,657),(1661,657),(1662,657),(1663,657),(1664,657),(1665,657),(1666,657),(1667,657),(1668,657),(1669,657),(1670,657),(1671,657),(1672,657),(1984,657),(1673,658),(1674,658),(1675,658),(1676,658),(1677,658),(1678,658),(1679,658),(1680,658),(1681,658),(1682,658),(1683,659),(1684,659),(1685,659),(1686,659),(1687,659),(1688,659),(1689,659),(1690,659),(1691,659),(1692,659),(1693,659),(1694,659),(1695,659),(1710,661),(1711,661),(1712,661),(1713,661),(1714,661),(1715,661),(1716,661),(1717,661),(1718,661),(1985,661),(1719,662),(1720,662),(1721,662),(1722,662),(1723,662),(1724,662),(1725,662),(1726,662),(1727,662),(1728,662),(1729,662),(1730,662),(1731,662),(1732,662),(1986,662),(1871,663),(1872,663),(1873,663),(1874,663),(1875,663),(1876,663),(1877,663),(1878,663),(1879,663),(1880,663),(1881,663),(1882,663),(1883,663),(1884,663),(1885,663),(1886,663),(1887,663),(1888,663),(1889,663),(1890,663),(1891,663),(1892,663),(1893,663),(1894,663),(1895,663),(1896,663),(1897,663),(1898,663),(1899,663),(1900,663),(1901,663),(1987,663),(1902,664),(1903,664),(1904,664),(1905,664),(1906,664),(1907,664),(1908,664),(1909,664),(1910,664),(1911,664),(1912,664),(1988,664),(1913,665),(1914,665),(1915,665),(1989,665),(1916,666),(1917,666),(1918,666),(1919,666),(1920,666),(1921,666),(1922,666),(1923,666),(1924,666),(1925,666),(1926,666),(1927,666),(1928,666),(1929,666),(1930,666),(1931,666),(1932,666),(1933,666),(1934,666),(1935,666),(1936,666),(1937,666),(1938,666),(1939,666),(1940,666),(1941,666),(1990,666),(1371,667),(1372,667),(1373,667),(1374,667),(1375,667),(1376,667),(1377,667),(1378,667),(1379,667),(1380,667),(1381,667),(1382,667),(1383,667),(1384,667),(1385,667),(1386,667),(1387,667),(1388,667),(1389,667),(1390,667),(1391,667),(1392,667),(1393,667),(1394,667),(1395,667),(1396,667),(1397,667),(1398,667),(1399,667),(1400,667),(1060,670),(1061,670),(1062,670),(1063,670),(1064,670),(1065,670),(1066,670),(1067,670),(1068,670),(1069,670),(1070,670),(1071,670),(1072,670),(1073,670),(1074,670),(1075,670),(1964,670),(2127,2104),(2128,2124),(2129,2125),(2130,2126),(2158,2132),(2159,2133),(2160,2134),(2161,2135),(2162,2136),(2163,2137),(2164,2138),(2165,2139),(2166,2140),(2167,2141),(2168,2142),(2169,2143),(2170,2144),(2171,2145),(2172,2146),(2173,2147),(2174,2148),(2175,2153),(2176,2154),(2177,2155),(2178,2156),(2179,2157),(2188,2180),(2189,2181),(2190,2182),(2191,2183),(2192,2184),(2193,2186);
/*!40000 ALTER TABLE `geo_barangay` ENABLE KEYS */;
UNLOCK TABLES;

--
-- Table structure for table `geo_municipality`
--

DROP TABLE IF EXISTS `geo_municipality`;
/*!40101 SET @saved_cs_client     = @@character_set_client */;
/*!40101 SET character_set_client = utf8 */;
CREATE TABLE `geo_municipality` (
  `id` int(11) NOT NULL,
  `province_id` int(11) NOT NULL,
  PRIMARY KEY (`id`),
  KEY `IDX_1029BC13E946114A` (`province_id`),
  CONSTRAINT `FK_1029BC13BF396750` FOREIGN KEY (`id`) REFERENCES `geo` (`id`) ON DELETE CASCADE,
  CONSTRAINT `FK_1029BC13E946114A` FOREIGN KEY (`province_id`) REFERENCES `geo_province` (`id`) ON DELETE CASCADE
) ENGINE=InnoDB DEFAULT CHARSET=utf8 COLLATE=utf8_unicode_ci;
/*!40101 SET character_set_client = @saved_cs_client */;

--
-- Dumping data for table `geo_municipality`
--

LOCK TABLES `geo_municipality` WRITE;
/*!40000 ALTER TABLE `geo_municipality` DISABLE KEYS */;
INSERT INTO `geo_municipality` VALUES (12,5),(13,5),(14,5),(15,5),(16,5),(17,5),(18,5),(19,5),(20,5),(21,5),(22,5),(23,5),(24,5),(25,5),(26,5),(27,5),(28,11),(29,11),(30,11),(595,11),(596,11),(629,11),(630,11),(631,11),(632,11),(633,11),(634,11),(635,11),(636,11),(637,11),(638,11),(639,11),(640,11),(641,11),(642,11),(643,11),(644,11),(645,11),(646,11),(647,11),(649,11),(650,11),(651,11),(652,11),(653,11),(654,11),(655,11),(656,11),(657,11),(658,11),(659,11),(660,11),(661,11),(662,11),(663,11),(664,11),(665,11),(666,11),(667,11),(669,11),(670,11),(2180,598),(2181,598),(2182,598),(2183,598),(2184,598),(2185,598),(2186,598),(2187,598),(2104,2103),(2105,2103),(2106,2103),(2107,2103),(2108,2103),(2109,2103),(2110,2103),(2111,2103),(2112,2103),(2113,2103),(2114,2103),(2115,2103),(2116,2103),(2117,2103),(2118,2103),(2119,2103),(2120,2103),(2121,2103),(2122,2103),(2123,2103),(2124,2103),(2125,2103),(2126,2103),(2132,2103),(2133,2103),(2134,2103),(2135,2103),(2136,2103),(2137,2103),(2138,2103),(2139,2103),(2140,2103),(2141,2103),(2142,2103),(2143,2103),(2144,2103),(2145,2103),(2146,2103),(2147,2103),(2148,2103),(2149,2103),(2150,2103),(2151,2103),(2152,2103),(2153,2103),(2154,2103),(2155,2103),(2156,2103),(2157,2103);
/*!40000 ALTER TABLE `geo_municipality` ENABLE KEYS */;
UNLOCK TABLES;

--
-- Table structure for table `geo_province`
--

DROP TABLE IF EXISTS `geo_province`;
/*!40101 SET @saved_cs_client     = @@character_set_client */;
/*!40101 SET character_set_client = utf8 */;
CREATE TABLE `geo_province` (
  `id` int(11) NOT NULL,
  PRIMARY KEY (`id`),
  CONSTRAINT `FK_A463A3AABF396750` FOREIGN KEY (`id`) REFERENCES `geo` (`id`) ON DELETE CASCADE
) ENGINE=InnoDB DEFAULT CHARSET=utf8 COLLATE=utf8_unicode_ci;
/*!40101 SET character_set_client = @saved_cs_client */;

--
-- Dumping data for table `geo_province`
--

LOCK TABLES `geo_province` WRITE;
/*!40000 ALTER TABLE `geo_province` DISABLE KEYS */;
INSERT INTO `geo_province` VALUES (5),(11),(598),(2103),(2312),(2313);
/*!40000 ALTER TABLE `geo_province` ENABLE KEYS */;
UNLOCK TABLES;

--
-- Table structure for table `health_location`
--

DROP TABLE IF EXISTS `health_location`;
/*!40101 SET @saved_cs_client     = @@character_set_client */;
/*!40101 SET character_set_client = utf8 */;
CREATE TABLE `health_location` (
  `id` int(11) NOT NULL AUTO_INCREMENT,
  `province_id` int(11) DEFAULT NULL,
  `name` varchar(64) COLLATE utf8_unicode_ci NOT NULL,
  PRIMARY KEY (`id`),
  UNIQUE KEY `unique_name_idx` (`name`),
  KEY `IDX_B6BBF465E946114A` (`province_id`),
  CONSTRAINT `FK_B6BBF465E946114A` FOREIGN KEY (`province_id`) REFERENCES `geo_province` (`id`) ON DELETE CASCADE
) ENGINE=InnoDB AUTO_INCREMENT=31 DEFAULT CHARSET=utf8 COLLATE=utf8_unicode_ci;
/*!40101 SET character_set_client = @saved_cs_client */;

--
-- Dumping data for table `health_location`
--

LOCK TABLES `health_location` WRITE;
/*!40000 ALTER TABLE `health_location` DISABLE KEYS */;
INSERT INTO `health_location` VALUES (1,5,'Tabogon'),(2,5,'Bogo'),(3,5,'Bantayan'),(4,5,'Daanbantayan'),(5,5,'Medellin'),(6,5,'Metro Cebu'),(7,5,'Evac Centers, Metro Cebu'),(9,5,'No specific area'),(11,598,'Tuburan'),(13,2103,'Guiuan'),(14,11,'Ormoc City'),(15,11,'Carigara'),(17,11,'Kananga'),(18,2312,'Roxas City'),(19,2313,'Iloilo'),(20,11,'Tacloban'),(21,11,'Palo'),(22,11,'Tanauan'),(23,11,'Isabel'),(24,11,'San Joaquin'),(25,11,'Burauen'),(26,11,'Baybay'),(27,11,'Merida'),(28,11,'Tolosa'),(29,11,'Dagami'),(30,2103,'Basey');
/*!40000 ALTER TABLE `health_location` ENABLE KEYS */;
UNLOCK TABLES;

--
-- Table structure for table `health_status`
--

DROP TABLE IF EXISTS `health_status`;
/*!40101 SET @saved_cs_client     = @@character_set_client */;
/*!40101 SET character_set_client = utf8 */;
CREATE TABLE `health_status` (
  `id` int(11) NOT NULL AUTO_INCREMENT,
  `ngo_id` int(11) NOT NULL,
  `location_id` int(11) NOT NULL,
  `message` longtext COLLATE utf8_unicode_ci NOT NULL,
  `date_created` datetime NOT NULL,
  `date_updated` datetime NOT NULL,
  PRIMARY KEY (`id`),
  KEY `IDX_EA8D99526B9FA3` (`ngo_id`),
  KEY `IDX_EA8D9964D218E` (`location_id`),
  CONSTRAINT `FK_EA8D9964D218E` FOREIGN KEY (`location_id`) REFERENCES `health_location` (`id`) ON DELETE CASCADE,
  CONSTRAINT `FK_EA8D99526B9FA3` FOREIGN KEY (`ngo_id`) REFERENCES `ngo` (`id`) ON DELETE CASCADE
) ENGINE=InnoDB AUTO_INCREMENT=4 DEFAULT CHARSET=utf8 COLLATE=utf8_unicode_ci;
/*!40101 SET character_set_client = @saved_cs_client */;

--
-- Dumping data for table `health_status`
--

LOCK TABLES `health_status` WRITE;
/*!40000 ALTER TABLE `health_status` DISABLE KEYS */;
INSERT INTO `health_status` VALUES (3,62,3,'Medical Services','2013-12-02 19:18:23','2013-12-02 19:18:23');
/*!40000 ALTER TABLE `health_status` ENABLE KEYS */;
UNLOCK TABLES;

--
-- Table structure for table `health_team`
--

DROP TABLE IF EXISTS `health_team`;
/*!40101 SET @saved_cs_client     = @@character_set_client */;
/*!40101 SET character_set_client = utf8 */;
CREATE TABLE `health_team` (
  `id` int(11) NOT NULL AUTO_INCREMENT,
  `ngo_id` int(11) DEFAULT NULL,
  `location_id` int(11) NOT NULL,
  `name` varchar(64) COLLATE utf8_unicode_ci NOT NULL,
  `md` int(11) DEFAULT NULL,
  `rn` int(11) DEFAULT NULL,
  `other` int(11) DEFAULT NULL,
  `skills` longtext COLLATE utf8_unicode_ci COMMENT '(DC2Type:simple_array)',
  `services_rendered` varchar(150) COLLATE utf8_unicode_ci DEFAULT NULL,
  `date_arrived` date DEFAULT NULL,
  `expected_departure` date DEFAULT NULL,
  `contact_person` varchar(255) COLLATE utf8_unicode_ci DEFAULT NULL,
  `contact_number` varchar(255) COLLATE utf8_unicode_ci DEFAULT NULL,
  PRIMARY KEY (`id`),
  KEY `IDX_D96571A0526B9FA3` (`ngo_id`),
  KEY `IDX_D96571A064D218E` (`location_id`),
  CONSTRAINT `FK_D96571A0526B9FA3` FOREIGN KEY (`ngo_id`) REFERENCES `ngo` (`id`) ON DELETE CASCADE,
  CONSTRAINT `FK_D96571A064D218E` FOREIGN KEY (`location_id`) REFERENCES `health_location` (`id`) ON DELETE CASCADE
) ENGINE=InnoDB AUTO_INCREMENT=81 DEFAULT CHARSET=utf8 COLLATE=utf8_unicode_ci;
/*!40101 SET character_set_client = @saved_cs_client */;

--
-- Dumping data for table `health_team`
--

LOCK TABLES `health_team` WRITE;
/*!40000 ALTER TABLE `health_team` DISABLE KEYS */;
INSERT INTO `health_team` VALUES (5,151,1,'Team 1',7,0,1,NULL,'Medical clinics','2013-11-15','2013-11-18',NULL,NULL),(6,125,1,'Team A',3,0,3,NULL,'Medical Consultation',NULL,NULL,'Park Seok In','+821056153719'),(7,125,1,'Team B',5,5,10,NULL,'Medical Services',NULL,NULL,'Dr. Seo Jungseong','+8219071478275'),(8,128,2,'Team 1',0,0,0,NULL,NULL,NULL,NULL,NULL,NULL),(9,129,14,'Team 1',2,8,6,NULL,'Medical Services','2013-11-14',NULL,'Kate Auger','9396284276'),(10,NULL,2,'Landsaid (EU)',2,2,0,NULL,'Medical Services','2013-11-19','2013-12-17','Haus Russwessels','9275766686'),(13,NULL,3,'Medical Teams Intl (?)',0,0,0,NULL,'',NULL,NULL,'',''),(15,135,3,'Team A',0,0,0,NULL,NULL,'2013-11-16','2013-02-16','Tanya Strongman','tanya.strongman@savethechildren.org'),(16,136,4,'Team 1',0,0,10,NULL,'WASH','2013-11-19','2013-11-24','Xavier Ranchon','9152654718'),(19,139,4,'Japanese Red Cross',4,2,6,NULL,'Basic health care; public health services','2013-11-19','2014-03-19','Satoko Otsu','9186214262'),(21,143,6,'Team 1',0,0,0,NULL,'Birth',NULL,NULL,'Hilary Overton','(032) 418-9337'),(22,142,15,'Team 1',0,0,9,NULL,'Medical services','2013-11-18',NULL,'Bob Durand','9154663476'),(23,NULL,7,'Hope Worldwide (?)',0,0,0,NULL,'',NULL,NULL,'',''),(24,153,17,'Team 1',3,3,2,NULL,'Medical','2013-11-20','2013-11-30','Dr. Corona Rintawan','9184775172'),(25,144,13,'Guiuan Team',0,0,0,NULL,'Medical Services','2013-11-10','2013-12-10','Karl Erdmann','9152658091'),(26,146,20,'Team 1',0,0,0,NULL,'WASH, shelter and food',NULL,NULL,'Sinead','9165352551'),(27,150,1,'Team 1',0,0,0,NULL,'Technical support','2013-11-09','2014-01-01','Dr. Ando Tiana Raobelison','09157913887; 09182045316'),(28,NULL,9,'Humanitatian Medical Assistance (Japan)',0,0,0,NULL,'',NULL,NULL,'',''),(29,147,9,'Team 1',0,0,0,NULL,'Medical Services','2013-11-16',NULL,NULL,NULL),(30,148,30,'Team A',0,0,0,NULL,NULL,NULL,NULL,'Ak Bendicho','9186531488'),(31,145,19,'Team B',0,0,9,NULL,'Water purifiers; Shelter','2013-11-11',NULL,'Shawn Carby','9152102711'),(32,149,18,'Team A',0,0,3,NULL,'Provision of medical items and equipment','2013-11-18',NULL,'Scott Crawford','9215663562'),(33,NULL,3,'Medical Teams International (?)',0,1,3,NULL,'Rapid Health Assessment','2013-11-16',NULL,'Ian Yocur','9158457204'),(35,140,13,'Team 1',2,6,10,NULL,'Mobile medical team','2013-11-11','2013-11-28','Anita Bonsubre','9178377013'),(37,131,2,'Team 1',4,3,4,NULL,'Public health, primary care','2013-11-19','2013-12-12','Dirk Growe','9212086528'),(38,91,4,'Team 1',NULL,NULL,17,NULL,'Relief goods; Psychosocial support, MHPSS','2013-11-14',NULL,'Romain Santon','9185216412'),(39,154,4,'JSDF Medical team',5,3,20,NULL,'Outpatient care; augmentation of services','2013-11-16',NULL,'Toshihiro Yamasaki','9697347754; 09497347754'),(40,155,1,'Team 1',NULL,NULL,NULL,NULL,'Medical clinics','2013-11-23',NULL,NULL,NULL),(41,145,20,'Team A',NULL,NULL,10,NULL,'Water purifiers; Shelter','2013-11-11',NULL,'Shawn Carby','9152102711'),(42,145,6,'Team C',NULL,NULL,4,NULL,'Water purifiers; Shelter','2013-11-11',NULL,'Shawn Carby','9152102711'),(44,144,6,'Cebu, Roxas, Manila Team',NULL,NULL,5,NULL,'Medical Services','2013-11-11',NULL,'Karl Erdmann','9152658091'),(45,157,3,'Team 1',NULL,NULL,NULL,NULL,'WASH','2013-11-24',NULL,'Md. Shofiul Alam','9208059153'),(46,149,6,'Team B',NULL,NULL,2,NULL,'Provision of medical items and equipment','2013-11-18',NULL,'Scott Crawford','9215663562'),(47,158,21,'Team 1',NULL,NULL,NULL,NULL,'Medical; Water filtration system',NULL,NULL,NULL,NULL),(48,159,21,'Team A',NULL,NULL,NULL,NULL,'Medical Services','2013-11-13',NULL,'Andrea Czekanski','9215718865'),(49,160,20,'Team A',1,3,6,NULL,'Medical supplies and emergency kits','2013-11-16',NULL,'Christina Mach','9158940053'),(50,160,20,'Team B',1,3,6,NULL,'Medical supplies and emergency kits','2013-11-16',NULL,'Ruby Siddiqui','9172472814'),(51,160,20,'Team C',1,3,6,NULL,'Medical supplies and emergency kits','2013-11-16',NULL,'Shem Wilfred Eledia','9293876813'),(52,161,20,'Team 1',11,10,25,NULL,'Medical services','2013-11-13',NULL,'Anne Taylor','9152102969; 09185905230'),(53,162,20,'Team 1',NULL,NULL,NULL,NULL,NULL,NULL,NULL,NULL,NULL),(54,163,20,'Team 1',NULL,NULL,NULL,NULL,'Medical Services','2013-11-14',NULL,'Pascal Simon','9476488886'),(55,164,20,'Team 1',NULL,NULL,NULL,NULL,'Retrieval, MDM','2013-11-20','2013-12-04',NULL,NULL),(59,135,20,'Team B',NULL,NULL,NULL,NULL,'Medical services','2013-11-16','2014-01-16','Tanya Strongman','tanya.strongman@savethechildren.org'),(60,167,20,'Team 1',0,2,18,NULL,'Medical services and equipment, psychological support, hospital rehabilitation','2013-11-16','2013-03-16','Henri Bonnin','9065851178'),(61,168,20,'Team 1',NULL,NULL,7,NULL,'MDM (search and rescue/retrieval)','2013-11-23','2013-12-02','Esther van Neerbos/ Saad Attia','9984332806'),(62,137,22,'Team B',NULL,NULL,NULL,NULL,'Medical Services',NULL,NULL,'Oggie Radosauljevic/ Noel Miranda','09065863192, 09189234953'),(63,169,23,'Team A',NULL,NULL,NULL,NULL,'Medical Services',NULL,NULL,NULL,NULL),(64,159,24,'Team B',3,1,8,NULL,'Medical & Pharmaceutical services; Water filtration','2013-11-18',NULL,'Andrea Czekanski','9215718865'),(65,170,14,'Team 1',NULL,NULL,NULL,NULL,'Medical & psychosocial support','2013-11-15','2013-11-24',NULL,NULL),(66,169,14,'Team B',5,3,10,NULL,'Medical Services','2013-11-16','2013-11-29',NULL,NULL),(67,171,14,'Team 1',NULL,NULL,NULL,NULL,'Health of older persons',NULL,NULL,NULL,NULL),(68,172,14,'Team 1',NULL,NULL,NULL,NULL,'Reconstruction & rehabilitation of hospital',NULL,NULL,'Nur Hayati Ahmad','9397714744'),(69,173,14,'Team 1',2,NULL,NULL,NULL,'Medical Services','2013-11-19','2013-12-05',NULL,NULL),(70,174,14,'Team 1',NULL,NULL,NULL,NULL,'Rapid health assessment','2013-11-19',NULL,'Hakon Skaug','9086281019'),(71,175,25,'Team 1',6,2,0,NULL,'Medical & Psychological support','2013-11-11','2014-01-11','Cecilia Greco','9062506992'),(72,176,21,'Team 1',16,14,NULL,NULL,'Medical services','2013-11-22','2013-12-05',NULL,NULL),(73,177,26,'Team one',28,NULL,NULL,NULL,'Medical Services','2013-11-22','2013-12-05',NULL,NULL),(74,178,27,'Team 1',2,2,1,NULL,'Primary care; Medical services','2013-11-18','2013-12-28','Yosuke Takada/ Kimiko Yamashita','9152647757'),(76,161,22,'Team',4,8,10,NULL,'hospital','2013-11-16',NULL,'Akiko Matsumoto','09998069533;09195096690'),(77,139,14,'Canadian + Norwegian Red Cross',NULL,NULL,NULL,NULL,NULL,NULL,NULL,'Sebastien Jauffroy','9984159569'),(78,132,3,'Team 1',8,7,30,NULL,'Medical services','2013-11-13',NULL,'Natasha Reyes','9275633680'),(79,130,2,'Team 1',1,NULL,11,NULL,'Health services (10 paramedics)',NULL,'2014-12-06','Stefan Gassner','09065769257'),(80,148,30,'Team B',NULL,NULL,NULL,NULL,NULL,NULL,NULL,'Ak Bendicho','9186531488');
/*!40000 ALTER TABLE `health_team` ENABLE KEYS */;
UNLOCK TABLES;

--
-- Table structure for table `help_center`
--

DROP TABLE IF EXISTS `help_center`;
/*!40101 SET @saved_cs_client     = @@character_set_client */;
/*!40101 SET character_set_client = utf8 */;
CREATE TABLE `help_center` (
  `id` int(11) NOT NULL AUTO_INCREMENT,
  `reporter` int(11) NOT NULL,
  `geo_id` int(11) NOT NULL,
  `resource_id` int(11) DEFAULT NULL,
  `contact` longtext COLLATE utf8_unicode_ci,
  `message` longtext COLLATE utf8_unicode_ci,
  `status` varchar(45) COLLATE utf8_unicode_ci DEFAULT NULL,
  `date_created` datetime NOT NULL,
  `date_updated` datetime NOT NULL,
  PRIMARY KEY (`id`),
  KEY `IDX_84F6395C76D6E0F2` (`reporter`),
  KEY `IDX_84F6395CFA49D0B` (`geo_id`),
  KEY `IDX_84F6395C89329D25` (`resource_id`),
  CONSTRAINT `FK_84F6395C89329D25` FOREIGN KEY (`resource_id`) REFERENCES `resource_type` (`id`),
  CONSTRAINT `FK_84F6395C76D6E0F2` FOREIGN KEY (`reporter`) REFERENCES `user_ngo` (`id`) ON DELETE CASCADE,
  CONSTRAINT `FK_84F6395CFA49D0B` FOREIGN KEY (`geo_id`) REFERENCES `geo` (`id`) ON DELETE CASCADE
) ENGINE=InnoDB AUTO_INCREMENT=2 DEFAULT CHARSET=utf8 COLLATE=utf8_unicode_ci;
/*!40101 SET character_set_client = @saved_cs_client */;

--
-- Dumping data for table `help_center`
--

LOCK TABLES `help_center` WRITE;
/*!40000 ALTER TABLE `help_center` DISABLE KEYS */;
/*!40000 ALTER TABLE `help_center` ENABLE KEYS */;
UNLOCK TABLES;

--
-- Table structure for table `help_center_response`
--

DROP TABLE IF EXISTS `help_center_response`;
/*!40101 SET @saved_cs_client     = @@character_set_client */;
/*!40101 SET character_set_client = utf8 */;
CREATE TABLE `help_center_response` (
  `id` int(11) NOT NULL AUTO_INCREMENT,
  `reporter` int(11) NOT NULL,
  `help_center_id` int(11) DEFAULT NULL,
  `message` longtext COLLATE utf8_unicode_ci,
  `date_created` datetime NOT NULL,
  `date_updated` datetime NOT NULL,
  PRIMARY KEY (`id`),
  KEY `IDX_9CD0ED8276D6E0F2` (`reporter`),
  KEY `IDX_9CD0ED8259BDC8F3` (`help_center_id`),
  CONSTRAINT `FK_9CD0ED8259BDC8F3` FOREIGN KEY (`help_center_id`) REFERENCES `help_center` (`id`),
  CONSTRAINT `FK_9CD0ED8276D6E0F2` FOREIGN KEY (`reporter`) REFERENCES `user_ngo` (`id`) ON DELETE CASCADE
) ENGINE=InnoDB DEFAULT CHARSET=utf8 COLLATE=utf8_unicode_ci;
/*!40101 SET character_set_client = @saved_cs_client */;

--
-- Dumping data for table `help_center_response`
--

LOCK TABLES `help_center_response` WRITE;
/*!40000 ALTER TABLE `help_center_response` DISABLE KEYS */;
/*!40000 ALTER TABLE `help_center_response` ENABLE KEYS */;
UNLOCK TABLES;

--
-- Table structure for table `message_board`
--

DROP TABLE IF EXISTS `message_board`;
/*!40101 SET @saved_cs_client     = @@character_set_client */;
/*!40101 SET character_set_client = utf8 */;
CREATE TABLE `message_board` (
  `id` int(11) NOT NULL AUTO_INCREMENT,
  `reporter` int(11) NOT NULL,
  `geo_id` int(11) NOT NULL,
  `message` longtext COLLATE utf8_unicode_ci NOT NULL,
  `date_created` datetime NOT NULL,
  `date_updated` datetime NOT NULL,
  PRIMARY KEY (`id`),
  KEY `IDX_A7F0D4AC76D6E0F2` (`reporter`),
  KEY `IDX_A7F0D4ACFA49D0B` (`geo_id`),
  CONSTRAINT `FK_A7F0D4ACFA49D0B` FOREIGN KEY (`geo_id`) REFERENCES `geo` (`id`) ON DELETE CASCADE,
  CONSTRAINT `FK_A7F0D4AC76D6E0F2` FOREIGN KEY (`reporter`) REFERENCES `user_ngo` (`id`) ON DELETE CASCADE
) ENGINE=InnoDB AUTO_INCREMENT=7 DEFAULT CHARSET=utf8 COLLATE=utf8_unicode_ci;
/*!40101 SET character_set_client = @saved_cs_client */;

--
-- Dumping data for table `message_board`
--

LOCK TABLES `message_board` WRITE;
/*!40000 ALTER TABLE `message_board` DISABLE KEYS */;
INSERT INTO `message_board` VALUES (1,4,58,'Found some people in sitio lasang, sitio san vicente and sitio suba that didn\'t receive any relief yet as of today. Started giving packs.','2013-11-20 20:43:36','2013-11-20 20:43:36');
/*!40000 ALTER TABLE `message_board` ENABLE KEYS */;
UNLOCK TABLES;

--
-- Table structure for table `ngo`
--

DROP TABLE IF EXISTS `ngo`;
/*!40101 SET @saved_cs_client     = @@character_set_client */;
/*!40101 SET character_set_client = utf8 */;
CREATE TABLE `ngo` (
  `id` int(11) NOT NULL AUTO_INCREMENT,
  `name` varchar(45) COLLATE utf8_unicode_ci NOT NULL,
  `logo` varchar(255) COLLATE utf8_unicode_ci DEFAULT NULL,
  `description` longtext COLLATE utf8_unicode_ci,
  `street` varchar(45) COLLATE utf8_unicode_ci DEFAULT NULL,
  `city` varchar(45) COLLATE utf8_unicode_ci DEFAULT NULL,
  `country` varchar(45) COLLATE utf8_unicode_ci DEFAULT NULL,
  `zipcode` varchar(45) COLLATE utf8_unicode_ci DEFAULT NULL,
  `verification_status` tinyint(1) DEFAULT NULL,
  `website` varchar(255) COLLATE utf8_unicode_ci DEFAULT NULL,
  `date_created` datetime NOT NULL,
  `date_updated` datetime NOT NULL,
  `ngo_type` varchar(45) COLLATE utf8_unicode_ci NOT NULL,
  `skills` longtext COLLATE utf8_unicode_ci COMMENT '(DC2Type:simple_array)',
  PRIMARY KEY (`id`),
  UNIQUE KEY `unique_name_idx` (`name`)
) ENGINE=InnoDB AUTO_INCREMENT=196 DEFAULT CHARSET=utf8 COLLATE=utf8_unicode_ci;
/*!40101 SET character_set_client = @saved_cs_client */;

--
-- Dumping data for table `ngo`
--

LOCK TABLES `ngo` WRITE;
/*!40000 ALTER TABLE `ngo` DISABLE KEYS */;
INSERT INTO `ngo` VALUES (2,'RAFI','http://aboutphilippines.ph/filer/RAFI_logo.jpg','Ramon Aboitiz Foundation','35 Lopez Jaena Street','Cebu City','Philippines','6000',1,'www.rafi.org.ph','2013-11-15 19:58:44','2013-11-19 17:12:46','',NULL),(3,'JCI Cebu','https://fbcdn-sphotos-f-a.akamaihd.net/hphotos-ak-prn2/s720x720/1380316_10151660745326059_995334922_n.png','Ken Ngo 09228620180; kenngo180@gmail.com',NULL,NULL,NULL,NULL,0,'https://www.jcicebu.org/','2013-11-15 23:56:05','2013-11-19 23:23:35','',NULL),(4,'Citichurch','http://citichurch.ph/wp-content/uploads/2011/11/citichurch-l-logo-e1325946254718.jpg','Ian Cornelia 09162890405',NULL,NULL,NULL,NULL,0,'http://citichurch.ph/','2013-11-15 23:56:05','2013-11-20 00:09:20','',NULL),(5,'Caritas Cebu',NULL,'Sr. Issa - 2558835',NULL,NULL,NULL,NULL,0,NULL,'2013-11-15 23:56:05','2013-11-16 12:46:38','',NULL),(6,'Ubec Unite','https://fbcdn-sphotos-e-a.akamaihd.net/hphotos-ak-frc1/1422414_1390938554481473_945670164_n.jpg','Kaloy Uypuangco (info c/o CRC)',NULL,NULL,NULL,NULL,0,NULL,'2013-11-15 23:56:05','2013-11-20 00:19:02','',NULL),(7,'AMRO','https://fbcdn-sphotos-h-a.akamaihd.net/hphotos-ak-prn1/408926_274207089315715_1027120959_n.jpg','Dr. Henry Chua (info c/o CRC)',NULL,NULL,NULL,NULL,0,NULL,'2013-11-15 23:56:05','2013-11-20 00:19:37','',NULL),(8,'Bundles of Joy/Anthill Fabric Gallery','https://fbcdn-sphotos-a-a.akamaihd.net/hphotos-ak-ash3/935737_10151575973705751_359525887_n.jpg','Anya Lim 505-4175; anya.lim@anthillfabricgallery.com',NULL,NULL,NULL,NULL,0,'http://www.anthillfabricgallery.com/','2013-11-15 23:56:05','2013-11-19 23:22:44','',NULL),(9,'Bangon Madridejos','https://fbcdn-sphotos-b-a.akamaihd.net/hphotos-ak-prn2/q81/s720x720/1455126_593418710694762_1990173301_n.jpg','Jayette Salvador 0917 930-5795; beatrizjuliana71103@yahoo.com',NULL,NULL,NULL,NULL,0,NULL,'2013-11-15 23:56:05','2013-11-20 00:21:46','',NULL),(10,'Handuraw','https://fbcdn-sphotos-h-a.akamaihd.net/hphotos-ak-ash3/1005783_486388901444242_193277469_n.jpg','Fillip Castro (info c/o CRC)',NULL,NULL,NULL,NULL,0,NULL,'2013-11-15 23:56:05','2013-11-20 00:24:29','',NULL),(11,'HELP Malapascua','https://fbcdn-sphotos-e-a.akamaihd.net/hphotos-ak-ash3/564428_185911438267662_1070289943_n.jpg','Dennis Bryan 09266756763; seth@bacalso.com',NULL,NULL,NULL,NULL,0,NULL,'2013-11-15 23:56:05','2013-11-20 00:25:28','',NULL),(12,'SFAS (St. Francis of Assisi School)','http://www.everythingcebu.com/wp-content/uploads/2011/06/St.-Francis-of-Assisi-School_21.jpg','Mme. Babes Mortalla - 2540645; guidance_mtoledo@yahoo.com; sfas_lahug@yahoo.com',NULL,NULL,NULL,NULL,0,NULL,'2013-11-15 23:56:05','2013-11-20 00:28:30','',NULL),(13,'Give Back Cebu-Danao','https://fbcdn-sphotos-h-a.akamaihd.net/hphotos-ak-prn2/q71/s720x720/1463137_656726261016135_1845716887_n.jpg','Red Duterte (info c/o CRC)',NULL,NULL,NULL,NULL,0,'http://www.givebackcebu.com/','2013-11-15 23:56:05','2013-11-20 00:28:48','',NULL),(14,'AFI','http://philippineunderground.files.wordpress.com/2012/09/aboitiz_foundation_logo.jpg','Sonny Carpio/Danny Cerence - 4111441',NULL,NULL,NULL,NULL,0,'http://www.ayalafoundation.org/','2013-11-15 23:56:05','2013-11-18 21:03:26','',NULL),(15,'Philippine Society of General Surgeons','https://fbcdn-sphotos-b-a.akamaihd.net/hphotos-ak-prn1/66492_409711099039043_1030966698_n.jpg','(info c/o CRC)',NULL,NULL,NULL,NULL,0,'http://www.psgs.org.ph/','2013-11-15 23:56:05','2013-11-20 00:29:24','',NULL),(16,'MAC','http://www.maccosmetics.com.ph/sites/default/files/images/mac/ph/headlogo/mac_logo_ph.gif','Carmi - 253-9941 (info c/o Menchit Martinez)',NULL,NULL,NULL,NULL,0,NULL,'2013-11-15 23:56:05','2013-11-20 00:39:26','',NULL),(17,'ERA/MYA Relief',NULL,'ERA/MYA Relief (info c/o Mr. Antonio Aboitiz)',NULL,NULL,NULL,NULL,0,NULL,'2013-11-15 23:56:05','2013-11-16 13:45:04','',NULL),(19,'The KIND Project',NULL,'Lineth-USA - +17028159357; Janina-Cebu - 0999',NULL,NULL,NULL,NULL,0,NULL,'2013-11-15 23:56:05','2013-11-16 13:51:30','',NULL),(20,'Give Back Cebu','https://fbcdn-sphotos-h-a.akamaihd.net/hphotos-ak-prn2/q71/s720x720/1463137_656726261016135_1845716887_n.jpg','Drew Sarmiento (info c/o CRC)',NULL,NULL,NULL,NULL,0,'http://www.givebackcebu.com/','2013-11-15 23:56:05','2013-11-20 00:49:32','',NULL),(21,'MCHS Batch 1989',NULL,'Ellie Lorenzo - mlorenzo143@gmail.com/ 0917-841-4402',NULL,NULL,NULL,NULL,0,NULL,'2013-11-15 23:56:05','2013-11-16 15:20:09','',NULL),(22,'Basubas Family',NULL,'Steph Basubas Senires - 0920 981-3975; stephsenires@gmail.com',NULL,NULL,NULL,NULL,0,NULL,'2013-11-15 23:56:05','2013-11-16 15:20:42','',NULL),(26,'Cebu Chamber of Commerce & Industry','http://media.mynimo.net/files/company_logos/Cebu%20chamber%20og%20Commercelogo_20091116173247_10.JPG','May Elizabeth Ybanez - 0920 410-5772; Regan Rex King - 0917 771-1111; info@cebuchamber.org',NULL,NULL,NULL,NULL,0,'http://cebuchamber.org/','2013-11-16 14:41:27','2013-11-20 00:53:15','',NULL),(27,'Bluewater Resorts','http://disinioyspeak.files.wordpress.com/2010/10/bluewater-resorts.jpg','Julie Vergara - alegrado@gmail.com; 0922-836-1862, 492-0100',NULL,NULL,NULL,NULL,0,'http://www.bluewater.com.ph/','2013-11-16 14:46:11','2013-11-20 00:55:24','',NULL),(28,'Obi\'s Trading Room Inc.',NULL,'Obi Roco - 0917 531-2900; tradingroominc@gmail.com',NULL,NULL,NULL,NULL,1,NULL,'2013-11-16 14:50:36','2013-11-22 09:55:53','',NULL),(29,'Alliance of Two Hearts Parish','http://cebuinformer.com/files/2010/05/alliance-of-two-hearts-signage.jpg','Teena Gierran - 0917 328-8532; teena_e_gierran@yahoo.com.sg',NULL,NULL,NULL,NULL,0,NULL,'2013-11-16 14:53:16','2013-11-20 01:01:34','',NULL),(30,'PSWD','http://www.quezon.gov.ph/offices/images/pswd-banner.jpg','Kim Panong - 0933 583-2418; pferlenedew@yahoo.com',NULL,NULL,NULL,NULL,0,NULL,'2013-11-16 14:55:07','2013-11-19 23:42:27','',NULL),(31,'PBSP/Shangri-la','http://www.mysmartschools.ph/web/mactanstones/people-behind_files/new+pbsp+logo_rgb.jpg','Benjamin Chiu/PBSP - BYChiu@pbsp.org.ph; 232-5283',NULL,NULL,NULL,NULL,0,'http://www.pbsp.org.ph/','2013-11-16 14:59:53','2013-11-20 00:08:05','',NULL),(32,'SVGH and UC','http://svgh.ph/images/svghbanner.jpg','Marylou Labrador Neri -maryloulabradorneri@gmail.com',NULL,NULL,NULL,NULL,0,'http://svgh.ph/','2013-11-16 15:36:15','2013-11-16 15:36:15','',NULL),(33,'Cebu Real Estate Board',NULL,'-Emma Pamas, 2323940/4128776, cerebinfo@yahoo.com',NULL,NULL,NULL,NULL,0,'https://www.facebook.com/groups/109200039153212/','2013-11-16 15:39:50','2013-11-16 15:39:50','',NULL),(34,'Zubufoods, Inc',NULL,'Isabel Binamira - isabel.binamira@gmail.com',NULL,NULL,NULL,NULL,0,NULL,'2013-11-16 15:41:19','2013-11-16 15:41:19','',NULL),(35,'JRG Halad Museum/UV Foundation','https://fbcdn-sphotos-a-a.akamaihd.net/hphotos-ak-prn2/261388_244821288865665_4344228_n.jpg','Audrey Tomada - audrey.haladmuseum@gmail.com; 0917 853-3861',NULL,NULL,NULL,NULL,0,NULL,'2013-11-16 15:43:13','2013-11-20 01:13:45','',NULL),(36,'#Volunteers AnonymousPH','https://fbcdn-sphotos-e-a.akamaihd.net/hphotos-ak-ash3/601138_1419599571604581_1295739061_n.jpg','Bing Bagares Torre; bing.torre@gmail.com; 0917 310 7501/ 0929 295 2592 / 0933 623 2630',NULL,NULL,NULL,NULL,0,'http://www.facebook.com/VolunteersAnonymousPH','2013-11-16 17:03:20','2013-11-29 23:49:24','',NULL),(37,'STC HS BATCH \'92',NULL,'Yvette Yntig - Dapat; joypanopio@pshcebu.com; 0917 549 6191',NULL,NULL,NULL,NULL,0,NULL,'2013-11-16 17:04:06','2013-11-16 17:04:06','',NULL),(38,'Volunteer In Cebu',NULL,'Jill',NULL,NULL,NULL,NULL,0,NULL,'2013-11-16 17:08:17','2013-11-16 17:08:17','',NULL),(39,'DLSAA-Cebu','http://www.dlsaa.com/dlsaa_menu/dlsaa_header.jpg','Gracie Aguilar Martinez; 0919 672 1123',NULL,NULL,NULL,NULL,0,NULL,'2013-11-16 17:09:16','2013-11-20 01:15:41','',NULL),(40,'Cebu Sports Commission','https://fbcdn-sphotos-c-a.akamaihd.net/hphotos-ak-ash3/66661_168210033195198_3841076_n.jpg','Evangeline Marie Ong Hayco',NULL,NULL,NULL,NULL,0,'https://www.facebook.com/pages/Cebu-City-Sports-Commission/165759533440248','2013-11-16 17:15:35','2013-11-20 01:16:58','',NULL),(41,'Salazar Colleges of Science & Inst. of Tech','https://fbcdn-sphotos-c-a.akamaihd.net/hphotos-ak-frc1/534749_532114710151680_1314106496_n.jpg',NULL,'Highway, Poblacion Madridejos','Bantayan','Philippines','6000',1,NULL,'2013-11-16 17:18:16','2013-11-20 17:39:28','',NULL),(42,'One Visayas','https://fbcdn-sphotos-a-a.akamaihd.net/hphotos-ak-ash3/1385065_487312634715189_1177395290_n.jpg','Jan Rodriguez; 9177111700',NULL,NULL,NULL,NULL,0,NULL,'2013-11-16 17:18:42','2013-11-20 01:20:07','',NULL),(43,'Soup Kitchen',NULL,'Jan Rodriguez; 9177111700',NULL,NULL,NULL,NULL,0,NULL,'2013-11-16 17:19:20','2013-11-16 17:19:20','',NULL),(44,'Oponganons',NULL,'Michael Jason Ybañez; 9333359735',NULL,NULL,NULL,NULL,0,NULL,'2013-11-16 17:19:42','2013-11-16 17:19:42','',NULL),(45,'Bike&Talk Frienship Club','https://fbcdn-sphotos-d-a.akamaihd.net/hphotos-ak-ash3/486742_574294512598086_1122151643_n.jpg','Karl; 0933-324-1138 - Hermits;  0923-668-4866',NULL,NULL,NULL,NULL,0,'https://www.facebook.com/iluvbtfc','2013-11-16 17:20:40','2013-11-20 01:06:36','',NULL),(46,'Frannie Crystal',NULL,'Frannie Crystal; 9173048200',NULL,NULL,NULL,NULL,0,'https://www.facebook.com/frannie.crystal?fref=ts','2013-11-16 17:21:14','2013-11-20 01:23:50','',NULL),(47,'J. Lorenz Diaz',NULL,'J. Lorenz Diaz',NULL,NULL,NULL,NULL,0,'https://www.facebook.com/jl.diaz?fref=browse_search','2013-11-16 17:22:39','2013-11-16 17:22:39','',NULL),(48,'Jethro Estimo',NULL,'Jethro Estimo',NULL,NULL,NULL,NULL,0,'https://www.facebook.com/jethro.estimo?fref=browse_search','2013-11-16 17:23:36','2013-11-16 17:23:36','',NULL),(49,'Bangon Visayas','https://fbcdn-sphotos-c-a.akamaihd.net/hphotos-ak-frc3/1466179_592275214141640_1090777489_n.jpg','Veronica Chiongbian',NULL,NULL,NULL,NULL,0,'https://www.facebook.com/BangonVisayas?ref=stream','2013-11-16 17:24:32','2013-11-20 01:05:44','',NULL),(50,'Trans Asia','https://encrypted-tbn1.gstatic.com/images?q=tbn:ANd9GcRjTPlVi2dH9jhOyAOr893foYZgDLilrIQUtAnxI_ZXyDFJ36RC','Ms Aleth Carin; 9177955946',NULL,NULL,NULL,NULL,0,'http://www.transasiashipping.com/','2013-11-16 17:26:41','2013-11-16 17:26:41','',NULL),(51,'for NFA rice',NULL,'Mr Nestor Rey Alcoseba; 2312323 - Charito Tan; 0917 324 1875 - Jim Webb;0920 901 5855\r\n\r\n;',NULL,NULL,NULL,NULL,0,NULL,'2013-11-16 17:27:06','2013-11-16 17:27:44','',NULL),(52,'B.R.I.G.H.T.','https://fbcdn-sphotos-c-a.akamaihd.net/hphotos-ak-ash3/5648_116884959559_1140470_n.jpg','Ionell Jay Terogo',NULL,NULL,NULL,NULL,0,'http://brightacademy.edu.ph/','2013-11-16 17:34:42','2013-11-19 23:47:00','',NULL),(53,'National Youth Commission','https://fbcdn-profile-a.akamaihd.net/hprofile-ak-ash3/s160x160/558176_711367222210138_474731438_a.jpg','Sucelle Demecillo;  09222963804',NULL,NULL,NULL,NULL,0,NULL,'2013-11-16 17:37:29','2013-11-20 01:03:19','',NULL),(54,'Spectrum Soup Kitchen','https://pbs.twimg.com/profile_images/378800000167015966/6c1a8811e9df95b7cd0fc2616c5b15d4.jpeg','Richard Sharpe',NULL,NULL,NULL,NULL,0,NULL,'2013-11-16 17:44:23','2013-11-20 00:59:09','',NULL),(55,'Camotes Contac',NULL,'Al Arquillano; 9228508590',NULL,NULL,NULL,NULL,0,NULL,'2013-11-16 17:48:11','2013-11-16 17:48:11','',NULL),(56,'CIS PTA/ Cebu International School','https://fbcdn-sphotos-b-a.akamaihd.net/hphotos-ak-frc3/430893_433905183325107_1775914925_n.jpg','Mykee Paradies; mykeeparadies@gmail.com; 0918 948 2053',NULL,NULL,NULL,NULL,0,'http://cis.edu.ph/','2013-11-16 17:49:51','2013-11-20 00:57:53','',NULL),(57,'good harvest flavors and spice corporation','https://fbcdn-sphotos-a-a.akamaihd.net/hphotos-ak-ash2/424956_200743863366919_1364631958_n.jpg','ronalin navarrete; 033-4011860',NULL,NULL,NULL,NULL,0,'https://www.facebook.com/GoodHarvestFlavorsSpiceCorporation','2013-11-16 17:59:22','2013-11-20 00:56:36','',NULL),(58,'DDG STC Batch 2003',NULL,NULL,NULL,NULL,NULL,NULL,0,NULL,'2013-11-16 17:59:51','2013-11-16 17:59:51','',NULL),(59,'DDG STC Batch 2004',NULL,NULL,NULL,NULL,NULL,NULL,0,NULL,'2013-11-16 17:59:58','2013-11-16 17:59:58','',NULL),(60,'Task Force Yolanda','https://fbcdn-sphotos-e-a.akamaihd.net/hphotos-ak-frc1/995567_430950807006444_1594525029_n.jpg','Trixy Villegas/Chase Lynn Chua; 0949-7551808',NULL,NULL,NULL,NULL,0,'https://www.facebook.com/TaskforceYolanda','2013-11-16 18:00:38','2013-11-20 01:28:20','',NULL),(61,'University of Cebu','http://upload.wikimedia.org/wikipedia/commons/a/a6/University-of-Cebu-Logo.jpg',NULL,NULL,NULL,NULL,NULL,0,'http://uc.edu.ph/relief-operations/','2013-11-17 06:51:32','2013-11-19 23:45:32','',NULL),(62,'Arcanys Early Learning Foundation','http://i1.ytimg.com/i/IHz1Yacg77Ju7-jBU0R0-Q/mq1.jpg?v=50b6f8a8','Alan Debonneville 0917 326 4222','7th Floor, Capitol Compound','Cebu City','Philippines','6000',1,'http://www.arcanysfoundation.org','2013-11-17 14:02:48','2013-12-02 19:08:55','health','FMT1'),(63,'Nida Jusay',NULL,NULL,NULL,NULL,NULL,NULL,0,NULL,'2013-11-19 03:11:04','2013-11-19 03:11:04','',NULL),(64,'Muntuerto\'s Green Bag',NULL,NULL,NULL,NULL,NULL,NULL,0,NULL,'2013-11-19 03:11:50','2013-11-19 03:11:50','',NULL),(65,'CIE','http://cie.edu/home/wp-content/themes/itheme2/themify/img.php?src=http://cie.edu/home/wp-content/uploads/2013/09/Logo-CIE-British-School.jpg&w=200&h=100',NULL,NULL,NULL,NULL,NULL,0,NULL,'2013-11-19 03:14:19','2013-11-20 00:52:11','',NULL),(66,'3V1G','https://fbcdn-sphotos-e-a.akamaihd.net/hphotos-ak-frc1/1461437_1423593601190852_54138408_n.jpg',NULL,NULL,NULL,NULL,NULL,0,NULL,'2013-11-19 03:16:11','2013-11-20 00:51:15','',NULL),(67,'Cebu Vendors Credit Cooperative',NULL,NULL,NULL,NULL,NULL,NULL,0,NULL,'2013-11-19 03:31:33','2013-11-19 03:31:33','',NULL),(68,'MCWD','http://www.brandsoftheworld.com/sites/default/files/styles/logo-thumbnail/public/042012/mcwd_ap.jpg',NULL,NULL,NULL,NULL,NULL,0,NULL,'2013-11-19 03:47:42','2013-11-20 00:46:29','',NULL),(69,'Southern Bethany Christian School of Minglani','https://fbcdn-sphotos-e-a.akamaihd.net/hphotos-ak-ash3/551240_716732298340966_2054852308_n.jpg',NULL,NULL,NULL,NULL,NULL,0,NULL,'2013-11-19 03:49:45','2013-11-20 00:45:37','',NULL),(70,'Institute of Electronics Engineers of the Phi','http://iecep-ksa-crc.org/main/wp-content/uploads/2012/03/iecep-national-logo.jpg',NULL,NULL,NULL,NULL,NULL,0,NULL,'2013-11-19 03:51:32','2013-11-20 00:44:33','',NULL),(71,'Pilapil/Lañas/Tering Families',NULL,NULL,NULL,NULL,NULL,NULL,0,NULL,'2013-11-19 03:51:39','2013-11-19 03:51:39','',NULL),(72,'Mayor Jhunnie Martinez',NULL,NULL,NULL,NULL,NULL,NULL,0,NULL,'2013-11-19 03:54:29','2013-11-19 03:54:29','',NULL),(74,'RDAK Transport Equipment Inc.','http://rdaktransport.com/images/for-sale-in-cebu-multicab.jpg','Importer and dealer of used and brand new trucks and heavy equipments','AS Fortuna, Banilad street','Cebu','Philippines','6000',0,'www.rdaktransport.com','2013-11-19 21:04:48','2013-11-20 00:42:22','',NULL),(75,'Inter Mountaineering Society',NULL,NULL,NULL,NULL,NULL,NULL,0,NULL,'2013-11-19 21:51:26','2013-11-19 21:51:26','',NULL),(77,'Chan-Regis Family',NULL,NULL,NULL,NULL,NULL,NULL,0,NULL,'2013-11-19 22:00:04','2013-11-19 22:00:04','',NULL),(78,'Bike 4 U Foundation','http://bike4u.yourkoan.com/images/logo.gif',NULL,NULL,NULL,NULL,NULL,0,'http://www.bike4u.org/','2013-11-19 22:16:26','2013-11-20 01:39:17','',NULL),(79,'Calligaro-Müller Action for Cebu Norte','https://fbcdn-sphotos-h-a.akamaihd.net/hphotos-ak-prn2/988354_177658972429034_870366350_n.jpg','Calligaro-Muller Action provides direct support to victims of Typhoon Haiyan/Yolanda in Northern Cebu: Lamintak Norte & Lamintak Sur. Contact number: 0927 559 2003 OR 0917 311 3652 (Virginie Senftle)','Paseo Norma 9','Cebu City','Philippines','6000',1,'https://www.facebook.com/pages/Calligaro-M%C3%BCller-Action-for-Cebu-Norte/177509335777331','2013-11-20 13:40:56','2013-11-20 14:32:55','',NULL),(85,'Honda Motor World, Inc.',NULL,NULL,NULL,NULL,NULL,NULL,0,NULL,'2013-11-20 21:35:57','2013-11-20 21:35:57','',NULL),(86,'MARY HELP OF CHRISTIANS SCHOOL',NULL,NULL,NULL,NULL,NULL,NULL,0,NULL,'2013-11-20 21:48:55','2013-11-20 21:48:55','',NULL),(87,'HSBC',NULL,NULL,NULL,NULL,NULL,NULL,0,NULL,'2013-11-20 21:59:37','2013-11-20 21:59:37','',NULL),(88,'LH Foundation, Inc.',NULL,NULL,NULL,NULL,NULL,NULL,0,NULL,'2013-11-20 22:05:33','2013-11-20 22:05:33','',NULL),(89,'GMA Kapuso Foundation',NULL,NULL,NULL,NULL,NULL,NULL,0,NULL,'2013-11-20 22:23:41','2013-11-20 22:23:41','',NULL),(90,'REACT VII',NULL,'Regional Emergency Assistance Communication Team in Region 7','88 Kasambagan','Cebu City','Philippines','6000',1,'www.react.org.ph','2013-11-21 13:55:40','2013-11-21 14:16:13','',NULL),(91,'Magna Children at Risk','http://www.magnachildrenatrisk.org/uploads/images/css/logo-en.gif','NGO',NULL,'Bratislava','SLOVAKIA',NULL,1,'http://www.magnachildrenatrisk.org','2013-11-21 17:05:30','2013-11-29 00:49:13','health',NULL),(94,'MANDAUE CHAMBER OF COMMERCE AND INDUSTRY, INC',NULL,NULL,NULL,NULL,NULL,NULL,0,NULL,'2013-11-22 22:46:06','2013-11-22 22:46:06','',NULL),(95,'ASAP Relief Ops',NULL,NULL,NULL,NULL,NULL,NULL,0,NULL,'2013-11-22 22:56:09','2013-11-22 22:56:09','',NULL),(96,'State Reserves of Russia Federation',NULL,NULL,NULL,NULL,NULL,NULL,0,NULL,'2013-11-22 23:12:56','2013-11-22 23:12:56','',NULL),(97,'Juanito I. King Foundation, Inc.',NULL,NULL,NULL,NULL,NULL,NULL,0,NULL,'2013-11-22 23:16:04','2013-11-22 23:16:04','',NULL),(98,'MHCS - Salesian Sisters of John Bosco',NULL,NULL,NULL,NULL,NULL,NULL,0,NULL,'2013-11-22 23:22:27','2013-11-22 23:22:27','',NULL),(99,'UNIVERSITY OF CEBU FACULTY',NULL,NULL,NULL,NULL,NULL,NULL,0,NULL,'2013-11-22 23:24:25','2013-11-22 23:24:25','',NULL),(100,'Fortunato Sanchez, Jr. Group',NULL,NULL,NULL,NULL,NULL,NULL,0,NULL,'2013-11-22 23:26:02','2013-11-22 23:26:02','',NULL),(101,'Federation of Auto Clubs Cebu (FACCph)',NULL,NULL,NULL,NULL,NULL,NULL,0,NULL,'2013-11-22 23:28:38','2013-11-22 23:28:38','',NULL),(102,'YLAYA Family',NULL,NULL,NULL,NULL,NULL,NULL,0,NULL,'2013-11-22 23:29:03','2013-11-22 23:29:03','',NULL),(103,'ABCCI (Ayala Business Club Cebu Inc)',NULL,NULL,NULL,NULL,NULL,NULL,0,NULL,'2013-11-22 23:33:56','2013-11-22 23:33:56','',NULL),(104,'Globe Telecom',NULL,NULL,NULL,NULL,NULL,NULL,0,NULL,'2013-11-22 23:35:50','2013-11-22 23:35:50','',NULL),(105,'NKC Manufacturing',NULL,NULL,NULL,NULL,NULL,NULL,0,NULL,'2013-11-22 23:39:37','2013-11-22 23:39:37','',NULL),(106,'American Chamber of Commerce',NULL,NULL,NULL,NULL,NULL,NULL,NULL,NULL,'2013-11-24 19:40:02','2013-11-24 19:40:02','',NULL),(108,'DLSU Dasma',NULL,NULL,NULL,NULL,NULL,NULL,0,NULL,'2013-11-25 02:43:53','2013-11-25 02:43:53','',NULL),(110,'USAID',NULL,NULL,NULL,NULL,NULL,NULL,0,NULL,'2013-11-25 02:44:50','2013-11-25 02:44:50','',NULL),(111,'UNIVERSITY OF CEBU/METRO CEBU UPTOWN JAYCEES',NULL,NULL,NULL,NULL,NULL,NULL,0,NULL,'2013-11-25 02:46:25','2013-11-25 02:46:25','',NULL),(113,'OLSCAA, Odysseus Suarez, Church of Christ',NULL,NULL,NULL,NULL,NULL,NULL,0,NULL,'2013-11-25 03:01:07','2013-11-25 03:01:07','',NULL),(114,'OneLaSalleCebu Alumni Assoc, March for Christ',NULL,NULL,NULL,NULL,NULL,NULL,0,NULL,'2013-11-25 03:02:23','2013-11-25 03:02:23','',NULL),(117,'CONSOLACIONANON(official page)','https://www.facebook.com/groups/officialconsolacionanons/',NULL,NULL,NULL,'philippines',NULL,NULL,NULL,'2013-11-25 19:52:06','2013-11-25 19:52:06','private',NULL),(118,'Cebu Centennial Lions Club',NULL,NULL,NULL,NULL,NULL,NULL,0,NULL,'2013-11-25 22:29:15','2013-11-25 23:10:08','private','FMT1'),(119,'EAS Architects and Builders and Friends',NULL,NULL,NULL,NULL,NULL,NULL,0,NULL,'2013-11-25 22:36:09','2013-11-25 23:10:26','private','FMT1'),(120,'Simon Timmins, Tom Barlow and Jim Doran Webb',NULL,NULL,NULL,NULL,NULL,NULL,0,NULL,'2013-11-25 22:56:04','2013-11-25 23:09:33','private','FMT1'),(121,'Ramon Aboitiz Foundation, Inc.','http://aboutphilippines.ph/filer/RAFI_logo.jpg',NULL,NULL,NULL,NULL,NULL,1,'http://www.rafi.org.ph','2013-11-26 08:46:11','2013-11-27 17:26:37','private',NULL),(122,'Kabanay San Brillo',NULL,'Brillo family from Leyte',NULL,NULL,'Philippines',NULL,NULL,NULL,'2013-11-26 11:45:41','2013-11-26 11:45:41','private',NULL),(125,'Asian Hope Tree',NULL,NULL,NULL,NULL,NULL,NULL,1,NULL,'2013-11-26 11:51:51','2013-11-26 11:51:51','health','FMT1'),(128,'Israeli Defense Force (Israel)',NULL,NULL,NULL,NULL,NULL,NULL,1,NULL,'2013-11-26 12:28:26','2013-11-27 13:26:55','health','Health'),(129,'Canadian Medical Assistance (CA)',NULL,NULL,NULL,NULL,NULL,NULL,1,NULL,'2013-11-26 12:29:01','2013-11-27 13:23:18','health','Health'),(130,'Austria Samaritan Team',NULL,NULL,NULL,NULL,NULL,NULL,1,NULL,'2013-11-26 12:29:17','2013-12-03 12:26:34','health',NULL),(131,'LandsAid',NULL,NULL,NULL,NULL,NULL,NULL,1,NULL,'2013-11-26 12:29:46','2013-12-03 12:25:15','health','Health'),(132,'MSF Belgium',NULL,NULL,NULL,NULL,NULL,NULL,1,NULL,'2013-11-26 12:29:59','2013-11-29 14:08:38','health',NULL),(133,'Medical Teams Intl',NULL,NULL,NULL,NULL,NULL,NULL,1,NULL,'2013-11-26 12:30:14','2013-11-26 12:30:14','health',NULL),(134,'Samu Sevilla International (Spain)',NULL,NULL,NULL,NULL,NULL,NULL,1,NULL,'2013-11-26 12:30:27','2013-11-27 13:07:33','health','Health'),(135,'UK Medical/ Save the Children (UK)',NULL,NULL,NULL,NULL,NULL,NULL,1,NULL,'2013-11-26 12:30:40','2013-11-27 13:07:12','health','Health'),(136,'ALMNS (France)',NULL,NULL,NULL,NULL,NULL,NULL,1,NULL,'2013-11-26 12:30:59','2013-11-27 13:31:14','health','WASH'),(137,'International Medical Corps (UK)',NULL,NULL,NULL,NULL,NULL,NULL,1,NULL,'2013-11-26 12:31:17','2013-12-04 14:52:50','health','Health'),(139,'IFRC',NULL,NULL,NULL,NULL,NULL,NULL,1,NULL,'2013-11-26 12:31:44','2013-11-29 13:18:40','health','Health'),(140,'NYC medics (USA)',NULL,'Medical',NULL,NULL,NULL,NULL,1,NULL,'2013-11-27 12:25:53','2013-11-27 12:25:53','health','Health'),(141,'Corps Mondial de Secours (France)',NULL,NULL,NULL,NULL,NULL,NULL,1,NULL,'2013-11-27 13:09:55','2013-11-27 13:09:55','health','Health'),(142,'Relief International',NULL,NULL,NULL,NULL,NULL,NULL,1,NULL,'2013-11-27 13:57:18','2013-11-27 13:57:18','health','Health'),(143,'Glory Reborn',NULL,NULL,NULL,NULL,NULL,NULL,1,NULL,'2013-11-27 14:09:58','2013-11-27 14:09:58','health','Health'),(144,'Americares (USA)',NULL,NULL,NULL,NULL,NULL,NULL,1,NULL,'2013-11-27 14:12:11','2013-11-29 00:25:42','health','Health'),(145,'Global Medic (CA)',NULL,NULL,NULL,NULL,NULL,NULL,1,NULL,'2013-11-27 14:15:48','2013-11-29 00:55:28','health','WASH,Health'),(146,'Goal',NULL,NULL,NULL,NULL,NULL,NULL,1,NULL,'2013-11-27 14:23:15','2013-12-04 14:43:12','health','WASH'),(147,'Hyposol For Safe Water',NULL,NULL,NULL,NULL,NULL,NULL,1,NULL,'2013-11-27 14:26:37','2013-11-27 14:26:37','health','Health'),(148,'Medical Rescue Australia',NULL,NULL,NULL,NULL,NULL,NULL,1,NULL,'2013-11-27 14:29:34','2013-12-04 14:36:13','health','Health'),(149,'Project Hope',NULL,NULL,NULL,NULL,NULL,NULL,1,NULL,'2013-11-27 14:36:50','2013-12-02 20:08:29','health','Health'),(150,'World Vision',NULL,NULL,NULL,NULL,NULL,NULL,1,NULL,'2013-11-27 14:41:23','2013-11-27 14:41:23','health','Health'),(151,'Team From Korea',NULL,NULL,NULL,NULL,NULL,NULL,1,NULL,'2013-11-27 14:44:55','2013-11-27 14:44:55','health','Health'),(152,'Mandaue Chamber of Commerce and Industry',NULL,'The Mandaue Chamber of Commerce and Industry (MCCI) was founded in 1965 with the vision of being the prime mover of growth and development in Mandaue City.',NULL,'Mandaue','Philippines',NULL,1,'http://www.mandauechamber.org/about-mcci/','2013-11-27 14:54:16','2013-11-27 15:10:44','private',NULL),(153,'MDMC (Indonesia)',NULL,NULL,NULL,NULL,NULL,NULL,1,NULL,'2013-11-27 15:43:53','2013-11-27 15:43:53','health','Health'),(154,'Japan Ground Self Defense Force',NULL,NULL,NULL,NULL,NULL,NULL,1,NULL,'2013-11-27 15:51:05','2013-12-03 23:57:44','health','Health'),(155,'IFRC/KRC (Korea)',NULL,NULL,NULL,NULL,NULL,NULL,1,NULL,'2013-11-27 16:02:50','2013-11-27 16:02:50','health','Health'),(156,'MERC Indonesia',NULL,NULL,NULL,NULL,NULL,NULL,1,NULL,'2013-11-27 16:14:24','2013-11-27 16:14:24','health','Health'),(157,'Muslim Aid (Bangladesh)',NULL,NULL,NULL,NULL,NULL,NULL,1,NULL,'2013-11-27 16:21:20','2013-12-02 19:51:59','health','WASH'),(158,'Samaritan Purse (USA)',NULL,NULL,NULL,NULL,NULL,NULL,1,NULL,'2013-11-27 16:54:23','2013-11-27 16:54:23','health','Health'),(159,'PSF (Germany)',NULL,NULL,NULL,NULL,NULL,NULL,1,NULL,'2013-11-27 16:56:26','2013-12-04 14:46:41','health','Health'),(160,'MSF Holland',NULL,NULL,NULL,NULL,NULL,NULL,1,NULL,'2013-11-27 16:58:27','2013-12-02 12:08:43','health','Health'),(161,'MSF France',NULL,NULL,NULL,NULL,NULL,NULL,1,NULL,'2013-11-27 17:05:58','2013-11-29 00:06:01','health','Health'),(162,'JICA (Japan)',NULL,NULL,NULL,NULL,NULL,NULL,1,NULL,'2013-11-27 17:09:38','2013-11-27 17:09:38','health','Health'),(163,'Medecins du Monde (France)',NULL,NULL,NULL,NULL,NULL,NULL,1,NULL,'2013-11-27 17:11:16','2013-12-04 14:49:26','health','Health'),(164,'Topos Adrenaline Estrella',NULL,NULL,NULL,NULL,NULL,NULL,1,NULL,'2013-11-27 17:13:27','2013-11-27 17:13:27','health','Health'),(165,'Canadian Red Cross',NULL,NULL,NULL,NULL,NULL,NULL,1,NULL,'2013-11-27 17:15:09','2013-11-27 17:15:09','health','Health'),(166,'Norwegian Red Cross',NULL,NULL,NULL,NULL,NULL,NULL,1,NULL,'2013-11-27 17:15:25','2013-11-27 17:15:25','health','Health'),(167,'Handicap International (Philippines)',NULL,NULL,NULL,NULL,NULL,NULL,1,NULL,'2013-11-27 17:23:25','2013-11-27 17:23:25','health','Health'),(168,'Signi searchdogs (Netherlands)',NULL,NULL,NULL,NULL,NULL,NULL,1,NULL,'2013-11-27 17:25:30','2013-11-27 17:25:30','health','Health'),(169,'ISRAID/ FIRST (Israel)',NULL,NULL,NULL,NULL,NULL,NULL,1,NULL,'2013-11-27 17:29:29','2013-11-27 17:29:29','health','Health'),(170,'JUH International Assistance',NULL,NULL,NULL,NULL,NULL,NULL,1,NULL,'2013-11-27 17:34:21','2013-11-27 17:34:21','health','Health'),(171,'Help Aid International',NULL,NULL,NULL,NULL,NULL,NULL,1,NULL,'2013-11-27 17:39:46','2013-11-27 17:39:46','health','Health'),(172,'Mercy Malaysia',NULL,NULL,NULL,NULL,NULL,NULL,1,NULL,'2013-11-27 17:41:19','2013-12-04 14:55:05','health','Health'),(173,'Euro Volunteers',NULL,NULL,NULL,NULL,NULL,NULL,1,NULL,'2013-11-27 17:43:49','2013-11-27 17:43:49','health','Health'),(174,'Star of Hope (Norway)',NULL,NULL,NULL,NULL,NULL,NULL,1,NULL,'2013-11-27 17:46:55','2013-12-04 15:01:37','health','Health'),(175,'MSF Spain',NULL,NULL,NULL,NULL,NULL,NULL,1,NULL,'2013-11-27 20:00:49','2013-12-02 19:37:11','health','WASH,MHPSS'),(176,'Chinese Government Medical Team',NULL,NULL,NULL,NULL,NULL,NULL,1,NULL,'2013-11-27 20:04:36','2013-11-27 20:04:36','health','Health'),(177,'Medical Team of Red Cross Society of China',NULL,NULL,NULL,NULL,NULL,NULL,1,NULL,'2013-11-27 20:06:49','2013-11-27 20:06:49','health','Health'),(178,'HuMA (Japan)',NULL,NULL,NULL,NULL,NULL,NULL,1,NULL,'2013-11-27 20:10:53','2013-11-27 20:13:07','health','Health'),(179,'INDONESIA (c/o BangonCebu)',NULL,NULL,NULL,NULL,NULL,NULL,0,NULL,'2013-11-28 01:31:03','2013-11-28 01:31:03','private',NULL),(180,'ROTARY Club of Cebu Fort San Pedro - District',NULL,NULL,NULL,NULL,NULL,NULL,0,NULL,'2013-11-28 01:35:33','2013-11-28 01:35:33','private',NULL),(181,'Mr. and Mrs. Bernard Restificar',NULL,NULL,NULL,NULL,NULL,NULL,0,NULL,'2013-11-28 01:36:52','2013-11-28 01:36:52','private',NULL),(182,'Philippine National Red Cross (PNRC)',NULL,NULL,NULL,NULL,NULL,NULL,0,NULL,'2013-11-28 01:37:22','2013-11-28 01:37:22','health',NULL),(184,'Gawad Kalinga Cebu',NULL,NULL,NULL,'Cebu','Philippines',NULL,1,'https://www.facebook.com/pages/Gawad-Kalinga-CEBU/138574122843337','2013-11-28 15:46:22','2013-11-28 16:00:45','private',NULL),(185,'Organizacion Panamericana de la Salud',NULL,NULL,NULL,NULL,NULL,NULL,1,NULL,'2013-11-29 01:06:29','2013-11-29 01:06:29','health',NULL),(186,'World Health Organization',NULL,NULL,NULL,NULL,NULL,NULL,1,NULL,'2013-11-29 01:18:52','2013-11-29 01:21:09','health',NULL),(187,'DEDON Manufacturing Inc.',NULL,'DEDON Manufacturing, Inc. is a foreign holding established in Cebu, Philippines in April 2000 as the manufacturing support to DEDON GmbH, a German firm founded by Robert \"Bobby\" Dekeyser.',NULL,'Mandaue','Philippines',NULL,1,'http://www.dedon.de/en/','2013-11-29 11:35:37','2013-11-29 11:44:42','private',NULL),(188,'International Emergency and Development Aid',NULL,NULL,NULL,NULL,NULL,NULL,1,NULL,'2013-11-29 23:46:05','2013-11-29 23:49:40','health',NULL),(189,'United Nations',NULL,NULL,NULL,NULL,NULL,NULL,1,NULL,'2013-11-30 12:03:40','2013-11-30 12:10:03','health',NULL),(190,'PhilDHRRA',NULL,'National Network of Non-Government Organization',NULL,'Davao City','Philippines',NULL,NULL,'http://www.phildhrra-mindanao.org','2013-12-01 16:51:32','2013-12-01 16:51:32','private',NULL),(192,'test',NULL,NULL,NULL,NULL,NULL,NULL,0,NULL,'2013-12-02 19:04:23','2013-12-02 19:16:49','health',NULL),(193,'PBSP / ERA/MYA Relief',NULL,NULL,NULL,NULL,NULL,NULL,0,NULL,'2013-12-02 22:47:00','2013-12-02 22:47:00','private',NULL),(194,'UCCP Bradford',NULL,NULL,NULL,NULL,NULL,NULL,0,NULL,'2013-12-04 00:59:29','2013-12-04 00:59:29','private',NULL),(195,'ALFA-All Food Asia',NULL,NULL,NULL,NULL,NULL,NULL,0,NULL,'2013-12-04 01:01:16','2013-12-04 01:01:16','private',NULL);
/*!40000 ALTER TABLE `ngo` ENABLE KEYS */;
UNLOCK TABLES;

--
-- Table structure for table `resource_type`
--

DROP TABLE IF EXISTS `resource_type`;
/*!40101 SET @saved_cs_client     = @@character_set_client */;
/*!40101 SET character_set_client = utf8 */;
CREATE TABLE `resource_type` (
  `id` int(11) NOT NULL AUTO_INCREMENT,
  `name` varchar(255) COLLATE utf8_unicode_ci NOT NULL,
  `description` varchar(255) COLLATE utf8_unicode_ci DEFAULT NULL,
  `date_created` datetime NOT NULL,
  `date_updated` datetime NOT NULL,
  PRIMARY KEY (`id`),
  UNIQUE KEY `unique_name_idx` (`name`)
) ENGINE=InnoDB AUTO_INCREMENT=8 DEFAULT CHARSET=utf8 COLLATE=utf8_unicode_ci;
/*!40101 SET character_set_client = @saved_cs_client */;

--
-- Dumping data for table `resource_type`
--

LOCK TABLES `resource_type` WRITE;
/*!40000 ALTER TABLE `resource_type` DISABLE KEYS */;
INSERT INTO `resource_type` VALUES (1,'Supplier',NULL,'2013-11-26 18:30:53','2013-11-26 18:30:53'),(2,'Purchasing Partner',NULL,'2013-11-26 18:30:58','2013-11-26 18:30:58'),(3,'Transportation',NULL,'2013-11-26 18:31:00','2013-11-26 18:31:00'),(4,'Relief Goods',NULL,'2013-11-26 18:31:03','2013-11-26 18:31:03'),(5,'Medicines',NULL,'2013-11-26 18:31:06','2013-11-26 18:31:06'),(6,'Other',NULL,'2013-11-26 18:31:09','2013-11-26 18:31:09'),(7,'Accommodation',NULL,'2013-11-29 14:17:09','2013-11-29 14:17:09');
/*!40000 ALTER TABLE `resource_type` ENABLE KEYS */;
UNLOCK TABLES;

--
-- Table structure for table `situation`
--

DROP TABLE IF EXISTS `situation`;
/*!40101 SET @saved_cs_client     = @@character_set_client */;
/*!40101 SET character_set_client = utf8 */;
CREATE TABLE `situation` (
  `id` int(11) NOT NULL AUTO_INCREMENT,
  `reporter` int(11) NOT NULL,
  `geo_id` int(11) NOT NULL,
  `status_id` int(11) NOT NULL,
  `date_created` datetime NOT NULL,
  `date_updated` datetime NOT NULL,
  PRIMARY KEY (`id`),
  KEY `IDX_EC2D9ACA76D6E0F2` (`reporter`),
  KEY `IDX_EC2D9ACAFA49D0B` (`geo_id`),
  KEY `IDX_EC2D9ACA6BF700BD` (`status_id`),
  CONSTRAINT `FK_EC2D9ACA6BF700BD` FOREIGN KEY (`status_id`) REFERENCES `status` (`id`) ON DELETE CASCADE,
  CONSTRAINT `FK_EC2D9ACA76D6E0F2` FOREIGN KEY (`reporter`) REFERENCES `users` (`id`) ON DELETE CASCADE,
  CONSTRAINT `FK_EC2D9ACAFA49D0B` FOREIGN KEY (`geo_id`) REFERENCES `geo` (`id`) ON DELETE CASCADE
) ENGINE=InnoDB DEFAULT CHARSET=utf8 COLLATE=utf8_unicode_ci;
/*!40101 SET character_set_client = @saved_cs_client */;

--
-- Dumping data for table `situation`
--

LOCK TABLES `situation` WRITE;
/*!40000 ALTER TABLE `situation` DISABLE KEYS */;
/*!40000 ALTER TABLE `situation` ENABLE KEYS */;
UNLOCK TABLES;

--
-- Table structure for table `status`
--

DROP TABLE IF EXISTS `status`;
/*!40101 SET @saved_cs_client     = @@character_set_client */;
/*!40101 SET character_set_client = utf8 */;
CREATE TABLE `status` (
  `id` int(11) NOT NULL AUTO_INCREMENT,
  `description` varchar(255) COLLATE utf8_unicode_ci NOT NULL,
  `date_created` datetime NOT NULL,
  `date_updated` datetime NOT NULL,
  PRIMARY KEY (`id`),
  UNIQUE KEY `unique_status_idx` (`description`)
) ENGINE=InnoDB DEFAULT CHARSET=utf8 COLLATE=utf8_unicode_ci;
/*!40101 SET character_set_client = @saved_cs_client */;

--
-- Dumping data for table `status`
--

LOCK TABLES `status` WRITE;
/*!40000 ALTER TABLE `status` DISABLE KEYS */;
/*!40000 ALTER TABLE `status` ENABLE KEYS */;
UNLOCK TABLES;

--
-- Table structure for table `user_admin`
--

DROP TABLE IF EXISTS `user_admin`;
/*!40101 SET @saved_cs_client     = @@character_set_client */;
/*!40101 SET character_set_client = utf8 */;
CREATE TABLE `user_admin` (
  `id` int(11) NOT NULL,
  PRIMARY KEY (`id`),
  CONSTRAINT `FK_6ACCF62EBF396750` FOREIGN KEY (`id`) REFERENCES `users` (`id`) ON DELETE CASCADE
) ENGINE=InnoDB DEFAULT CHARSET=utf8 COLLATE=utf8_unicode_ci;
/*!40101 SET character_set_client = @saved_cs_client */;

--
-- Dumping data for table `user_admin`
--

LOCK TABLES `user_admin` WRITE;
/*!40000 ALTER TABLE `user_admin` DISABLE KEYS */;
INSERT INTO `user_admin` VALUES (1);
/*!40000 ALTER TABLE `user_admin` ENABLE KEYS */;
UNLOCK TABLES;

--
-- Table structure for table `user_ngo`
--

DROP TABLE IF EXISTS `user_ngo`;
/*!40101 SET @saved_cs_client     = @@character_set_client */;
/*!40101 SET character_set_client = utf8 */;
CREATE TABLE `user_ngo` (
  `id` int(11) NOT NULL,
  `ngo_id` int(11) NOT NULL,
  `title` varchar(45) COLLATE utf8_unicode_ci DEFAULT NULL,
  `contact_info` varchar(255) COLLATE utf8_unicode_ci DEFAULT NULL,
  `is_coordinator` tinyint(1) DEFAULT NULL,
  PRIMARY KEY (`id`),
  KEY `IDX_A1AFDF1A526B9FA3` (`ngo_id`),
  CONSTRAINT `FK_A1AFDF1A526B9FA3` FOREIGN KEY (`ngo_id`) REFERENCES `ngo` (`id`) ON DELETE CASCADE,
  CONSTRAINT `FK_A1AFDF1ABF396750` FOREIGN KEY (`id`) REFERENCES `users` (`id`) ON DELETE CASCADE
) ENGINE=InnoDB DEFAULT CHARSET=utf8 COLLATE=utf8_unicode_ci;
/*!40101 SET character_set_client = @saved_cs_client */;

--
-- Dumping data for table `user_ngo`
--

LOCK TABLES `user_ngo` WRITE;
/*!40000 ALTER TABLE `user_ngo` DISABLE KEYS */;
INSERT INTO `user_ngo` VALUES (4,62,'Chairman','9173264222',1),(5,2,'Program Officer','032 418 7234',1),(7,62,'test','test',1),(9,74,'General Manager','09177711111',1),(10,79,'Miss','0927 559 2003; 0917 311 3652',1),(11,62,'Miss',NULL,1),(13,41,'Miss','09173225688',1),(16,62,'test','54646468',1),(21,90,'LCDR','09428252789',1),(22,91,'Programme Coordinator','09185216412',1),(24,28,'operations supervisor','6327386421 / 09177958062',1),(26,62,'dev',NULL,1),(27,106,'Member of the Board',NULL,1),(36,62,'Dev',NULL,1),(39,117,'miss','09231686398',1),(40,121,'Mrs','09189929523',1),(41,122,'Mrs.',NULL,1),(45,152,NULL,'032 343-3491',1),(46,184,NULL,NULL,1),(47,161,'Regional Emergency Coordinator -Asia Pacific','+81 80 8733 6955',1),(48,131,'Project Coordinator','092112086528',1),(49,144,'Emergency Operations Manager','09152658091',1),(50,130,'Team Leader - Samaritan Austria','+881631671062',1),(51,145,'West Coast Coordinator','09152102711',1),(52,154,'Captain',NULL,1),(53,36,'Gestion de Compras y Suministros','+12029743597',1),(54,149,NULL,NULL,1),(55,186,'Health Cluster','09995083961',1),(56,187,NULL,'639175469176',1),(57,139,NULL,'09186310732',1),(58,137,NULL,NULL,1),(59,149,NULL,'+38970309481',1),(60,188,NULL,'+17137742522',1),(61,189,NULL,NULL,1),(62,190,NULL,'09177081235',1),(63,160,NULL,NULL,1),(64,175,NULL,NULL,1),(65,157,NULL,'9208059153',1),(66,149,NULL,NULL,1),(67,154,NULL,NULL,1),(68,148,NULL,'9186531488',1),(69,146,NULL,'9165352551',1),(70,159,NULL,NULL,1),(71,163,NULL,NULL,1),(72,137,NULL,'9065863192',1),(73,172,NULL,'9397714744',1),(74,174,'9086281019',NULL,1);
/*!40000 ALTER TABLE `user_ngo` ENABLE KEYS */;
UNLOCK TABLES;

--
-- Table structure for table `users`
--

DROP TABLE IF EXISTS `users`;
/*!40101 SET @saved_cs_client     = @@character_set_client */;
/*!40101 SET character_set_client = utf8 */;
CREATE TABLE `users` (
  `id` int(11) NOT NULL AUTO_INCREMENT,
  `username` varchar(45) COLLATE utf8_unicode_ci NOT NULL,
  `password` varchar(255) COLLATE utf8_unicode_ci NOT NULL,
  `salt` varchar(45) COLLATE utf8_unicode_ci NOT NULL,
  `firstname` varchar(45) COLLATE utf8_unicode_ci NOT NULL,
  `lastname` varchar(45) COLLATE utf8_unicode_ci NOT NULL,
  `email` varchar(45) COLLATE utf8_unicode_ci NOT NULL,
  `roles` longtext COLLATE utf8_unicode_ci NOT NULL COMMENT '(DC2Type:simple_array)',
  `receive_emails` tinyint(1) DEFAULT NULL,
  `date_created` datetime NOT NULL,
  `date_updated` datetime NOT NULL,
  `type` varchar(255) COLLATE utf8_unicode_ci NOT NULL,
  PRIMARY KEY (`id`),
  UNIQUE KEY `unique_username_idx` (`username`),
  UNIQUE KEY `unique_email_idx` (`email`)
) ENGINE=InnoDB AUTO_INCREMENT=75 DEFAULT CHARSET=utf8 COLLATE=utf8_unicode_ci;
/*!40101 SET character_set_client = @saved_cs_client */;

--
-- Dumping data for table `users`
--

LOCK TABLES `users` WRITE;
/*!40000 ALTER TABLE `users` DISABLE KEYS */;
INSERT INTO `users` VALUES (1,'super_admin','tye81K5fODIJdtINzFqRMwG4+640P+GL6YN/P13OE7I=','f254b746f596d2be8f93c50dd540d537c458a22d','Administrator','admin','admin@phrecovery.org','ROLE_USER,ROLE_ADMIN,ROLE_SUPER_ADMIN,ROLE_USER,ROLE_USER,ROLE_SONATA_ADMIN,ROLE_USER,ROLE_USER,ROLE_USER,ROLE_USER,ROLE_USER,ROLE_USER',NULL,'2013-11-15 18:38:51','2013-11-27 14:21:09','admin'),(4,'alantest','00UWYj9RSRiWieF/FynnvQAKDl91HIH0NmC/DvaNXfE=','046cdd209131c7c851400fa3245fbb4d062a271b','Alan','Debonneville','alan@arcanys.com','ROLE_USER,ROLE_NGO',NULL,'2013-11-19 10:23:57','2013-11-19 10:27:16','ngo'),(5,'melyan','5CFjUiBMeu6dGIkc3Q5h6M2VKql+LWL/B2grUc+P8bQ=','d363773a0974acd6ab40ca7020048ddc979ebce4','Mel','Yan','mel.yan@rafi.org.ph','ROLE_USER,ROLE_NGO',NULL,'2013-11-19 17:12:46','2013-11-19 17:12:46','ngo'),(7,'nicotest','zK8wYngwHY0qlsMsvlmEO8nVBFqvTaMOzmcGOTFRhd4=','6be5ae11f84315f95d524a621aba72d5989e2ce2','nico','test','n.pagong@arcanys.com','ROLE_USER,ROLE_NGO',NULL,'2013-11-19 18:55:47','2013-11-19 18:55:47','ngo'),(9,'rrtk','JS4jtKycOIqPDoz69QPwyfhR4c2LMtFYNCNaGSEfk4s=','f2057ea1955bcaf70a086731784d2945389cc887','Regan','King','rrtking@yahoo.com','ROLE_USER,ROLE_NGO',NULL,'2013-11-19 21:04:48','2013-11-19 21:04:48','ngo'),(10,'Pauline','VtTDeYPFTLcE4A8nbDW6n2PTsPjC/WmcVmTPFr6gvp8=','027edd39515ab182773a3517d77b39f823fc7af8','Pauline','Sicault','pauline.sicault@gmail.com','ROLE_USER,ROLE_NGO',NULL,'2013-11-20 13:40:56','2013-11-20 14:34:09','ngo'),(11,'CSteam','kl3dHqTV//e/LXfvX2E42JqfSQ5eZv1DV3+PrLUdo74=','8faaa57824f3335aa11141c7e65c1645ea94eda1','CS','Team','a.sepe@toonstorm.com','ROLE_USER,ROLE_NGO',NULL,'2013-11-20 14:23:50','2013-11-20 14:23:50','ngo'),(13,'joanna salazar','oto304Keb3fzM1wLA5yiESe5szfqg2vlxLAUUeBR1Xo=','ce7a8f8cb4b9ab86ba997a1b2c0e3a6fd173d02e','Joanna','Salazar','joanna@cebuphotoworks.com','ROLE_USER,ROLE_NGO,ROLE_USER,ROLE_USER,ROLE_USER,ROLE_USER',NULL,'2013-11-20 14:44:43','2013-11-20 17:21:47','ngo'),(16,'ngodottie','0Pgwi0Zvo6EV3CZxQSJKe34/IyKwWqvCwW8w4ZU8IQ4=','24526af5c652dad4152d177ec4d07bee07aff563','dottie','decano','d.decano@arcanys.com','ROLE_USER,ROLE_NGO',NULL,'2013-11-20 18:27:36','2013-12-02 19:17:49','ngo'),(17,'testing88','mkkcf7XjsNgU3p9GQwwS8cKUBkMLtwdolpt0K6BzgCs=','e7a2d7dbde508811cd38f41ec28a70a6ad0d5864','Milcah','Penetrante','m.penetrante@arcanys.com','ROLE_USER,ROLE_NGO',NULL,'2013-11-20 19:59:50','2013-11-20 19:59:50','ngo'),(21,'tomcat','Rwf6ePRbGZEJZPInCTW8rJ/O7fpv6thR3zA0+PKv3dw=','33df1c102d6c2a453865c8ace1801b802a4ec122','Valentino','Benitez Cruz III','vjcbenitez@yahoo.com','ROLE_USER,ROLE_NGO',NULL,'2013-11-21 13:55:40','2013-11-21 14:15:38','ngo'),(22,'Magna','mecWDGklsOtJHG/AlK++t4F7g1yo2ZAi0SEUbQ/clps=','247df8501d7e505dc3203636c77554bd6dd9a467','Romain','SANTON','santon@magna.sk','ROLE_USER,ROLE_NGO',NULL,'2013-11-21 17:05:30','2013-11-21 17:14:07','ngo'),(23,'david.arcanys','1T9b6VmnTbgGY+84f9KXovzwMWYhhUf/3hopwMrPqT0=','840a5ce6c20e5850bb87db1181d93cee40ca03ce','David','Ortega Puertas','david@arcanys.com','ROLE_USER,ROLE_NGO',NULL,'2013-11-21 21:13:18','2013-11-21 21:13:18','ngo'),(24,'tradingroom','iZsCI+2wGIExZF5YiZJykqkB2ujGCVGreHhrZfbRcGI=','21c02e92947a31d0dcd8c1068232ed3137724a37','Shayne','Gallardo','smggallardo@tradingroom.ph','ROLE_USER,ROLE_NGO',NULL,'2013-11-22 09:55:53','2013-11-22 09:55:53','ngo'),(25,'cstestngo','HC5C7bI+EaYK4Z/LgLhv+mhtviwbng1IhWEMu6H5GaY=','522dc12df0a4d10a6ae345613da0212e9eb656a9','cs','team','cs@toonstorm.com','ROLE_USER,ROLE_NGO',NULL,'2013-11-22 10:05:33','2013-11-22 10:05:33','ngo'),(26,'james','VNKYub7cPho5kDZv9AtxImx5jkI0SMc1sx6G4nPYPN4=','f6e506197cc63480f09611500c0c560222a848ac','james','f','j.figues@arcanys.com','ROLE_USER,ROLE_NGO',NULL,'2013-11-22 18:35:12','2013-11-22 18:35:12','ngo'),(27,'jwmallory','z/SMsLGXEhhWCddB3t1YpJQGZF4EQrDltv2uO8n2Urg=','e4d3270f2c13311b470e97807eec134998a510e1','Bill','Mallory','peba@mindspring.com','ROLE_USER,ROLE_NGO',NULL,'2013-11-24 19:40:02','2013-11-24 19:40:02','ngo'),(36,'randolph','RYTR44Bobt4HOQLf3AmGkgLEjbu4i49RSQtPQYMIPis=','f89874ce183c21765b153837b9b9cf22f387f029','randolph','roble','r.roble@arcanys.com','ROLE_USER,ROLE_NGO',NULL,'2013-11-25 13:22:12','2013-11-27 14:06:09','ngo'),(39,'marnz','CVpq0/E9ES/DTBxEhlfRddkbno4zohGy+bQ1npYqM7g=','6622369e0a46958bd028f1ab99e146a0d6113d26','marnellie','escalona','marnellie.escalona@yahoo.com','ROLE_USER,ROLE_NGO',NULL,'2013-11-25 19:52:06','2013-11-25 19:52:06','ngo'),(40,'cvroden','y7J+CfLAmd2Es1gYqlJusFxrK/wf+1/F40WXgVpkBXk=','9af84feb450ca0bbd1914c2f130e193a33e2e7af','Catherine','Roden','catherine.roden@rafi.org.ph','ROLE_USER,ROLE_NGO',NULL,'2013-11-26 08:46:11','2013-11-26 08:46:11','ngo'),(41,'kabanaysanbrillo','CmhN0xcOTLbIIVV2o32cxnpiMwwxmigJGsgbQjgMCiQ=','0efffc248113d39b1f3f80c553d2e56ea15c5e3a','Maria Edlyn','Valdez','edsvaldez@yahoo.com','ROLE_USER,ROLE_NGO',NULL,'2013-11-26 11:45:41','2013-11-26 11:45:41','ngo'),(44,'alantestt','qmTiyXwn1Aqby9wldA66auvLzfO6S43oAA8sVYzFgJs=','ca7d4c28e15e54c3b2a3ae0b009c73de2a12856f','alant','alant','alandebon@yahoo.com','ROLE_USER,ROLE_NGO',NULL,'2013-11-26 12:08:12','2013-11-26 12:08:12','ngo'),(45,'Marlene Bedia','Zx4RVYyqSTi6tT1JxemSNLoxzx8buTQkZRN3hp3XD+o=','822130b1681aaa4cf5c21afa545f061decbe35bb','Marlene','Bedia','marlenebedia@yahoo.com','ROLE_USER,ROLE_NGO',NULL,'2013-11-27 14:54:16','2013-11-27 14:54:16','ngo'),(46,'GK Cebu','qiWj4SS+7Cz1xwQZT/HPMFcTXA38EnNi1hV5YuciHjk=','56bd470e284366ea13631e5a6b99b3876550d6e5','Toby','Florendo','tflorendo@gmail.com','ROLE_USER,ROLE_NGO',NULL,'2013-11-28 16:00:18','2013-11-28 16:00:18','ngo'),(47,'annetaylor','TZk8RHHtE/KEyUs0KaO1OCM3Aj2XsRFRRAeqm1XXE6E=','6caa8c74f4d98e8d9c8eb5f86679254c3496826f','Anne','Taylor','a.taylor@tokyo.msf.org','ROLE_USER,ROLE_NGO',NULL,'2013-11-29 00:06:01','2013-11-29 00:06:01','ngo'),(48,'dirkgrowe','2YJJbBgMMyDAyaRe5iHjmxq3PKT/eMZvsGHDYQUmj78=','cb540a2ab16b9523341d70f943ad01e1f6876399','Dirk','Growe','project-philippinen@landsaid.org','ROLE_USER,ROLE_NGO',NULL,'2013-11-29 00:21:21','2013-11-29 00:21:21','ngo'),(49,'erdmann','zFvtV2H4/3LDUau+wdjwdHKvbjEMoQH0LkVqLmY9LF0=','f9671f41ed318a5396291c34671a3ff11423556c','Karl','Erdmann','kerdmann@americares.org','ROLE_USER,ROLE_NGO',NULL,'2013-11-29 00:25:42','2013-11-29 00:32:21','ngo'),(50,'schuster','FDzUiBI0qd1n0dZSG96TteSv6wqgcXdUfrVXa8eyiuA=','90a7aa89994f0c909fe3bf1d2c6bd59964a5a231','Reinhard','Schuster','ops_sa-rrt@samariterbund.net','ROLE_USER,ROLE_NGO',NULL,'2013-11-29 00:35:54','2013-12-03 12:26:34','ngo'),(51,'shawncarby','e5GIo7sR3z3shs4vjlT31vmsqW2R8VZgWSzxxuOLUzc=','d9e6b0e7c389d322df878c2bde47e576ab428904','Shawn','Carby','scarby@globalmedic.ca','ROLE_USER,ROLE_NGO',NULL,'2013-11-29 00:55:28','2013-11-29 00:55:28','ngo'),(52,'yostak','6nmPZL3ZQESPHeH0iIXGk3WvPUoxTXlKolaBFF/mnA8=','742f2c0d44dda48d0f32084ae1b9ff609a59469d','Yoshikazu','Takeuchi','yoshi.nt.0117@gmail.com','ROLE_USER,ROLE_NGO',NULL,'2013-11-29 01:01:02','2013-11-29 14:43:19','ngo'),(53,'ibarguen','MH7m7CkUbL9DJg1Cb1lT/RdYNzvP5HKxorkF7qzglwk=','40f5701b8d60a0ab845c188b220958a6658d8202','Santiago','Ibarguen','ibargues@paho.org','ROLE_USER,ROLE_NGO',NULL,'2013-11-29 01:09:31','2013-11-29 01:09:31','ngo'),(54,'gledesma','N8g5iXiJRVVdhzUDgPJDKNcJiVSF/p8cT8fqUzXj8jo=','ad8dabe8f2a72bc07efeb549a32aa890712d6c94','Gilyn','Ledesma-De Leon','preciousglyn@gmail.com','ROLE_USER,ROLE_NGO',NULL,'2013-11-29 01:15:18','2013-11-29 01:15:18','ngo'),(55,'lgeroy','HWTEptau+nKuNk/73J7NEKoo40dUaNOlgGkxNSt3ja4=','1d2a1d24ba80cf8a07fdd3b4c08871a84cd17b87','Lester','Geroy','geroyl@wpro.who.int','ROLE_USER,ROLE_NGO',NULL,'2013-11-29 01:21:09','2013-11-29 01:21:09','ngo'),(56,'may.aldemita','TGaivAExZ1l5P+xfT9nCROYasg4VgYCmVzfuPob0ZV8=','cbdb97d9b26a919a59dc1ec46a3959a181c92367','May','Aldemita','may.aldemita@deodn.ph','ROLE_USER,ROLE_NGO',NULL,'2013-11-29 11:35:37','2013-11-29 11:35:37','ngo'),(57,'lbowell','JRIDhI8zhi9rgqp62mON427WeLYkyXyIoCy/0AL8IRc=','fc09b0b663f1ee059e88e9d05d23261ccb5707f8','Libby','Bowell','emergency.health3@ifrc.org','ROLE_USER,ROLE_NGO',NULL,'2013-11-29 13:10:08','2013-11-29 13:12:07','ngo'),(58,'icaballes','GfKFY9sc7/v0wARfF84aRDDxtBZehQreGXDpWGpPqWs=','dee035b9d7fb9e6f173e596087574e9c4cba1d0a','Ivy','Caballes','ivycaballes@gmail.com','ROLE_USER,ROLE_NGO',NULL,'2013-11-29 13:26:21','2013-11-29 13:26:21','ngo'),(59,'dalibor_tasevski','4Xp0yKRGS3ehU+fi4PeGEUcVUo0tMwYIIOz1Pr1kzAg=','ea097f6df34bb4ee4880f4f97167bcd35835ec33','Dalibor','Tasevski','dtasevski@projecthope.org','ROLE_USER,ROLE_NGO',NULL,'2013-11-29 23:35:42','2013-12-02 20:12:55','ngo'),(60,'kahlenberg','mNBmzhFx48GGpUQMjj6OHDF47HDVDqEgMLMLTOS5wWo=','ac9d799f8a82ee1d5287465c5cb80371ca9cd3ab','Michael','Kahlenberg','emergencyshelter@iedarelief.org','ROLE_USER,ROLE_NGO',NULL,'2013-11-29 23:49:24','2013-11-29 23:49:40','ngo'),(61,'tonglet','VHkaKUxkDJTpCvbmBGQAgdQrXm9GhT/sMHp1wgHIU/Q=','c53a819ed2bd66000656a075bf69c9a0a9035fe6','Jean-Luc','Tonglet','tonglet@un.org','ROLE_USER,ROLE_NGO',NULL,'2013-11-30 12:10:03','2013-11-30 12:10:03','ngo'),(62,'glennsb658','j0Lk85R7Qhbry+4QBPjdpV+Dv5d0H5UdtCsJRuGYNyY=','3f431e9007ccddfe6b7d9f5bdeb95e88946110a9','Glenn','Bais','glennsb658@yahoo.com','ROLE_USER,ROLE_NGO',NULL,'2013-12-01 16:51:32','2013-12-01 16:51:32','ngo'),(63,'phmedco','gUg6zbCWMp1/V0EOxvfpQnFj4exBcA9D58gn2GnpPFE=','6a782c74aa37b03658e270fd73d043d9b558df95','Cristina','Mach','philippines-medco@oca.msf.org','ROLE_USER,ROLE_NGO',NULL,'2013-12-02 12:08:43','2013-12-02 12:08:43','ngo'),(64,'msfspain','JnMAO7RR34Sf3EE2UG3qJHYM7+1XMR7ihuDS79Mqg1o=','99d7c94f2dd18b3006dea5b2b64633b14534ede0','Federica','Nogarotto','msfe-philippines-cg-emerg@barcelona.msf.org','ROLE_USER,ROLE_NGO',NULL,'2013-12-02 19:37:11','2013-12-02 19:37:11','ngo'),(65,'shofiul_alam','5dzGwi/Qh9sKGRRtiT48T55w7kzh8M/4I2Io/KTXYvo=','e67c9b1e4269a777404d8b6c64739d53f9972e80','Shofiul','Alam','shofiul@muslimaid.org.bd','ROLE_USER,ROLE_NGO',NULL,'2013-12-02 19:51:59','2013-12-02 19:55:00','ngo'),(66,'ryoji_noritake','GoR7m5Zm1xIYgQzxaZp/2HfktDcEtyC32NJVKm/5ls8=','7ae67a59557a835fc7bf1a2a7717d18ea1103867','Ryoji','Noritake','ryoji_noritake@hgpi.org','ROLE_USER,ROLE_NGO',NULL,'2013-12-02 20:08:29','2013-12-02 20:08:29','ngo'),(67,'kobayashi','GHVx35x7l2CFfE7Az9aXTGo7tM+LAy+Q2YezX04dOzw=','4e56eea81cfb71409020a3282a65e66c0af2d528','Yuki','Kobayashi','sucre.candi.yi@gmail.com','ROLE_USER,ROLE_NGO',NULL,'2013-12-03 23:57:44','2013-12-03 23:57:44','ngo'),(68,'ak_bendicho','8D1uiY/iAACIyd1p+8tlN4YcFKrok43T/17E4067kGY=','98c7e64dce72393eb0d767c9308dcf696608f4b9','Ak','Bendicho','aches_h18@yahoo.com','ROLE_USER,ROLE_NGO',NULL,'2013-12-04 14:36:13','2013-12-04 14:36:13','ngo'),(69,'soreilly','jo7u8igs3RqJfjsw2+FXFJI4fZyyGVA7koZh/IjAFC8=','3435293e8e2306dd085e19cc9106c4b4571dd90f','Sinead','Oreilly','soreilly@goal.ie','ROLE_USER,ROLE_NGO',NULL,'2013-12-04 14:43:12','2013-12-04 14:43:12','ngo'),(70,'Swesemann','31OSRrmHDgdCYo9Srrf88mYe21lLOuE6c/O9j4sqzdg=','6797b6b3a0a376b6ea4cb34cde27ddf0a9b3b54f','Susanne','Wesemann','s.wesemann@psfde.org','ROLE_USER,ROLE_NGO',NULL,'2013-12-04 14:46:41','2013-12-04 14:46:41','ngo'),(71,'mdmfr','OeMS/A3zSXRhd68JBHmrPUEF5cNETvFjnUmg5saeA6U=','7d771df4e6532cea30b5470b78e38055da0f574a','Pascal','Simon','pascal.simon@medecinsdumonde.net','ROLE_USER,ROLE_NGO',NULL,'2013-12-04 14:49:26','2013-12-04 14:49:26','ngo'),(72,'imcuk','F43xiF7o7WLVmNMRege7foI6O0rqCih6ag10og9N9Qs=','dbfe3fce95067043e96f37a3ebb2c4edfea5abc8','Oggie','Radosauljevic','oradosavljevic@internationalmedicalcorps.org','ROLE_USER,ROLE_NGO',NULL,'2013-12-04 14:52:50','2013-12-04 14:52:50','ngo'),(73,'nhahmad','Di9yR6hF4U9gRWUQTtu47iHQDEeuqeYfDdl8t6tkV60=','1f07e983bf2b98e141c786e500eb102df3d3356f','Nur Hayati','Ahmad','hayati@mercy.org.my','ROLE_USER,ROLE_NGO',NULL,'2013-12-04 14:55:05','2013-12-04 14:55:05','ngo'),(74,'hskaug','hIppYBA2N0aNbVqfXTcOPVc2KcBmdwW0ZhOlOD6d7Q8=','160d1d577d9131fbb0b05e6f36839e7525016f30','Hakon','Skaug','hakon.skaug@starofhope.org','ROLE_USER,ROLE_NGO',NULL,'2013-12-04 15:01:37','2013-12-04 15:02:41','ngo');
/*!40000 ALTER TABLE `users` ENABLE KEYS */;
UNLOCK TABLES;
/*!40103 SET TIME_ZONE=@OLD_TIME_ZONE */;

/*!40101 SET SQL_MODE=@OLD_SQL_MODE */;
/*!40014 SET FOREIGN_KEY_CHECKS=@OLD_FOREIGN_KEY_CHECKS */;
/*!40014 SET UNIQUE_CHECKS=@OLD_UNIQUE_CHECKS */;
/*!40101 SET CHARACTER_SET_CLIENT=@OLD_CHARACTER_SET_CLIENT */;
/*!40101 SET CHARACTER_SET_RESULTS=@OLD_CHARACTER_SET_RESULTS */;
/*!40101 SET COLLATION_CONNECTION=@OLD_COLLATION_CONNECTION */;
/*!40111 SET SQL_NOTES=@OLD_SQL_NOTES */;

-- Dump completed on 2013-12-04  2:29:34
