-- MySQL dump 10.13  Distrib 5.1.69, for redhat-linux-gnu (i386)
--
-- Host: localhost    Database: relief
-- ------------------------------------------------------
-- Server version	5.1.69

/*!40101 SET @OLD_CHARACTER_SET_CLIENT=@@CHARACTER_SET_CLIENT */;
/*!40101 SET @OLD_CHARACTER_SET_RESULTS=@@CHARACTER_SET_RESULTS */;
/*!40101 SET @OLD_COLLATION_CONNECTION=@@COLLATION_CONNECTION */;
/*!40101 SET NAMES utf8 */;
/*!40103 SET @OLD_TIME_ZONE=@@TIME_ZONE */;
/*!40103 SET TIME_ZONE='+00:00' */;
/*!40014 SET @OLD_UNIQUE_CHECKS=@@UNIQUE_CHECKS, UNIQUE_CHECKS=0 */;
/*!40014 SET @OLD_FOREIGN_KEY_CHECKS=@@FOREIGN_KEY_CHECKS, FOREIGN_KEY_CHECKS=0 */;
/*!40101 SET @OLD_SQL_MODE=@@SQL_MODE, SQL_MODE='NO_AUTO_VALUE_ON_ZERO' */;
/*!40111 SET @OLD_SQL_NOTES=@@SQL_NOTES, SQL_NOTES=0 */;

--
-- Table structure for table `aid`
--

DROP TABLE IF EXISTS `aid`;
/*!40101 SET @saved_cs_client     = @@character_set_client */;
/*!40101 SET character_set_client = utf8 */;
CREATE TABLE `aid` (
  `id` int(11) NOT NULL AUTO_INCREMENT,
  `type_id` int(11) NOT NULL,
  `geo_id` int(11) NOT NULL,
  `ngo_id` int(11) NOT NULL,
  `description` longtext COLLATE utf8_unicode_ci,
  `unit_cost` double DEFAULT NULL,
  `quantity` int(11) DEFAULT NULL,
  `people_catered` int(11) NOT NULL,
  `date_start` date NOT NULL,
  `date_end` date DEFAULT NULL,
  `date_created` datetime NOT NULL,
  `date_updated` datetime NOT NULL,
  PRIMARY KEY (`id`),
  KEY `IDX_48B40DAAFA49D0B` (`geo_id`),
  KEY `IDX_48B40DAA526B9FA3` (`ngo_id`),
  KEY `IDX_48B40DAAC54C8C93` (`type_id`),
  CONSTRAINT `FK_48B40DAA526B9FA3` FOREIGN KEY (`ngo_id`) REFERENCES `ngo` (`id`) ON DELETE CASCADE,
  CONSTRAINT `FK_48B40DAAC54C8C93` FOREIGN KEY (`type_id`) REFERENCES `aid_type` (`id`) ON DELETE CASCADE,
  CONSTRAINT `FK_48B40DAAFA49D0B` FOREIGN KEY (`geo_id`) REFERENCES `geo` (`id`) ON DELETE CASCADE
) ENGINE=InnoDB AUTO_INCREMENT=120 DEFAULT CHARSET=utf8 COLLATE=utf8_unicode_ci;
/*!40101 SET character_set_client = @saved_cs_client */;

--
-- Dumping data for table `aid`
--

LOCK TABLES `aid` WRITE;
/*!40000 ALTER TABLE `aid` DISABLE KEYS */;
INSERT INTO `aid` VALUES (2,3,8,2,'5 kg rice, 2 canned goods, 4 noodles, 150g milk, 500g sugar, 500g salt, toiletries (soap, shampoo, toothbrush, toothpaste), 4L water',400,732,2928,'2013-11-14','2013-11-19','2013-11-15 20:02:05','2013-11-15 20:02:05'),(10,7,9,2,'5 kg rice, 2 canned goods, 4 noodles, 150g milk, 500g sugar, 500g salt, toiletries (soap, shampoo, toothbrush, toothpaste), 4L water',400,465,0,'2013-01-01',NULL,'2013-11-15 23:56:05','2013-11-16 13:27:46'),(11,7,35,2,'5 kg rice, 2 canned goods, 4 noodles, 150g milk, 500g sugar, 500g salt, toiletries (soap, shampoo, toothbrush, toothpaste), 4L water',400,600,0,'2013-01-01',NULL,'2013-11-15 23:56:05','2013-11-16 12:14:30'),(12,5,35,2,'Laminated sack/trapal (5m), rope',207,300,0,'2013-01-01',NULL,'2013-11-15 23:56:05','2013-11-16 12:19:20'),(13,7,42,2,'5 kg rice, 2 canned goods, 4 noodles, 150g milk, 500g sugar, 500g salt, toiletries (soap, shampoo, toothbrush, toothpaste), 4L water',400,456,0,'2013-01-01',NULL,'2013-11-15 23:56:05','2013-11-16 12:24:24'),(14,7,46,2,'5 kg rice, 2 canned goods, 4 noodles, 150g milk, 500g sugar, 500g salt, toiletries (soap, shampoo, toothbrush, toothpaste), 4L water',400,1452,0,'2013-01-01',NULL,'2013-11-15 23:56:05','2013-11-16 12:24:49'),(15,7,48,2,'5 kg rice, 2 canned goods, 4 noodles, 150g milk, 500g sugar, 500g salt, toiletries (soap, shampoo, toothbrush, toothpaste), 4L water',400,901,0,'2013-01-01',NULL,'2013-11-15 23:56:05','2013-11-16 12:29:03'),(16,7,49,8,'1 kilo of rice/ 200 grams; skyflakes crackers/3 packs of eggnog; 1 box of cereal; \r\n3 canned goods; 3 noodles; \r\n2 medicine pads; 1 big candle; \r\n1 match; 1 letter of hope',0,100,0,'2013-01-01',NULL,'2013-11-15 23:56:05','2013-11-16 12:30:29'),(20,7,53,2,'5 kg rice, 2 canned goods, 4 noodles, 150g milk, 500g sugar, 500g salt, toiletries (soap, shampoo, toothbrush, toothpaste), 4L water',400,554,0,'2013-01-01',NULL,'2013-11-15 23:56:05','2013-11-16 12:35:02'),(21,7,63,2,'5 kg rice, 2 canned goods, 4 noodles, 150g milk, 500g sugar, 500g salt, toiletries (soap, shampoo, toothbrush, toothpaste), 4L water',400,348,0,'2013-01-01',NULL,'2013-11-15 23:56:05','2013-11-16 12:36:23'),(22,7,66,2,'5 kg rice, 2 canned goods, 4 noodles, 150g milk, 500g sugar, 500g salt, toiletries (soap, shampoo, toothbrush, toothpaste), 4L water',400,724,0,'2013-01-01',NULL,'2013-11-15 23:56:05','2013-11-16 12:36:57'),(23,7,68,2,'5 kg rice, 2 canned goods, 4 noodles, 150g milk, 500g sugar, 500g salt, toiletries (soap, shampoo, toothbrush, toothpaste), 4L water',400,827,0,'2013-01-01',NULL,'2013-11-15 23:56:05','2013-11-16 12:37:23'),(24,7,72,2,'5 kg rice, 2 canned goods, 4 noodles, 150g milk, 500g sugar, 500g salt, toiletries (soap, shampoo, toothbrush, toothpaste), 4L water',400,790,0,'2013-01-01',NULL,'2013-11-15 23:56:05','2013-11-16 12:39:03'),(27,7,77,2,'5 kg rice, 2 canned goods, 4 noodles, 150g milk, 500g sugar, 500g salt, toiletries (soap, shampoo, toothbrush, toothpaste), 4L water',400,1155,0,'2013-01-01',NULL,'2013-11-15 23:56:05','2013-11-16 12:48:00'),(28,5,5,2,'Laminated sack/trapal (5m), rope',207,120,0,'2013-01-01',NULL,'2013-11-15 23:56:05','2013-11-16 12:53:30'),(29,7,79,2,'5 kg rice, 2 canned goods, 4 noodles, 150g milk, 500g sugar, 500g salt, toiletries (soap, shampoo, toothbrush, toothpaste), 4L water',400,801,0,'2013-01-01',NULL,'2013-11-15 23:56:05','2013-11-16 12:51:42'),(30,5,79,2,'Laminated sack/trapal (5m), rope',207,115,0,'2013-01-01',NULL,'2013-11-15 23:56:05','2013-11-16 12:52:55'),(31,7,81,2,'5 kg rice, 2 canned goods, 4 noodles, 150g milk, 500g sugar, 500g salt, toiletries (soap, shampoo, toothbrush, toothpaste), 4L water',400,505,0,'2013-01-01',NULL,'2013-11-15 23:56:05','2013-11-16 12:54:52'),(32,7,85,11,'rice, sardines, noodles, water',0,80,0,'2013-01-01',NULL,'2013-11-15 23:56:05','2013-11-16 12:56:40'),(33,7,85,8,'1 kilo of rice/ 200 grams; skyflakes crackers/3 packs of eggnog; 1 box of cereal; \r\n3 canned goods; 3 noodles; \r\n2 medicine pads; 1 big candle; \r\n1 match; 1 letter of hope',0,100,0,'2013-01-01',NULL,'2013-11-15 23:56:05','2013-11-16 12:57:21'),(34,7,85,2,'5 kg rice, 2 canned goods, 4 noodles, 150g milk, 500g sugar, 500g salt, toiletries (soap, shampoo, toothbrush, toothpaste), 4L water',400,350,0,'2013-01-01',NULL,'2013-11-15 23:56:05','2013-11-16 12:58:57'),(35,7,90,12,'rice, noodles, canned goods, bottled water',0,100,0,'2013-01-01',NULL,'2013-11-15 23:56:05','2013-11-16 12:59:59'),(36,7,90,8,'1 kilo of rice/ 200 grams; skyflakes crackers/3 packs of eggnog; 1 box of cereal; \r\n3 canned goods; 3 noodles; \r\n2 medicine pads; 1 big candle; \r\n1 match; 1 letter of hope',0,100,0,'2013-01-01',NULL,'2013-11-15 23:56:05','2013-11-16 13:00:44'),(37,7,90,13,NULL,0,0,0,'2013-01-01',NULL,'2013-11-15 23:56:05','2013-11-16 13:03:16'),(41,7,100,2,'5 kg rice, 2 canned goods, 4 noodles, 150g milk, 500g sugar, 500g salt, toiletries (soap, shampoo, toothbrush, toothpaste), 4L water',400,119,0,'2013-01-01',NULL,'2013-11-15 23:56:05','2013-11-16 13:05:12'),(42,7,101,16,'3k corn grits, 0.5 kg brown sugar,  \r\n1L mineral water, 2 packs noodles, 2 cans of sardines,\r\n1 can beef loaf (150 g)',0,176,0,'2013-01-01',NULL,'2013-11-15 23:56:05','2013-11-16 13:09:39'),(43,7,107,2,'5 kg rice, 2 canned goods, 4 noodles, 150g milk, 500g sugar, 500g salt, toiletries (soap, shampoo, toothbrush, toothpaste), 4L water',400,775,0,'2013-01-01',NULL,'2013-11-15 23:56:05','2013-11-16 13:10:23'),(44,5,107,2,'Laminated sack/trapal (5m), rope',207,90,0,'2013-01-01',NULL,'2013-11-15 23:56:05','2013-11-16 13:11:23'),(45,7,109,2,'5 kg rice, 2 canned goods, 4 noodles, 150g milk, 500g sugar, 500g salt, toiletries (soap, shampoo, toothbrush, toothpaste), 4L water',400,288,0,'2013-01-01',NULL,'2013-11-15 23:56:05','2013-11-16 13:14:07'),(46,5,109,2,'Laminated sack/trapal (5m), rope',207,35,0,'2013-01-01',NULL,'2013-11-15 23:56:05','2013-11-16 13:18:53'),(47,7,109,8,'1 kilo of rice/ 200 grams; skyflakes crackers/3 packs of eggnog; 1 box of cereal; \r\n3 canned goods; 3 noodles; \r\n2 medicine pads; 1 big candle; \r\n1 match; 1 letter of hope',0,100,0,'2013-01-01',NULL,'2013-11-15 23:56:05','2013-11-16 13:19:27'),(48,7,110,2,'5 kg rice, 2 canned goods, 4 noodles, 150g milk, 500g sugar, 500g salt, toiletries (soap, shampoo, toothbrush, toothpaste), 4L water',400,598,0,'2013-01-01',NULL,'2013-11-15 23:56:05','2013-11-16 13:21:56'),(49,5,110,2,'Laminated sack/trapal (5m), rope',207,75,0,'2013-01-01',NULL,'2013-11-15 23:56:05','2013-11-16 13:22:20'),(50,7,114,2,'5 kg rice, 2 canned goods, 4 noodles, 150g milk, 500g sugar, 500g salt, toiletries (soap, shampoo, toothbrush, toothpaste), 4L water',400,378,0,'2013-01-01',NULL,'2013-11-15 23:56:05','2013-11-16 13:23:04'),(51,5,114,2,'Laminated sack/trapal (5m), rope',207,50,0,'2013-01-01',NULL,'2013-11-15 23:56:05','2013-11-16 13:26:39'),(52,7,114,14,'3kg rice, 8 canned goods, 1kg biscuit, 6L water',0,350,0,'2013-01-01',NULL,'2013-11-15 23:56:05','2013-11-16 13:27:14'),(53,7,119,2,'5 kg rice, 2 canned goods, 4 noodles, 150g milk, 500g sugar, 500g salt, toiletries (soap, shampoo, toothbrush, toothpaste), 4L water',400,400,0,'2013-01-01',NULL,'2013-11-15 23:56:05','2013-11-16 13:28:33'),(54,5,119,2,'Laminated sack/trapal (5m), rope',207,50,0,'2013-01-01',NULL,'2013-11-15 23:56:05','2013-11-16 13:29:00'),(55,7,120,16,'3k corn grits, 0.5 kg brown sugar,  \r\n1L mineral water, 2 packs noodles, 2 cans of sardines,\r\n1 can beef loaf (150 g)',0,106,0,'2013-01-01',NULL,'2013-11-15 23:56:05','2013-11-16 13:29:44'),(56,7,127,2,'5 kg rice, 2 canned goods, 4 noodles, 150g milk, 500g sugar, 500g salt, toiletries (soap, shampoo, toothbrush, toothpaste), 4L water',400,401,0,'2013-01-01',NULL,'2013-11-15 23:56:05','2013-11-16 13:30:26'),(57,5,127,2,'Laminated sack/trapal (5m), rope',207,50,0,'2013-01-01',NULL,'2013-11-15 23:56:05','2013-11-16 13:31:35'),(58,7,128,17,'5kg rice, 800 gms monggo, 1 kg salt, ½ kg dried fish, 4 cans sardines 4 liters water, 320gm milk powder,1 box matches, 1 pail with cover, 1 large plastic bag',515.27,500,0,'2013-01-01',NULL,'2013-11-15 23:56:05','2013-11-16 13:32:19'),(59,7,130,2,'5 kg rice, 2 canned goods, 4 noodles, 150g milk, 500g sugar, 500g salt, toiletries (soap, shampoo, toothbrush, toothpaste), 4L water',400,262,0,'2013-01-01',NULL,'2013-11-15 23:56:05','2013-11-16 13:34:44'),(60,5,130,2,'Laminated sack/trapal (5m), rope',207,50,0,'2013-01-01',NULL,'2013-11-15 23:56:05','2013-11-16 13:35:39'),(61,7,130,14,'3kg rice, 8 canned goods, 1kg biscuit, 6L water',0,1200,0,'2013-01-01',NULL,'2013-11-15 23:56:05','2013-11-16 13:36:15'),(66,7,138,16,NULL,0,103,0,'2013-01-01',NULL,'2013-11-15 23:56:05','2013-11-16 13:37:17'),(67,7,144,16,NULL,0,59,0,'2013-01-01',NULL,'2013-11-15 23:56:05','2013-11-16 13:37:43'),(72,7,42,2,'5 kg rice, 2 canned goods, 4 noodles, 150g milk, 500g sugar, 500g salt, toiletries (soap, shampoo, toothbrush, toothpaste), 4L water',400,456,0,'2013-01-01',NULL,'2013-11-15 23:56:05','2013-11-16 13:39:21'),(79,7,5,23,'5 kg rice, 2 canned goods, 4 noodles, 150g milk, 500g sugar, 500g salt, toiletries (soap, shampoo, toothbrush, toothpaste), 4L water',NULL,NULL,10,'2013-11-16','2013-11-18','2013-11-16 13:37:32','2013-11-16 13:37:32'),(80,7,50,31,'8kls rice, 4 cans sardines, 6 pcs noodles, 1 pc large bath soap, 1 set medicine kit, 1/2 kl sugar, 1/2 kilo salt, 1/2 kilo monggo, 1 pc mat, 1 pc blan',NULL,550,0,'2013-11-14','2013-11-21','2013-11-16 15:19:36','2013-11-16 15:22:48'),(81,7,71,31,'8kls rice, 4 cans sardines, 6 pcs noodles, 1 pc large bath soap, 1 set medicine kit, 1/2 kl sugar, 1/2 kilo salt, 1/2 kilo monggo, 1 pc mat, 1 pc blan',NULL,652,0,'2013-11-14','2013-11-21','2013-11-16 15:29:41','2013-11-16 15:29:41'),(82,7,61,31,'8kls rice, 4 cans sardines, 6 pcs noodles, 1 pc large bath soap, 1 set medicine kit, 1/2 kl sugar, 1/2 kilo salt, 1/2 kilo monggo, 1 pc mat, 1 pc blan',NULL,510,0,'2013-11-14','2013-11-21','2013-11-16 15:31:44','2013-11-16 15:31:44'),(83,7,78,14,'3kg rice, 8 canned goods, 1kg biscuit, 6L water',NULL,600,0,'2013-11-14','2013-11-17','2013-11-16 15:33:19','2013-11-16 15:33:19'),(84,7,82,3,'Assorted Items',NULL,480,0,'2013-11-15','2013-11-17','2013-11-16 15:34:14','2013-11-16 15:34:14'),(85,7,83,31,'8kls rice, 4 cans sardines, 6 pcs noodles, 1 pc large bath soap, 1 set medicine kit, 1/2 kl sugar, 1/2 kilo salt, 1/2 kilo monggo, 1 pc mat, 1 pc blan',NULL,450,0,'2013-11-12','2013-11-19','2013-11-16 15:35:23','2013-11-16 15:35:23'),(86,7,89,14,'3kg rice, 8 canned goods, 1kg biscuit, 6L water',NULL,700,0,'2013-11-14','2013-11-17','2013-11-16 15:37:18','2013-11-16 15:37:18'),(87,7,91,31,'8kls rice, 4 cans sardines, 6 pcs noodles, 1 pc large bath soap, 1 set medicine kit, 1/2 kl sugar, 1/2 kilo salt, 1/2 kilo monggo, 1 pc mat, 1 pc blan',NULL,446,0,'2013-11-12','2013-11-19','2013-11-16 15:38:08','2013-11-16 15:38:08'),(88,7,95,14,'3kg rice, 8 canned goods, 1kg biscuit, 6L water',NULL,821,0,'2013-11-14','2013-11-17','2013-11-16 15:40:11','2013-11-16 15:40:11'),(89,7,98,14,'3kg rice, 8 canned goods, 1kg biscuit, 6L water',NULL,410,0,'2013-11-13','2013-11-17','2013-11-16 15:41:02','2013-11-16 15:41:02'),(90,7,95,14,'3kg rice, 8 canned goods, 1kg biscuit, 6L water',NULL,820,0,'2013-11-15','2013-11-18','2013-11-16 15:42:28','2013-11-16 15:42:28'),(91,7,61,14,'3kg rice, 8 canned goods, 1kg biscuit, 6L water',NULL,185,0,'2013-11-12','2013-11-17','2013-11-16 15:43:28','2013-11-16 15:43:28'),(92,7,115,14,'3kg rice, 8 canned goods, 1kg biscuit, 6L water',NULL,310,0,'2013-11-14','2013-11-17','2013-11-16 15:45:28','2013-11-16 15:45:28'),(93,7,124,14,'3kg rice, 8 canned goods, 1kg biscuit, 6L water',NULL,590,0,'2013-11-14','2013-11-17','2013-11-16 15:54:26','2013-11-16 15:54:26'),(94,7,118,30,'30 sacks of rice, 30 sacks canned goods',NULL,450,0,'2013-11-14','2013-11-21','2013-11-16 15:55:59','2013-11-16 15:55:59'),(95,7,125,14,'3kg rice, 8 canned goods, 1kg biscuit, 6L water',NULL,280,0,'2013-11-12','2013-11-15','2013-11-16 15:57:13','2013-11-16 15:57:13'),(96,7,125,14,'3kg rice, 8 canned goods, 1kg biscuit, 6L water',NULL,45,0,'2013-11-14','2013-11-17','2013-11-16 15:57:57','2013-11-16 15:57:57'),(97,7,134,14,'3kg rice, 8 canned goods, 1kg biscuit, 6L water',NULL,650,0,'2013-11-13','2013-11-16','2013-11-16 15:59:00','2013-11-16 15:59:00'),(98,7,140,14,'3kg rice, 8 canned goods, 1kg biscuit, 6L water',NULL,250,0,'2013-11-15','2013-11-18','2013-11-16 16:00:08','2013-11-16 16:00:08'),(99,7,141,14,'3kg rice, 8 canned goods, 1kg biscuit, 6L water',NULL,200,0,'2013-11-14','2013-11-17','2013-11-16 16:01:11','2013-11-16 16:01:11'),(100,7,142,14,'3kg rice, 8 canned goods, 1kg biscuit, 6L water',NULL,150,0,'2013-11-14','2013-11-17','2013-11-16 16:02:12','2013-11-16 16:02:12'),(101,7,143,14,'3kg rice, 8 canned goods, 1kg biscuit, 6L water',NULL,70,0,'2013-11-14','2013-11-17','2013-11-16 16:03:07','2013-11-16 16:03:07'),(102,7,150,14,'3kg rice, 8 canned goods, 1kg biscuit, 6L water',NULL,100,0,'2013-11-12','2013-11-16','2013-11-16 16:04:14','2013-11-16 16:04:14'),(103,7,151,14,'3kg rice, 8 canned goods, 1kg biscuit, 6L water',NULL,100,0,'2013-11-13','2013-11-16','2013-11-16 16:05:05','2013-11-16 16:05:05'),(104,7,155,14,'3kg rice, 8 canned goods, 1kg biscuit, 6L water',NULL,100,0,'2013-11-13','2013-11-16','2013-11-16 16:06:04','2013-11-16 16:06:04'),(105,7,157,32,'2K rice, 3 canned goods, 2 noodles & 1L water',NULL,50,0,'2013-11-13','2013-11-15','2013-11-16 16:07:03','2013-11-16 16:07:03'),(106,7,157,14,'3kg rice, 8 canned goods, 1kg biscuit, 6L water',NULL,71,0,'2013-11-12','2013-11-15','2013-11-16 16:07:57','2013-11-16 16:07:57'),(107,7,159,14,'3kg rice, 8 canned goods, 1kg biscuit, 6L water',NULL,70,0,'2013-11-14','2013-11-17','2013-11-16 16:08:45','2013-11-16 16:08:45'),(108,7,159,14,'3kg rice, 8 canned goods, 1kg biscuit, 6L water',NULL,200,0,'2013-11-15','2013-11-18','2013-11-16 16:09:33','2013-11-16 16:09:33'),(109,7,160,14,'3kg rice, 8 canned goods, 1kg biscuit, 6L water',NULL,70,0,'2013-11-14','2013-11-17','2013-11-16 16:11:42','2013-11-16 16:11:42'),(110,7,161,14,'3kg rice, 8 canned goods, 1kg biscuit, 6L water',NULL,150,0,'2013-11-12','2013-11-15','2013-11-16 16:12:36','2013-11-16 16:12:36'),(111,7,162,14,'3kg rice, 8 canned goods, 1kg biscuit, 6L water',NULL,65,0,'2013-11-13','2013-11-16','2013-11-16 16:13:29','2013-11-16 16:13:29'),(112,7,218,3,'Assorted Items',NULL,180,0,'2013-11-14','2013-11-16','2013-11-16 16:25:55','2013-11-16 16:25:55'),(113,7,242,30,'57 sacks of rice, 59 sacks canned goods',NULL,855,0,'2013-11-11','2013-11-18','2013-11-16 16:27:03','2013-11-16 16:27:03'),(114,7,88,33,'2kg Rice, 3canned goods, 2noodles, sabon, milo, milk, matches',NULL,200,0,'2013-11-13','2013-11-16','2013-11-16 16:28:54','2013-11-16 16:28:54'),(115,7,56,32,'2K rice, 3 canned goods, 2 noodles & 1L water',NULL,650,0,'2013-11-13','2013-11-14','2013-11-16 16:29:59','2013-11-16 16:29:59'),(116,7,62,32,'2K rice, 3 canned goods, 2 noodles & 1L water',NULL,650,0,'2013-11-13','2013-11-14','2013-11-16 16:30:48','2013-11-16 16:30:48'),(117,7,93,35,'2 bottles water, 2 kg rice, 2 packs noodles, 1 can sardines, 1 can beef loaf, 1 pack bear brand milk powder',NULL,2000,0,'2013-11-13','2013-11-16','2013-11-16 16:31:51','2013-11-16 16:31:51'),(118,7,594,14,'3kg rice, 8 canned goods, 1kg biscuit, 6L water',NULL,70,0,'2013-11-14','2013-11-17','2013-11-16 16:44:36','2013-11-16 16:44:36'),(119,7,594,14,'3kg rice, 8 canned goods, 1kg biscuit, 6L water',NULL,200,0,'2013-11-15','2013-11-18','2013-11-16 16:45:18','2013-11-16 16:45:18');
/*!40000 ALTER TABLE `aid` ENABLE KEYS */;
UNLOCK TABLES;

--
-- Table structure for table `aid_needed`
--

DROP TABLE IF EXISTS `aid_needed`;
/*!40101 SET @saved_cs_client     = @@character_set_client */;
/*!40101 SET character_set_client = utf8 */;
CREATE TABLE `aid_needed` (
  `id` int(11) NOT NULL AUTO_INCREMENT,
  `reporter` int(11) NOT NULL,
  `geo_id` int(11) NOT NULL,
  `description` varchar(45) COLLATE utf8_unicode_ci NOT NULL,
  `status` varchar(45) COLLATE utf8_unicode_ci DEFAULT NULL,
  `date_created` datetime NOT NULL,
  `date_updated` datetime NOT NULL,
  PRIMARY KEY (`id`),
  KEY `IDX_DE0CCFA176D6E0F2` (`reporter`),
  KEY `IDX_DE0CCFA1FA49D0B` (`geo_id`),
  CONSTRAINT `FK_DE0CCFA1FA49D0B` FOREIGN KEY (`geo_id`) REFERENCES `geo` (`id`) ON DELETE CASCADE,
  CONSTRAINT `FK_DE0CCFA176D6E0F2` FOREIGN KEY (`reporter`) REFERENCES `users` (`id`) ON DELETE CASCADE
) ENGINE=InnoDB DEFAULT CHARSET=utf8 COLLATE=utf8_unicode_ci;
/*!40101 SET character_set_client = @saved_cs_client */;

--
-- Dumping data for table `aid_needed`
--

LOCK TABLES `aid_needed` WRITE;
/*!40000 ALTER TABLE `aid_needed` DISABLE KEYS */;
/*!40000 ALTER TABLE `aid_needed` ENABLE KEYS */;
UNLOCK TABLES;

--
-- Table structure for table `aid_type`
--

DROP TABLE IF EXISTS `aid_type`;
/*!40101 SET @saved_cs_client     = @@character_set_client */;
/*!40101 SET character_set_client = utf8 */;
CREATE TABLE `aid_type` (
  `id` int(11) NOT NULL AUTO_INCREMENT,
  `description` varchar(255) COLLATE utf8_unicode_ci NOT NULL,
  `date_created` datetime NOT NULL,
  `date_updated` datetime NOT NULL,
  PRIMARY KEY (`id`),
  UNIQUE KEY `unique_type_idx` (`description`)
) ENGINE=InnoDB AUTO_INCREMENT=10 DEFAULT CHARSET=utf8 COLLATE=utf8_unicode_ci;
/*!40101 SET character_set_client = @saved_cs_client */;

--
-- Dumping data for table `aid_type`
--

LOCK TABLES `aid_type` WRITE;
/*!40000 ALTER TABLE `aid_type` DISABLE KEYS */;
INSERT INTO `aid_type` VALUES (3,'Medical Team','2013-11-15 19:21:43','2013-11-15 19:21:43'),(4,'Medicine','2013-11-15 19:21:53','2013-11-15 19:21:53'),(5,'Temporary Shelter','2013-11-15 19:22:07','2013-11-15 19:22:07'),(6,'Other','2013-11-15 19:22:17','2013-11-15 19:22:17'),(7,'Food & Water','2013-11-15 19:51:26','2013-11-15 19:51:26'),(9,'Clothing','2013-11-16 14:00:59','2013-11-16 14:00:59');
/*!40000 ALTER TABLE `aid_type` ENABLE KEYS */;
UNLOCK TABLES;

--
-- Table structure for table `geo`
--

DROP TABLE IF EXISTS `geo`;
/*!40101 SET @saved_cs_client     = @@character_set_client */;
/*!40101 SET character_set_client = utf8 */;
CREATE TABLE `geo` (
  `id` int(11) NOT NULL AUTO_INCREMENT,
  `map` longtext COLLATE utf8_unicode_ci,
  `date_created` datetime NOT NULL,
  `date_updated` datetime NOT NULL,
  `type` varchar(255) COLLATE utf8_unicode_ci NOT NULL,
  `population` double DEFAULT NULL,
  `estimated_households` int(11) DEFAULT NULL,
  `affected_households` int(11) DEFAULT NULL,
  PRIMARY KEY (`id`)
) ENGINE=InnoDB AUTO_INCREMENT=595 DEFAULT CHARSET=utf8 COLLATE=utf8_unicode_ci;
/*!40101 SET character_set_client = @saved_cs_client */;

--
-- Dumping data for table `geo`
--

LOCK TABLES `geo` WRITE;
/*!40000 ALTER TABLE `geo` DISABLE KEYS */;
INSERT INTO `geo` VALUES (5,NULL,'2013-11-15 19:58:59','2013-11-15 19:58:59','province',NULL,NULL,NULL),(6,NULL,'2013-11-15 19:59:49','2013-11-15 19:59:49','municipality',NULL,NULL,NULL),(7,NULL,'2013-11-15 19:59:59','2013-11-15 19:59:59','municipality',NULL,NULL,NULL),(8,NULL,'2013-11-15 20:00:28','2013-11-15 20:00:28','barangay',NULL,NULL,NULL),(9,NULL,'2013-11-15 20:00:47','2013-11-15 20:00:47','barangay',NULL,NULL,NULL),(10,NULL,'2013-11-15 20:01:10','2013-11-15 20:01:10','barangay',NULL,NULL,NULL),(11,NULL,'2013-11-15 20:33:55','2013-11-15 20:33:55','province',NULL,NULL,NULL),(12,NULL,'2013-11-15 20:33:55','2013-11-15 20:33:55','municipality',NULL,NULL,NULL),(13,NULL,'2013-11-15 20:33:55','2013-11-15 20:33:55','municipality',NULL,NULL,NULL),(14,NULL,'2013-11-15 20:33:55','2013-11-15 20:33:55','municipality',NULL,NULL,NULL),(15,NULL,'2013-11-15 20:33:55','2013-11-15 20:33:55','municipality',NULL,NULL,NULL),(16,NULL,'2013-11-15 20:33:55','2013-11-15 20:33:55','municipality',NULL,NULL,NULL),(17,NULL,'2013-11-15 20:33:55','2013-11-15 20:33:55','municipality',NULL,NULL,NULL),(18,NULL,'2013-11-15 20:33:55','2013-11-15 20:33:55','municipality',NULL,NULL,NULL),(19,NULL,'2013-11-15 20:33:55','2013-11-15 20:33:55','municipality',NULL,NULL,NULL),(20,NULL,'2013-11-15 20:33:55','2013-11-15 20:33:55','municipality',NULL,NULL,NULL),(21,NULL,'2013-11-15 20:33:55','2013-11-15 20:33:55','municipality',NULL,NULL,NULL),(22,NULL,'2013-11-15 20:33:55','2013-11-15 20:33:55','municipality',NULL,NULL,NULL),(23,NULL,'2013-11-15 20:33:55','2013-11-15 20:33:55','municipality',NULL,NULL,NULL),(24,NULL,'2013-11-15 20:33:55','2013-11-15 20:33:55','municipality',NULL,NULL,NULL),(25,NULL,'2013-11-15 20:33:55','2013-11-15 20:33:55','municipality',NULL,NULL,NULL),(26,NULL,'2013-11-15 20:33:55','2013-11-15 20:33:55','municipality',NULL,NULL,NULL),(27,NULL,'2013-11-15 20:33:55','2013-11-15 20:33:55','municipality',NULL,NULL,NULL),(28,NULL,'2013-11-15 20:33:55','2013-11-15 20:33:55','municipality',NULL,NULL,NULL),(29,NULL,'2013-11-15 20:33:55','2013-11-15 20:33:55','municipality',NULL,NULL,NULL),(30,NULL,'2013-11-15 20:33:55','2013-11-15 20:33:55','municipality',NULL,NULL,NULL),(31,NULL,'2013-11-15 20:33:55','2013-11-15 20:33:55','barangay',NULL,NULL,NULL),(32,NULL,'2013-11-15 20:33:55','2013-11-15 20:33:55','barangay',NULL,NULL,NULL),(33,NULL,'2013-11-15 20:33:55','2013-11-15 20:33:55','barangay',NULL,NULL,NULL),(34,NULL,'2013-11-15 20:33:55','2013-11-15 20:33:55','barangay',NULL,NULL,NULL),(35,NULL,'2013-11-15 20:33:55','2013-11-15 20:33:55','barangay',NULL,NULL,NULL),(36,NULL,'2013-11-15 20:33:55','2013-11-15 20:33:55','barangay',NULL,NULL,NULL),(37,NULL,'2013-11-15 20:33:55','2013-11-15 20:33:55','barangay',NULL,NULL,NULL),(38,NULL,'2013-11-15 20:33:55','2013-11-15 20:33:55','barangay',NULL,NULL,NULL),(39,NULL,'2013-11-15 20:33:55','2013-11-15 20:33:55','barangay',NULL,NULL,NULL),(40,NULL,'2013-11-15 20:33:55','2013-11-15 20:33:55','barangay',NULL,NULL,NULL),(41,NULL,'2013-11-15 20:33:55','2013-11-15 20:33:55','barangay',NULL,NULL,NULL),(42,NULL,'2013-11-15 20:33:55','2013-11-15 20:33:55','barangay',NULL,NULL,NULL),(43,NULL,'2013-11-15 20:33:55','2013-11-15 20:33:55','barangay',NULL,NULL,NULL),(44,NULL,'2013-11-15 20:33:55','2013-11-15 20:33:55','barangay',NULL,NULL,NULL),(45,NULL,'2013-11-15 20:33:55','2013-11-15 20:33:55','barangay',NULL,NULL,NULL),(46,NULL,'2013-11-15 20:33:55','2013-11-15 20:33:55','barangay',NULL,NULL,NULL),(47,NULL,'2013-11-15 20:33:55','2013-11-15 20:33:55','barangay',NULL,NULL,NULL),(48,NULL,'2013-11-15 20:33:55','2013-11-15 20:33:55','barangay',NULL,NULL,NULL),(49,NULL,'2013-11-15 20:33:55','2013-11-15 20:33:55','barangay',NULL,NULL,NULL),(50,NULL,'2013-11-15 20:33:55','2013-11-15 20:33:55','barangay',NULL,NULL,NULL),(51,NULL,'2013-11-15 20:33:55','2013-11-15 20:33:55','barangay',NULL,NULL,NULL),(52,NULL,'2013-11-15 20:33:55','2013-11-15 20:33:55','barangay',NULL,NULL,NULL),(53,NULL,'2013-11-15 20:33:55','2013-11-15 20:33:55','barangay',NULL,NULL,NULL),(54,NULL,'2013-11-15 20:33:55','2013-11-15 20:33:55','barangay',NULL,NULL,NULL),(55,NULL,'2013-11-15 20:33:55','2013-11-15 20:33:55','barangay',NULL,NULL,NULL),(56,NULL,'2013-11-15 20:33:55','2013-11-15 20:33:55','barangay',NULL,NULL,NULL),(57,NULL,'2013-11-15 20:33:55','2013-11-15 20:33:55','barangay',NULL,NULL,NULL),(58,NULL,'2013-11-15 20:33:55','2013-11-15 20:33:55','barangay',NULL,NULL,NULL),(59,NULL,'2013-11-15 20:33:55','2013-11-15 20:33:55','barangay',NULL,NULL,NULL),(60,NULL,'2013-11-15 20:33:55','2013-11-15 20:33:55','barangay',NULL,NULL,NULL),(61,NULL,'2013-11-15 20:33:55','2013-11-15 20:33:55','barangay',NULL,NULL,NULL),(62,NULL,'2013-11-15 20:33:55','2013-11-15 20:33:55','barangay',NULL,NULL,NULL),(63,NULL,'2013-11-15 20:33:55','2013-11-15 20:33:55','barangay',NULL,NULL,NULL),(64,NULL,'2013-11-15 20:33:55','2013-11-15 20:33:55','barangay',NULL,NULL,NULL),(65,NULL,'2013-11-15 20:33:55','2013-11-15 20:33:55','barangay',NULL,NULL,NULL),(66,NULL,'2013-11-15 20:33:55','2013-11-15 20:33:55','barangay',NULL,NULL,NULL),(67,NULL,'2013-11-15 20:33:55','2013-11-15 20:33:55','barangay',NULL,NULL,NULL),(68,NULL,'2013-11-15 20:33:55','2013-11-15 20:33:55','barangay',NULL,NULL,NULL),(69,NULL,'2013-11-15 20:33:55','2013-11-15 20:33:55','barangay',NULL,NULL,NULL),(70,NULL,'2013-11-15 20:33:55','2013-11-15 20:33:55','barangay',NULL,NULL,NULL),(71,NULL,'2013-11-15 20:33:55','2013-11-15 20:33:55','barangay',NULL,NULL,NULL),(72,NULL,'2013-11-15 20:33:55','2013-11-15 20:33:55','barangay',NULL,NULL,NULL),(73,NULL,'2013-11-15 20:33:55','2013-11-15 20:33:55','barangay',NULL,NULL,NULL),(74,NULL,'2013-11-15 20:33:55','2013-11-15 20:33:55','barangay',NULL,NULL,NULL),(75,NULL,'2013-11-15 20:33:55','2013-11-15 20:33:55','barangay',NULL,NULL,NULL),(76,NULL,'2013-11-15 20:33:55','2013-11-15 20:33:55','barangay',NULL,NULL,NULL),(77,NULL,'2013-11-15 20:33:55','2013-11-15 20:33:55','barangay',NULL,NULL,NULL),(78,NULL,'2013-11-15 20:33:55','2013-11-15 20:33:55','barangay',NULL,NULL,NULL),(79,NULL,'2013-11-15 20:33:55','2013-11-15 20:33:55','barangay',NULL,NULL,NULL),(80,NULL,'2013-11-15 20:33:55','2013-11-15 20:33:55','barangay',NULL,NULL,NULL),(81,NULL,'2013-11-15 20:33:55','2013-11-15 20:33:55','barangay',NULL,NULL,NULL),(82,NULL,'2013-11-15 20:33:55','2013-11-15 20:33:55','barangay',NULL,NULL,NULL),(83,NULL,'2013-11-15 20:33:55','2013-11-15 20:33:55','barangay',NULL,NULL,NULL),(84,NULL,'2013-11-15 20:33:55','2013-11-15 20:33:55','barangay',NULL,NULL,NULL),(85,NULL,'2013-11-15 20:33:55','2013-11-15 20:33:55','barangay',NULL,NULL,NULL),(86,NULL,'2013-11-15 20:33:55','2013-11-15 20:33:55','barangay',NULL,NULL,NULL),(87,NULL,'2013-11-15 20:33:55','2013-11-15 20:33:55','barangay',NULL,NULL,NULL),(88,NULL,'2013-11-15 20:33:55','2013-11-15 20:33:55','barangay',NULL,NULL,NULL),(89,NULL,'2013-11-15 20:33:55','2013-11-15 20:33:55','barangay',NULL,NULL,NULL),(90,NULL,'2013-11-15 20:33:55','2013-11-15 20:33:55','barangay',NULL,NULL,NULL),(91,NULL,'2013-11-15 20:33:55','2013-11-15 20:33:55','barangay',NULL,NULL,NULL),(92,NULL,'2013-11-15 20:33:55','2013-11-15 20:33:55','barangay',NULL,NULL,NULL),(93,NULL,'2013-11-15 20:33:55','2013-11-15 20:33:55','barangay',NULL,NULL,NULL),(94,NULL,'2013-11-15 20:33:55','2013-11-15 20:33:55','barangay',NULL,NULL,NULL),(95,NULL,'2013-11-15 20:33:55','2013-11-15 20:33:55','barangay',NULL,NULL,NULL),(96,NULL,'2013-11-15 20:33:55','2013-11-15 20:33:55','barangay',NULL,NULL,NULL),(97,NULL,'2013-11-15 20:33:55','2013-11-15 20:33:55','barangay',NULL,NULL,NULL),(98,NULL,'2013-11-15 20:33:55','2013-11-15 20:33:55','barangay',NULL,NULL,NULL),(99,NULL,'2013-11-15 20:33:55','2013-11-15 20:33:55','barangay',NULL,NULL,NULL),(100,NULL,'2013-11-15 20:33:55','2013-11-15 20:33:55','barangay',NULL,NULL,NULL),(101,NULL,'2013-11-15 20:33:55','2013-11-15 20:33:55','barangay',NULL,NULL,NULL),(102,NULL,'2013-11-15 20:33:55','2013-11-15 20:33:55','barangay',NULL,NULL,NULL),(103,NULL,'2013-11-15 20:33:55','2013-11-15 20:33:55','barangay',NULL,NULL,NULL),(104,NULL,'2013-11-15 20:33:55','2013-11-15 20:33:55','barangay',NULL,NULL,NULL),(105,NULL,'2013-11-15 20:33:55','2013-11-15 20:33:55','barangay',NULL,NULL,NULL),(106,NULL,'2013-11-15 20:33:55','2013-11-15 20:33:55','barangay',NULL,NULL,NULL),(107,NULL,'2013-11-15 20:33:55','2013-11-15 20:33:55','barangay',NULL,NULL,NULL),(108,NULL,'2013-11-15 20:33:55','2013-11-15 20:33:55','barangay',NULL,NULL,NULL),(109,NULL,'2013-11-15 20:33:55','2013-11-15 20:33:55','barangay',NULL,NULL,NULL),(110,NULL,'2013-11-15 20:33:55','2013-11-15 20:33:55','barangay',NULL,NULL,NULL),(111,NULL,'2013-11-15 20:33:55','2013-11-15 20:33:55','barangay',NULL,NULL,NULL),(112,NULL,'2013-11-15 20:33:55','2013-11-15 20:33:55','barangay',NULL,NULL,NULL),(113,NULL,'2013-11-15 20:33:55','2013-11-15 20:33:55','barangay',NULL,NULL,NULL),(114,NULL,'2013-11-15 20:33:55','2013-11-15 20:33:55','barangay',NULL,NULL,NULL),(115,NULL,'2013-11-15 20:33:55','2013-11-15 20:33:55','barangay',NULL,NULL,NULL),(116,NULL,'2013-11-15 20:33:55','2013-11-15 20:33:55','barangay',NULL,NULL,NULL),(117,NULL,'2013-11-15 20:33:55','2013-11-15 20:33:55','barangay',NULL,NULL,NULL),(118,NULL,'2013-11-15 20:33:55','2013-11-15 20:33:55','barangay',NULL,NULL,NULL),(119,NULL,'2013-11-15 20:33:55','2013-11-15 20:33:55','barangay',NULL,NULL,NULL),(120,NULL,'2013-11-15 20:33:55','2013-11-15 20:33:55','barangay',NULL,NULL,NULL),(121,NULL,'2013-11-15 20:33:55','2013-11-15 20:33:55','barangay',NULL,NULL,NULL),(122,NULL,'2013-11-15 20:33:55','2013-11-15 20:33:55','barangay',NULL,NULL,NULL),(123,NULL,'2013-11-15 20:33:55','2013-11-15 20:33:55','barangay',NULL,NULL,NULL),(124,NULL,'2013-11-15 20:33:55','2013-11-15 20:33:55','barangay',NULL,NULL,NULL),(125,NULL,'2013-11-15 20:33:55','2013-11-15 20:33:55','barangay',NULL,NULL,NULL),(126,NULL,'2013-11-15 20:33:55','2013-11-15 20:33:55','barangay',NULL,NULL,NULL),(127,NULL,'2013-11-15 20:33:55','2013-11-15 20:33:55','barangay',NULL,NULL,NULL),(128,NULL,'2013-11-15 20:33:55','2013-11-15 20:33:55','barangay',NULL,NULL,NULL),(129,NULL,'2013-11-15 20:33:55','2013-11-15 20:33:55','barangay',NULL,NULL,NULL),(130,NULL,'2013-11-15 20:33:55','2013-11-15 20:33:55','barangay',NULL,NULL,NULL),(131,NULL,'2013-11-15 20:33:55','2013-11-15 20:33:55','barangay',NULL,NULL,NULL),(132,NULL,'2013-11-15 20:33:55','2013-11-15 20:33:55','barangay',NULL,NULL,NULL),(133,NULL,'2013-11-15 20:33:55','2013-11-15 20:33:55','barangay',NULL,NULL,NULL),(134,NULL,'2013-11-15 20:33:55','2013-11-15 20:33:55','barangay',NULL,NULL,NULL),(135,NULL,'2013-11-15 20:33:55','2013-11-15 20:33:55','barangay',NULL,NULL,NULL),(136,NULL,'2013-11-15 20:33:55','2013-11-15 20:33:55','barangay',NULL,NULL,NULL),(137,NULL,'2013-11-15 20:33:55','2013-11-15 20:33:55','barangay',NULL,NULL,NULL),(138,NULL,'2013-11-15 20:33:55','2013-11-15 20:33:55','barangay',NULL,NULL,NULL),(139,NULL,'2013-11-15 20:33:55','2013-11-15 20:33:55','barangay',NULL,NULL,NULL),(140,NULL,'2013-11-15 20:33:55','2013-11-15 20:33:55','barangay',NULL,NULL,NULL),(141,NULL,'2013-11-15 20:33:55','2013-11-15 20:33:55','barangay',NULL,NULL,NULL),(142,NULL,'2013-11-15 20:33:55','2013-11-15 20:33:55','barangay',NULL,NULL,NULL),(143,NULL,'2013-11-15 20:33:55','2013-11-15 20:33:55','barangay',NULL,NULL,NULL),(144,NULL,'2013-11-15 20:33:55','2013-11-15 20:33:55','barangay',NULL,NULL,NULL),(145,NULL,'2013-11-15 20:33:55','2013-11-15 20:33:55','barangay',NULL,NULL,NULL),(146,NULL,'2013-11-15 20:33:55','2013-11-15 20:33:55','barangay',NULL,NULL,NULL),(147,NULL,'2013-11-15 20:33:55','2013-11-15 20:33:55','barangay',NULL,NULL,NULL),(148,NULL,'2013-11-15 20:33:55','2013-11-15 20:33:55','barangay',NULL,NULL,NULL),(149,NULL,'2013-11-15 20:33:55','2013-11-15 20:33:55','barangay',NULL,NULL,NULL),(150,NULL,'2013-11-15 20:33:55','2013-11-15 20:33:55','barangay',NULL,NULL,NULL),(151,NULL,'2013-11-15 20:33:55','2013-11-15 20:33:55','barangay',NULL,NULL,NULL),(152,NULL,'2013-11-15 20:33:55','2013-11-15 20:33:55','barangay',NULL,NULL,NULL),(153,NULL,'2013-11-15 20:33:55','2013-11-15 20:33:55','barangay',NULL,NULL,NULL),(154,NULL,'2013-11-15 20:33:55','2013-11-15 20:33:55','barangay',NULL,NULL,NULL),(155,NULL,'2013-11-15 20:33:55','2013-11-15 20:33:55','barangay',NULL,NULL,NULL),(156,NULL,'2013-11-15 20:33:55','2013-11-15 20:33:55','barangay',NULL,NULL,NULL),(157,NULL,'2013-11-15 20:33:55','2013-11-15 20:33:55','barangay',NULL,NULL,NULL),(158,NULL,'2013-11-15 20:33:55','2013-11-15 20:33:55','barangay',NULL,NULL,NULL),(159,NULL,'2013-11-15 20:33:55','2013-11-15 20:33:55','barangay',NULL,NULL,NULL),(160,NULL,'2013-11-15 20:33:55','2013-11-15 20:33:55','barangay',NULL,NULL,NULL),(161,NULL,'2013-11-15 20:33:55','2013-11-15 20:33:55','barangay',NULL,NULL,NULL),(162,NULL,'2013-11-15 20:33:55','2013-11-15 20:33:55','barangay',NULL,NULL,NULL),(163,NULL,'2013-11-15 20:33:55','2013-11-15 20:33:55','barangay',NULL,NULL,NULL),(164,NULL,'2013-11-15 20:33:55','2013-11-15 20:33:55','barangay',NULL,NULL,NULL),(165,NULL,'2013-11-15 20:33:55','2013-11-15 20:33:55','barangay',NULL,NULL,NULL),(166,NULL,'2013-11-15 20:33:55','2013-11-15 20:33:55','barangay',NULL,NULL,NULL),(167,NULL,'2013-11-15 20:33:55','2013-11-15 20:33:55','barangay',NULL,NULL,NULL),(168,NULL,'2013-11-15 20:33:55','2013-11-15 20:33:55','barangay',NULL,NULL,NULL),(169,NULL,'2013-11-15 20:33:55','2013-11-15 20:33:55','barangay',NULL,NULL,NULL),(170,NULL,'2013-11-15 20:33:55','2013-11-15 20:33:55','barangay',NULL,NULL,NULL),(171,NULL,'2013-11-15 20:33:55','2013-11-15 20:33:55','barangay',NULL,NULL,NULL),(172,NULL,'2013-11-15 20:33:55','2013-11-15 20:33:55','barangay',NULL,NULL,NULL),(173,NULL,'2013-11-15 20:33:55','2013-11-15 20:33:55','barangay',NULL,NULL,NULL),(174,NULL,'2013-11-15 20:33:55','2013-11-15 20:33:55','barangay',NULL,NULL,NULL),(175,NULL,'2013-11-15 20:33:55','2013-11-15 20:33:55','barangay',NULL,NULL,NULL),(176,NULL,'2013-11-15 20:33:55','2013-11-15 20:33:55','barangay',NULL,NULL,NULL),(177,NULL,'2013-11-15 20:33:55','2013-11-15 20:33:55','barangay',NULL,NULL,NULL),(178,NULL,'2013-11-15 20:33:55','2013-11-15 20:33:55','barangay',NULL,NULL,NULL),(179,NULL,'2013-11-15 20:33:55','2013-11-15 20:33:55','barangay',NULL,NULL,NULL),(180,NULL,'2013-11-15 20:33:55','2013-11-15 20:33:55','barangay',NULL,NULL,NULL),(181,NULL,'2013-11-15 20:33:55','2013-11-15 20:33:55','barangay',NULL,NULL,NULL),(182,NULL,'2013-11-15 20:33:55','2013-11-15 20:33:55','barangay',NULL,NULL,NULL),(183,NULL,'2013-11-15 20:33:55','2013-11-15 20:33:55','barangay',NULL,NULL,NULL),(184,NULL,'2013-11-15 20:33:55','2013-11-15 20:33:55','barangay',NULL,NULL,NULL),(185,NULL,'2013-11-15 20:33:55','2013-11-15 20:33:55','barangay',NULL,NULL,NULL),(186,NULL,'2013-11-15 20:33:55','2013-11-15 20:33:55','barangay',NULL,NULL,NULL),(187,NULL,'2013-11-15 20:33:55','2013-11-15 20:33:55','barangay',NULL,NULL,NULL),(188,NULL,'2013-11-15 20:33:55','2013-11-15 20:33:55','barangay',NULL,NULL,NULL),(189,NULL,'2013-11-15 20:33:55','2013-11-15 20:33:55','barangay',NULL,NULL,NULL),(190,NULL,'2013-11-15 20:33:55','2013-11-15 20:33:55','barangay',NULL,NULL,NULL),(191,NULL,'2013-11-15 20:33:55','2013-11-15 20:33:55','barangay',NULL,NULL,NULL),(192,NULL,'2013-11-15 20:33:55','2013-11-15 20:33:55','barangay',NULL,NULL,NULL),(193,NULL,'2013-11-15 20:33:55','2013-11-15 20:33:55','barangay',NULL,NULL,NULL),(194,NULL,'2013-11-15 20:33:55','2013-11-15 20:33:55','barangay',NULL,NULL,NULL),(195,NULL,'2013-11-15 20:33:55','2013-11-15 20:33:55','barangay',NULL,NULL,NULL),(196,NULL,'2013-11-15 20:33:55','2013-11-15 20:33:55','barangay',NULL,NULL,NULL),(197,NULL,'2013-11-15 20:33:55','2013-11-15 20:33:55','barangay',NULL,NULL,NULL),(198,NULL,'2013-11-15 20:33:55','2013-11-15 20:33:55','barangay',NULL,NULL,NULL),(199,NULL,'2013-11-15 20:33:55','2013-11-15 20:33:55','barangay',NULL,NULL,NULL),(200,NULL,'2013-11-15 20:33:55','2013-11-15 20:33:55','barangay',NULL,NULL,NULL),(201,NULL,'2013-11-15 20:33:55','2013-11-15 20:33:55','barangay',NULL,NULL,NULL),(202,NULL,'2013-11-15 20:33:55','2013-11-15 20:33:55','barangay',NULL,NULL,NULL),(203,NULL,'2013-11-15 20:33:55','2013-11-15 20:33:55','barangay',NULL,NULL,NULL),(204,NULL,'2013-11-15 20:33:55','2013-11-15 20:33:55','barangay',NULL,NULL,NULL),(205,NULL,'2013-11-15 20:33:55','2013-11-15 20:33:55','barangay',NULL,NULL,NULL),(206,NULL,'2013-11-15 20:33:55','2013-11-15 20:33:55','barangay',NULL,NULL,NULL),(207,NULL,'2013-11-15 20:33:55','2013-11-15 20:33:55','barangay',NULL,NULL,NULL),(208,NULL,'2013-11-15 20:33:55','2013-11-15 20:33:55','barangay',NULL,NULL,NULL),(209,NULL,'2013-11-15 20:33:55','2013-11-15 20:33:55','barangay',NULL,NULL,NULL),(210,NULL,'2013-11-15 20:33:55','2013-11-15 20:33:55','barangay',NULL,NULL,NULL),(211,NULL,'2013-11-15 20:33:55','2013-11-15 20:33:55','barangay',NULL,NULL,NULL),(212,NULL,'2013-11-15 20:33:55','2013-11-15 20:33:55','barangay',NULL,NULL,NULL),(213,NULL,'2013-11-15 20:33:55','2013-11-15 20:33:55','barangay',NULL,NULL,NULL),(214,NULL,'2013-11-15 20:33:55','2013-11-15 20:33:55','barangay',NULL,NULL,NULL),(215,NULL,'2013-11-15 20:33:55','2013-11-15 20:33:55','barangay',NULL,NULL,NULL),(216,NULL,'2013-11-15 20:33:55','2013-11-15 20:33:55','barangay',NULL,NULL,NULL),(217,NULL,'2013-11-15 20:33:55','2013-11-15 20:33:55','barangay',NULL,NULL,NULL),(218,NULL,'2013-11-15 20:33:55','2013-11-15 20:33:55','barangay',NULL,NULL,NULL),(219,NULL,'2013-11-15 20:33:55','2013-11-15 20:33:55','barangay',NULL,NULL,NULL),(220,NULL,'2013-11-15 20:33:55','2013-11-15 20:33:55','barangay',NULL,NULL,NULL),(221,NULL,'2013-11-15 20:33:55','2013-11-15 20:33:55','barangay',NULL,NULL,NULL),(222,NULL,'2013-11-15 20:33:55','2013-11-15 20:33:55','barangay',NULL,NULL,NULL),(223,NULL,'2013-11-15 20:33:55','2013-11-15 20:33:55','barangay',NULL,NULL,NULL),(224,NULL,'2013-11-15 20:33:55','2013-11-15 20:33:55','barangay',NULL,NULL,NULL),(225,NULL,'2013-11-15 20:33:55','2013-11-15 20:33:55','barangay',NULL,NULL,NULL),(226,NULL,'2013-11-15 20:33:55','2013-11-15 20:33:55','barangay',NULL,NULL,NULL),(227,NULL,'2013-11-15 20:33:55','2013-11-15 20:33:55','barangay',NULL,NULL,NULL),(228,NULL,'2013-11-15 20:33:55','2013-11-15 20:33:55','barangay',NULL,NULL,NULL),(229,NULL,'2013-11-15 20:33:55','2013-11-15 20:33:55','barangay',NULL,NULL,NULL),(230,NULL,'2013-11-15 20:33:55','2013-11-15 20:33:55','barangay',NULL,NULL,NULL),(231,NULL,'2013-11-15 20:33:55','2013-11-15 20:33:55','barangay',NULL,NULL,NULL),(232,NULL,'2013-11-15 20:33:55','2013-11-15 20:33:55','barangay',NULL,NULL,NULL),(233,NULL,'2013-11-15 20:33:55','2013-11-15 20:33:55','barangay',NULL,NULL,NULL),(234,NULL,'2013-11-15 20:33:55','2013-11-15 20:33:55','barangay',NULL,NULL,NULL),(235,NULL,'2013-11-15 20:33:55','2013-11-15 20:33:55','barangay',NULL,NULL,NULL),(236,NULL,'2013-11-15 20:33:55','2013-11-15 20:33:55','barangay',NULL,NULL,NULL),(237,NULL,'2013-11-15 20:33:55','2013-11-15 20:33:55','barangay',NULL,NULL,NULL),(238,NULL,'2013-11-15 20:33:55','2013-11-15 20:33:55','barangay',NULL,NULL,NULL),(239,NULL,'2013-11-15 20:33:55','2013-11-15 20:33:55','barangay',NULL,NULL,NULL),(240,NULL,'2013-11-15 20:33:55','2013-11-15 20:33:55','barangay',NULL,NULL,NULL),(241,NULL,'2013-11-15 20:33:55','2013-11-15 20:33:55','barangay',NULL,NULL,NULL),(242,NULL,'2013-11-15 20:33:55','2013-11-15 20:33:55','barangay',NULL,NULL,NULL),(243,NULL,'2013-11-15 20:33:55','2013-11-15 20:33:55','barangay',NULL,NULL,NULL),(244,NULL,'2013-11-15 20:33:55','2013-11-15 20:33:55','barangay',NULL,NULL,NULL),(245,NULL,'2013-11-15 20:33:55','2013-11-15 20:33:55','barangay',NULL,NULL,NULL),(246,NULL,'2013-11-15 20:33:55','2013-11-15 20:33:55','barangay',NULL,NULL,NULL),(247,NULL,'2013-11-15 20:33:55','2013-11-15 20:33:55','barangay',NULL,NULL,NULL),(248,NULL,'2013-11-15 20:33:55','2013-11-15 20:33:55','barangay',NULL,NULL,NULL),(249,NULL,'2013-11-15 20:33:55','2013-11-15 20:33:55','barangay',NULL,NULL,NULL),(250,NULL,'2013-11-15 20:33:55','2013-11-15 20:33:55','barangay',NULL,NULL,NULL),(251,NULL,'2013-11-15 20:33:55','2013-11-15 20:33:55','barangay',NULL,NULL,NULL),(252,NULL,'2013-11-15 20:33:55','2013-11-15 20:33:55','barangay',NULL,NULL,NULL),(253,NULL,'2013-11-15 20:33:55','2013-11-15 20:33:55','barangay',NULL,NULL,NULL),(254,NULL,'2013-11-15 20:33:55','2013-11-15 20:33:55','barangay',NULL,NULL,NULL),(255,NULL,'2013-11-15 20:33:55','2013-11-15 20:33:55','barangay',NULL,NULL,NULL),(256,NULL,'2013-11-15 20:33:55','2013-11-15 20:33:55','barangay',NULL,NULL,NULL),(257,NULL,'2013-11-15 20:33:55','2013-11-15 20:33:55','barangay',NULL,NULL,NULL),(258,NULL,'2013-11-15 20:33:55','2013-11-15 20:33:55','barangay',NULL,NULL,NULL),(259,NULL,'2013-11-15 20:33:55','2013-11-15 20:33:55','barangay',NULL,NULL,NULL),(260,NULL,'2013-11-15 20:33:55','2013-11-15 20:33:55','barangay',NULL,NULL,NULL),(261,NULL,'2013-11-15 20:33:55','2013-11-15 20:33:55','barangay',NULL,NULL,NULL),(262,NULL,'2013-11-15 20:33:55','2013-11-15 20:33:55','barangay',NULL,NULL,NULL),(263,NULL,'2013-11-15 20:33:55','2013-11-15 20:33:55','barangay',NULL,NULL,NULL),(264,NULL,'2013-11-15 20:33:55','2013-11-15 20:33:55','barangay',NULL,NULL,NULL),(265,NULL,'2013-11-15 20:33:55','2013-11-15 20:33:55','barangay',NULL,NULL,NULL),(266,NULL,'2013-11-15 20:33:55','2013-11-15 20:33:55','barangay',NULL,NULL,NULL),(267,NULL,'2013-11-15 20:33:55','2013-11-15 20:33:55','barangay',NULL,NULL,NULL),(268,NULL,'2013-11-15 20:33:55','2013-11-15 20:33:55','barangay',NULL,NULL,NULL),(269,NULL,'2013-11-15 20:33:55','2013-11-15 20:33:55','barangay',NULL,NULL,NULL),(270,NULL,'2013-11-15 20:33:55','2013-11-15 20:33:55','barangay',NULL,NULL,NULL),(271,NULL,'2013-11-15 20:33:55','2013-11-15 20:33:55','barangay',NULL,NULL,NULL),(272,NULL,'2013-11-15 20:33:55','2013-11-15 20:33:55','barangay',NULL,NULL,NULL),(273,NULL,'2013-11-15 20:33:55','2013-11-15 20:33:55','barangay',NULL,NULL,NULL),(295,NULL,'2013-11-15 23:56:05','2013-11-15 23:56:05','municipality',NULL,NULL,NULL),(296,NULL,'2013-11-15 23:56:05','2013-11-15 23:56:05','municipality',NULL,NULL,NULL),(297,NULL,'2013-11-15 23:56:05','2013-11-15 23:56:05','municipality',NULL,NULL,NULL),(298,NULL,'2013-11-15 23:56:05','2013-11-15 23:56:05','municipality',NULL,NULL,NULL),(299,NULL,'2013-11-15 23:56:05','2013-11-15 23:56:05','municipality',NULL,NULL,NULL),(300,NULL,'2013-11-15 23:56:05','2013-11-15 23:56:05','municipality',NULL,NULL,NULL),(301,NULL,'2013-11-15 23:56:05','2013-11-15 23:56:05','municipality',NULL,NULL,NULL),(302,NULL,'2013-11-15 23:56:05','2013-11-15 23:56:05','municipality',NULL,NULL,NULL),(303,NULL,'2013-11-15 23:56:05','2013-11-15 23:56:05','municipality',NULL,NULL,NULL),(304,NULL,'2013-11-15 23:56:05','2013-11-15 23:56:05','municipality',NULL,NULL,NULL),(305,NULL,'2013-11-15 23:56:05','2013-11-15 23:56:05','municipality',NULL,NULL,NULL),(306,NULL,'2013-11-15 23:56:05','2013-11-15 23:56:05','municipality',NULL,NULL,NULL),(307,NULL,'2013-11-15 23:56:05','2013-11-15 23:56:05','municipality',NULL,NULL,NULL),(308,NULL,'2013-11-15 23:56:05','2013-11-15 23:56:05','municipality',NULL,NULL,NULL),(309,NULL,'2013-11-15 23:56:05','2013-11-15 23:56:05','municipality',NULL,NULL,NULL),(310,NULL,'2013-11-15 23:56:05','2013-11-15 23:56:05','municipality',NULL,NULL,NULL),(311,NULL,'2013-11-15 23:56:05','2013-11-15 23:56:05','municipality',NULL,NULL,NULL),(312,NULL,'2013-11-15 23:56:05','2013-11-15 23:56:05','municipality',NULL,NULL,NULL),(313,NULL,'2013-11-15 23:56:05','2013-11-15 23:56:05','municipality',NULL,NULL,NULL),(314,NULL,'2013-11-15 23:56:05','2013-11-15 23:56:05','municipality',NULL,NULL,NULL),(315,NULL,'2013-11-15 23:56:05','2013-11-15 23:56:05','municipality',NULL,NULL,NULL),(316,NULL,'2013-11-15 23:56:05','2013-11-15 23:56:05','municipality',NULL,NULL,NULL),(317,NULL,'2013-11-15 23:56:05','2013-11-15 23:56:05','municipality',NULL,NULL,NULL),(318,NULL,'2013-11-15 23:56:05','2013-11-15 23:56:05','municipality',NULL,NULL,NULL),(319,NULL,'2013-11-15 23:56:05','2013-11-15 23:56:05','municipality',NULL,NULL,NULL),(320,NULL,'2013-11-15 23:56:05','2013-11-15 23:56:05','municipality',NULL,NULL,NULL),(321,NULL,'2013-11-15 23:56:05','2013-11-15 23:56:05','municipality',NULL,NULL,NULL),(322,NULL,'2013-11-15 23:56:05','2013-11-15 23:56:05','municipality',NULL,NULL,NULL),(323,NULL,'2013-11-15 23:56:05','2013-11-15 23:56:05','municipality',NULL,NULL,NULL),(324,NULL,'2013-11-15 23:56:05','2013-11-15 23:56:05','municipality',NULL,NULL,NULL),(325,NULL,'2013-11-15 23:56:05','2013-11-15 23:56:05','municipality',NULL,NULL,NULL),(326,NULL,'2013-11-15 23:56:05','2013-11-15 23:56:05','municipality',NULL,NULL,NULL),(327,NULL,'2013-11-15 23:56:05','2013-11-15 23:56:05','municipality',NULL,NULL,NULL),(328,NULL,'2013-11-15 23:56:05','2013-11-15 23:56:05','municipality',NULL,NULL,NULL),(329,NULL,'2013-11-15 23:56:05','2013-11-15 23:56:05','municipality',NULL,NULL,NULL),(330,NULL,'2013-11-15 23:56:05','2013-11-15 23:56:05','municipality',NULL,NULL,NULL),(331,NULL,'2013-11-15 23:56:05','2013-11-15 23:56:05','municipality',NULL,NULL,NULL),(332,NULL,'2013-11-15 23:56:05','2013-11-15 23:56:05','municipality',NULL,NULL,NULL),(333,NULL,'2013-11-15 23:56:05','2013-11-15 23:56:05','municipality',NULL,NULL,NULL),(334,NULL,'2013-11-15 23:56:05','2013-11-15 23:56:05','municipality',NULL,NULL,NULL),(335,NULL,'2013-11-15 23:56:05','2013-11-15 23:56:05','municipality',NULL,NULL,NULL),(336,NULL,'2013-11-15 23:56:05','2013-11-15 23:56:05','municipality',NULL,NULL,NULL),(337,NULL,'2013-11-15 23:56:05','2013-11-15 23:56:05','municipality',NULL,NULL,NULL),(338,NULL,'2013-11-15 23:56:05','2013-11-15 23:56:05','municipality',NULL,NULL,NULL),(339,NULL,'2013-11-15 23:56:05','2013-11-15 23:56:05','municipality',NULL,NULL,NULL),(340,NULL,'2013-11-15 23:56:05','2013-11-15 23:56:05','municipality',NULL,NULL,NULL),(341,NULL,'2013-11-15 23:56:05','2013-11-15 23:56:05','municipality',NULL,NULL,NULL),(342,NULL,'2013-11-15 23:56:05','2013-11-15 23:56:05','municipality',NULL,NULL,NULL),(343,NULL,'2013-11-15 23:56:05','2013-11-15 23:56:05','municipality',NULL,NULL,NULL),(344,NULL,'2013-11-15 23:56:05','2013-11-15 23:56:05','municipality',NULL,NULL,NULL),(345,NULL,'2013-11-15 23:56:05','2013-11-15 23:56:05','municipality',NULL,NULL,NULL),(346,NULL,'2013-11-15 23:56:05','2013-11-15 23:56:05','municipality',NULL,NULL,NULL),(347,NULL,'2013-11-15 23:56:05','2013-11-15 23:56:05','municipality',NULL,NULL,NULL),(348,NULL,'2013-11-15 23:56:05','2013-11-15 23:56:05','municipality',NULL,NULL,NULL),(349,NULL,'2013-11-15 23:56:05','2013-11-15 23:56:05','municipality',NULL,NULL,NULL),(350,NULL,'2013-11-15 23:56:05','2013-11-15 23:56:05','municipality',NULL,NULL,NULL),(351,NULL,'2013-11-15 23:56:05','2013-11-15 23:56:05','municipality',NULL,NULL,NULL),(352,NULL,'2013-11-15 23:56:05','2013-11-15 23:56:05','municipality',NULL,NULL,NULL),(353,NULL,'2013-11-15 23:56:05','2013-11-15 23:56:05','municipality',NULL,NULL,NULL),(354,NULL,'2013-11-15 23:56:05','2013-11-15 23:56:05','municipality',NULL,NULL,NULL),(355,NULL,'2013-11-15 23:56:05','2013-11-15 23:56:05','municipality',NULL,NULL,NULL),(356,NULL,'2013-11-15 23:56:05','2013-11-15 23:56:05','municipality',NULL,NULL,NULL),(357,NULL,'2013-11-15 23:56:05','2013-11-15 23:56:05','municipality',NULL,NULL,NULL),(358,NULL,'2013-11-15 23:56:05','2013-11-15 23:56:05','municipality',NULL,NULL,NULL),(359,NULL,'2013-11-15 23:56:05','2013-11-15 23:56:05','municipality',NULL,NULL,NULL),(360,NULL,'2013-11-15 23:56:05','2013-11-15 23:56:05','municipality',NULL,NULL,NULL),(361,NULL,'2013-11-15 23:56:05','2013-11-15 23:56:05','municipality',NULL,NULL,NULL),(362,NULL,'2013-11-15 23:56:05','2013-11-15 23:56:05','municipality',NULL,NULL,NULL),(363,NULL,'2013-11-15 23:56:05','2013-11-15 23:56:05','municipality',NULL,NULL,NULL),(364,NULL,'2013-11-15 23:56:05','2013-11-15 23:56:05','municipality',NULL,NULL,NULL),(365,NULL,'2013-11-15 23:56:05','2013-11-15 23:56:05','municipality',NULL,NULL,NULL),(366,NULL,'2013-11-15 23:56:05','2013-11-15 23:56:05','municipality',NULL,NULL,NULL),(367,NULL,'2013-11-15 23:56:05','2013-11-15 23:56:05','municipality',NULL,NULL,NULL),(368,NULL,'2013-11-15 23:56:05','2013-11-15 23:56:05','municipality',NULL,NULL,NULL),(369,NULL,'2013-11-15 23:56:05','2013-11-15 23:56:05','municipality',NULL,NULL,NULL),(370,NULL,'2013-11-15 23:56:05','2013-11-15 23:56:05','municipality',NULL,NULL,NULL),(371,NULL,'2013-11-15 23:56:05','2013-11-15 23:56:05','municipality',NULL,NULL,NULL),(372,NULL,'2013-11-15 23:56:05','2013-11-15 23:56:05','municipality',NULL,NULL,NULL),(373,NULL,'2013-11-15 23:56:05','2013-11-15 23:56:05','municipality',NULL,NULL,NULL),(374,NULL,'2013-11-15 23:56:05','2013-11-15 23:56:05','municipality',NULL,NULL,NULL),(375,NULL,'2013-11-15 23:56:05','2013-11-15 23:56:05','municipality',NULL,NULL,NULL),(376,NULL,'2013-11-15 23:56:05','2013-11-15 23:56:05','municipality',NULL,NULL,NULL),(377,NULL,'2013-11-15 23:56:05','2013-11-15 23:56:05','municipality',NULL,NULL,NULL),(378,NULL,'2013-11-15 23:56:05','2013-11-15 23:56:05','municipality',NULL,NULL,NULL),(379,NULL,'2013-11-15 23:56:05','2013-11-15 23:56:05','municipality',NULL,NULL,NULL),(380,NULL,'2013-11-15 23:56:05','2013-11-15 23:56:05','municipality',NULL,NULL,NULL),(381,NULL,'2013-11-15 23:56:05','2013-11-15 23:56:05','municipality',NULL,NULL,NULL),(382,NULL,'2013-11-15 23:56:05','2013-11-15 23:56:05','municipality',NULL,NULL,NULL),(383,NULL,'2013-11-15 23:56:05','2013-11-15 23:56:05','municipality',NULL,NULL,NULL),(384,NULL,'2013-11-15 23:56:05','2013-11-15 23:56:05','municipality',NULL,NULL,NULL),(385,NULL,'2013-11-15 23:56:05','2013-11-15 23:56:05','municipality',NULL,NULL,NULL),(386,NULL,'2013-11-15 23:56:05','2013-11-15 23:56:05','municipality',NULL,NULL,NULL),(387,NULL,'2013-11-15 23:56:05','2013-11-15 23:56:05','municipality',NULL,NULL,NULL),(388,NULL,'2013-11-15 23:56:05','2013-11-15 23:56:05','municipality',NULL,NULL,NULL),(389,NULL,'2013-11-15 23:56:05','2013-11-15 23:56:05','municipality',NULL,NULL,NULL),(390,NULL,'2013-11-15 23:56:05','2013-11-15 23:56:05','municipality',NULL,NULL,NULL),(391,NULL,'2013-11-15 23:56:05','2013-11-15 23:56:05','municipality',NULL,NULL,NULL),(392,NULL,'2013-11-15 23:56:05','2013-11-15 23:56:05','municipality',NULL,NULL,NULL),(393,NULL,'2013-11-15 23:56:05','2013-11-15 23:56:05','municipality',NULL,NULL,NULL),(394,NULL,'2013-11-15 23:56:05','2013-11-15 23:56:05','municipality',NULL,NULL,NULL),(395,NULL,'2013-11-15 23:56:05','2013-11-15 23:56:05','municipality',NULL,NULL,NULL),(396,NULL,'2013-11-15 23:56:05','2013-11-15 23:56:05','municipality',NULL,NULL,NULL),(397,NULL,'2013-11-15 23:56:05','2013-11-15 23:56:05','municipality',NULL,NULL,NULL),(398,NULL,'2013-11-15 23:56:05','2013-11-15 23:56:05','municipality',NULL,NULL,NULL),(399,NULL,'2013-11-15 23:56:05','2013-11-15 23:56:05','municipality',NULL,NULL,NULL),(400,NULL,'2013-11-15 23:56:05','2013-11-15 23:56:05','municipality',NULL,NULL,NULL),(401,NULL,'2013-11-15 23:56:05','2013-11-15 23:56:05','municipality',NULL,NULL,NULL),(402,NULL,'2013-11-15 23:56:05','2013-11-15 23:56:05','municipality',NULL,NULL,NULL),(403,NULL,'2013-11-15 23:56:05','2013-11-15 23:56:05','municipality',NULL,NULL,NULL),(404,NULL,'2013-11-15 23:56:05','2013-11-15 23:56:05','municipality',NULL,NULL,NULL),(405,NULL,'2013-11-15 23:56:05','2013-11-15 23:56:05','municipality',NULL,NULL,NULL),(406,NULL,'2013-11-15 23:56:05','2013-11-15 23:56:05','municipality',NULL,NULL,NULL),(407,NULL,'2013-11-15 23:56:05','2013-11-15 23:56:05','municipality',NULL,NULL,NULL),(408,NULL,'2013-11-15 23:56:05','2013-11-15 23:56:05','municipality',NULL,NULL,NULL),(409,NULL,'2013-11-15 23:56:05','2013-11-15 23:56:05','municipality',NULL,NULL,NULL),(410,NULL,'2013-11-15 23:56:05','2013-11-15 23:56:05','municipality',NULL,NULL,NULL),(411,NULL,'2013-11-15 23:56:05','2013-11-15 23:56:05','municipality',NULL,NULL,NULL),(412,NULL,'2013-11-15 23:56:05','2013-11-15 23:56:05','municipality',NULL,NULL,NULL),(413,NULL,'2013-11-15 23:56:05','2013-11-15 23:56:05','municipality',NULL,NULL,NULL),(414,NULL,'2013-11-15 23:56:05','2013-11-15 23:56:05','municipality',NULL,NULL,NULL),(415,NULL,'2013-11-15 23:56:05','2013-11-15 23:56:05','municipality',NULL,NULL,NULL),(416,NULL,'2013-11-15 23:56:05','2013-11-15 23:56:05','municipality',NULL,NULL,NULL),(417,NULL,'2013-11-15 23:56:05','2013-11-15 23:56:05','municipality',NULL,NULL,NULL),(418,NULL,'2013-11-15 23:56:05','2013-11-15 23:56:05','municipality',NULL,NULL,NULL),(419,NULL,'2013-11-15 23:56:05','2013-11-15 23:56:05','municipality',NULL,NULL,NULL),(420,NULL,'2013-11-15 23:56:05','2013-11-15 23:56:05','municipality',NULL,NULL,NULL),(421,NULL,'2013-11-15 23:56:05','2013-11-15 23:56:05','municipality',NULL,NULL,NULL),(422,NULL,'2013-11-15 23:56:05','2013-11-15 23:56:05','municipality',NULL,NULL,NULL),(423,NULL,'2013-11-15 23:56:05','2013-11-15 23:56:05','municipality',NULL,NULL,NULL),(424,NULL,'2013-11-15 23:56:05','2013-11-15 23:56:05','municipality',NULL,NULL,NULL),(425,NULL,'2013-11-15 23:56:05','2013-11-15 23:56:05','municipality',NULL,NULL,NULL),(426,NULL,'2013-11-15 23:56:05','2013-11-15 23:56:05','municipality',NULL,NULL,NULL),(427,NULL,'2013-11-15 23:56:05','2013-11-15 23:56:05','municipality',NULL,NULL,NULL),(428,NULL,'2013-11-15 23:56:05','2013-11-15 23:56:05','municipality',NULL,NULL,NULL),(429,NULL,'2013-11-15 23:56:05','2013-11-15 23:56:05','municipality',NULL,NULL,NULL),(430,NULL,'2013-11-15 23:56:05','2013-11-15 23:56:05','municipality',NULL,NULL,NULL),(431,NULL,'2013-11-15 23:56:05','2013-11-15 23:56:05','municipality',NULL,NULL,NULL),(432,NULL,'2013-11-15 23:56:05','2013-11-15 23:56:05','municipality',NULL,NULL,NULL),(433,NULL,'2013-11-15 23:56:05','2013-11-15 23:56:05','municipality',NULL,NULL,NULL),(434,NULL,'2013-11-15 23:56:05','2013-11-15 23:56:05','municipality',NULL,NULL,NULL),(435,NULL,'2013-11-15 23:56:05','2013-11-15 23:56:05','municipality',NULL,NULL,NULL),(436,NULL,'2013-11-15 23:56:05','2013-11-15 23:56:05','municipality',NULL,NULL,NULL),(437,NULL,'2013-11-15 23:56:05','2013-11-15 23:56:05','municipality',NULL,NULL,NULL),(438,NULL,'2013-11-15 23:56:05','2013-11-15 23:56:05','municipality',NULL,NULL,NULL),(439,NULL,'2013-11-15 23:56:05','2013-11-15 23:56:05','municipality',NULL,NULL,NULL),(440,NULL,'2013-11-15 23:56:05','2013-11-15 23:56:05','municipality',NULL,NULL,NULL),(441,NULL,'2013-11-15 23:56:05','2013-11-15 23:56:05','municipality',NULL,NULL,NULL),(442,NULL,'2013-11-15 23:56:05','2013-11-15 23:56:05','municipality',NULL,NULL,NULL),(443,NULL,'2013-11-15 23:56:05','2013-11-15 23:56:05','municipality',NULL,NULL,NULL),(444,NULL,'2013-11-15 23:56:05','2013-11-15 23:56:05','municipality',NULL,NULL,NULL),(445,NULL,'2013-11-15 23:56:05','2013-11-15 23:56:05','municipality',NULL,NULL,NULL),(446,NULL,'2013-11-15 23:56:05','2013-11-15 23:56:05','municipality',NULL,NULL,NULL),(447,NULL,'2013-11-15 23:56:05','2013-11-15 23:56:05','municipality',NULL,NULL,NULL),(448,NULL,'2013-11-15 23:56:05','2013-11-15 23:56:05','municipality',NULL,NULL,NULL),(449,NULL,'2013-11-15 23:56:05','2013-11-15 23:56:05','municipality',NULL,NULL,NULL),(450,NULL,'2013-11-15 23:56:05','2013-11-15 23:56:05','municipality',NULL,NULL,NULL),(451,NULL,'2013-11-15 23:56:05','2013-11-15 23:56:05','municipality',NULL,NULL,NULL),(452,NULL,'2013-11-15 23:56:05','2013-11-15 23:56:05','municipality',NULL,NULL,NULL),(453,NULL,'2013-11-15 23:56:05','2013-11-15 23:56:05','municipality',NULL,NULL,NULL),(454,NULL,'2013-11-15 23:56:05','2013-11-15 23:56:05','municipality',NULL,NULL,NULL),(455,NULL,'2013-11-15 23:56:05','2013-11-15 23:56:05','municipality',NULL,NULL,NULL),(456,NULL,'2013-11-15 23:56:05','2013-11-15 23:56:05','municipality',NULL,NULL,NULL),(457,NULL,'2013-11-15 23:56:05','2013-11-15 23:56:05','municipality',NULL,NULL,NULL),(458,NULL,'2013-11-15 23:56:05','2013-11-15 23:56:05','municipality',NULL,NULL,NULL),(459,NULL,'2013-11-15 23:56:05','2013-11-15 23:56:05','municipality',NULL,NULL,NULL),(460,NULL,'2013-11-15 23:56:05','2013-11-15 23:56:05','municipality',NULL,NULL,NULL),(461,NULL,'2013-11-15 23:56:05','2013-11-15 23:56:05','municipality',NULL,NULL,NULL),(462,NULL,'2013-11-15 23:56:05','2013-11-15 23:56:05','municipality',NULL,NULL,NULL),(463,NULL,'2013-11-15 23:56:05','2013-11-15 23:56:05','municipality',NULL,NULL,NULL),(464,NULL,'2013-11-15 23:56:05','2013-11-15 23:56:05','municipality',NULL,NULL,NULL),(465,NULL,'2013-11-15 23:56:05','2013-11-15 23:56:05','municipality',NULL,NULL,NULL),(466,NULL,'2013-11-15 23:56:05','2013-11-15 23:56:05','municipality',NULL,NULL,NULL),(467,NULL,'2013-11-15 23:56:05','2013-11-15 23:56:05','municipality',NULL,NULL,NULL),(468,NULL,'2013-11-15 23:56:05','2013-11-15 23:56:05','municipality',NULL,NULL,NULL),(469,NULL,'2013-11-15 23:56:05','2013-11-15 23:56:05','municipality',NULL,NULL,NULL),(470,NULL,'2013-11-15 23:56:05','2013-11-15 23:56:05','municipality',NULL,NULL,NULL),(471,NULL,'2013-11-15 23:56:05','2013-11-15 23:56:05','municipality',NULL,NULL,NULL),(472,NULL,'2013-11-15 23:56:05','2013-11-15 23:56:05','municipality',NULL,NULL,NULL),(473,NULL,'2013-11-15 23:56:05','2013-11-15 23:56:05','municipality',NULL,NULL,NULL),(474,NULL,'2013-11-15 23:56:05','2013-11-15 23:56:05','municipality',NULL,NULL,NULL),(475,NULL,'2013-11-15 23:56:05','2013-11-15 23:56:05','municipality',NULL,NULL,NULL),(476,NULL,'2013-11-15 23:56:05','2013-11-15 23:56:05','municipality',NULL,NULL,NULL),(477,NULL,'2013-11-15 23:56:05','2013-11-15 23:56:05','municipality',NULL,NULL,NULL),(478,NULL,'2013-11-15 23:56:05','2013-11-15 23:56:05','municipality',NULL,NULL,NULL),(479,NULL,'2013-11-15 23:56:05','2013-11-15 23:56:05','municipality',NULL,NULL,NULL),(480,NULL,'2013-11-15 23:56:05','2013-11-15 23:56:05','municipality',NULL,NULL,NULL),(481,NULL,'2013-11-15 23:56:05','2013-11-15 23:56:05','municipality',NULL,NULL,NULL),(482,NULL,'2013-11-15 23:56:05','2013-11-15 23:56:05','municipality',NULL,NULL,NULL),(483,NULL,'2013-11-15 23:56:05','2013-11-15 23:56:05','municipality',NULL,NULL,NULL),(484,NULL,'2013-11-15 23:56:05','2013-11-15 23:56:05','municipality',NULL,NULL,NULL),(485,NULL,'2013-11-15 23:56:05','2013-11-15 23:56:05','municipality',NULL,NULL,NULL),(486,NULL,'2013-11-15 23:56:05','2013-11-15 23:56:05','municipality',NULL,NULL,NULL),(487,NULL,'2013-11-15 23:56:05','2013-11-15 23:56:05','municipality',NULL,NULL,NULL),(488,NULL,'2013-11-15 23:56:05','2013-11-15 23:56:05','municipality',NULL,NULL,NULL),(489,NULL,'2013-11-15 23:56:05','2013-11-15 23:56:05','municipality',NULL,NULL,NULL),(490,NULL,'2013-11-15 23:56:05','2013-11-15 23:56:05','municipality',NULL,NULL,NULL),(491,NULL,'2013-11-15 23:56:05','2013-11-15 23:56:05','municipality',NULL,NULL,NULL),(492,NULL,'2013-11-15 23:56:05','2013-11-15 23:56:05','municipality',NULL,NULL,NULL),(493,NULL,'2013-11-15 23:56:05','2013-11-15 23:56:05','municipality',NULL,NULL,NULL),(494,NULL,'2013-11-15 23:56:05','2013-11-15 23:56:05','municipality',NULL,NULL,NULL),(495,NULL,'2013-11-15 23:56:05','2013-11-15 23:56:05','municipality',NULL,NULL,NULL),(496,NULL,'2013-11-15 23:56:05','2013-11-15 23:56:05','municipality',NULL,NULL,NULL),(497,NULL,'2013-11-15 23:56:05','2013-11-15 23:56:05','municipality',NULL,NULL,NULL),(498,NULL,'2013-11-15 23:56:05','2013-11-15 23:56:05','municipality',NULL,NULL,NULL),(499,NULL,'2013-11-15 23:56:05','2013-11-15 23:56:05','municipality',NULL,NULL,NULL),(500,NULL,'2013-11-15 23:56:05','2013-11-15 23:56:05','municipality',NULL,NULL,NULL),(501,NULL,'2013-11-15 23:56:05','2013-11-15 23:56:05','municipality',NULL,NULL,NULL),(502,NULL,'2013-11-15 23:56:05','2013-11-15 23:56:05','municipality',NULL,NULL,NULL),(503,NULL,'2013-11-15 23:56:05','2013-11-15 23:56:05','municipality',NULL,NULL,NULL),(504,NULL,'2013-11-15 23:56:05','2013-11-15 23:56:05','municipality',NULL,NULL,NULL),(505,NULL,'2013-11-15 23:56:05','2013-11-15 23:56:05','municipality',NULL,NULL,NULL),(506,NULL,'2013-11-15 23:56:05','2013-11-15 23:56:05','municipality',NULL,NULL,NULL),(507,NULL,'2013-11-15 23:56:05','2013-11-15 23:56:05','municipality',NULL,NULL,NULL),(508,NULL,'2013-11-15 23:56:05','2013-11-15 23:56:05','municipality',NULL,NULL,NULL),(509,NULL,'2013-11-15 23:56:05','2013-11-15 23:56:05','municipality',NULL,NULL,NULL),(510,NULL,'2013-11-15 23:56:05','2013-11-15 23:56:05','municipality',NULL,NULL,NULL),(511,NULL,'2013-11-15 23:56:05','2013-11-15 23:56:05','municipality',NULL,NULL,NULL),(512,NULL,'2013-11-15 23:56:05','2013-11-15 23:56:05','municipality',NULL,NULL,NULL),(513,NULL,'2013-11-15 23:56:05','2013-11-15 23:56:05','municipality',NULL,NULL,NULL),(514,NULL,'2013-11-15 23:56:05','2013-11-15 23:56:05','municipality',NULL,NULL,NULL),(515,NULL,'2013-11-15 23:56:05','2013-11-15 23:56:05','municipality',NULL,NULL,NULL),(516,NULL,'2013-11-15 23:56:05','2013-11-15 23:56:05','municipality',NULL,NULL,NULL),(517,NULL,'2013-11-15 23:56:05','2013-11-15 23:56:05','municipality',NULL,NULL,NULL),(518,NULL,'2013-11-15 23:56:05','2013-11-15 23:56:05','municipality',NULL,NULL,NULL),(519,NULL,'2013-11-15 23:56:05','2013-11-15 23:56:05','municipality',NULL,NULL,NULL),(520,NULL,'2013-11-15 23:56:05','2013-11-15 23:56:05','municipality',NULL,NULL,NULL),(521,NULL,'2013-11-15 23:56:05','2013-11-15 23:56:05','municipality',NULL,NULL,NULL),(522,NULL,'2013-11-15 23:56:05','2013-11-15 23:56:05','municipality',NULL,NULL,NULL),(523,NULL,'2013-11-15 23:56:05','2013-11-15 23:56:05','municipality',NULL,NULL,NULL),(524,NULL,'2013-11-15 23:56:05','2013-11-15 23:56:05','municipality',NULL,NULL,NULL),(525,NULL,'2013-11-15 23:56:05','2013-11-15 23:56:05','municipality',NULL,NULL,NULL),(526,NULL,'2013-11-15 23:56:05','2013-11-15 23:56:05','municipality',NULL,NULL,NULL),(527,NULL,'2013-11-15 23:56:05','2013-11-15 23:56:05','municipality',NULL,NULL,NULL),(528,NULL,'2013-11-15 23:56:05','2013-11-15 23:56:05','municipality',NULL,NULL,NULL),(529,NULL,'2013-11-15 23:56:05','2013-11-15 23:56:05','municipality',NULL,NULL,NULL),(530,NULL,'2013-11-15 23:56:05','2013-11-15 23:56:05','municipality',NULL,NULL,NULL),(531,NULL,'2013-11-15 23:56:05','2013-11-15 23:56:05','municipality',NULL,NULL,NULL),(532,NULL,'2013-11-15 23:56:05','2013-11-15 23:56:05','municipality',NULL,NULL,NULL),(533,NULL,'2013-11-15 23:56:05','2013-11-15 23:56:05','municipality',NULL,NULL,NULL),(534,NULL,'2013-11-15 23:56:05','2013-11-15 23:56:05','municipality',NULL,NULL,NULL),(535,NULL,'2013-11-15 23:56:05','2013-11-15 23:56:05','municipality',NULL,NULL,NULL),(536,NULL,'2013-11-15 23:56:05','2013-11-15 23:56:05','municipality',NULL,NULL,NULL),(537,NULL,'2013-11-15 23:56:05','2013-11-15 23:56:05','municipality',NULL,NULL,NULL),(538,NULL,'2013-11-15 23:56:05','2013-11-15 23:56:05','municipality',NULL,NULL,NULL),(539,NULL,'2013-11-15 23:56:05','2013-11-15 23:56:05','municipality',NULL,NULL,NULL),(540,NULL,'2013-11-15 23:56:05','2013-11-15 23:56:05','municipality',NULL,NULL,NULL),(541,NULL,'2013-11-15 23:56:05','2013-11-15 23:56:05','municipality',NULL,NULL,NULL),(542,NULL,'2013-11-15 23:56:05','2013-11-15 23:56:05','municipality',NULL,NULL,NULL),(543,NULL,'2013-11-15 23:56:05','2013-11-15 23:56:05','municipality',NULL,NULL,NULL),(544,NULL,'2013-11-15 23:56:05','2013-11-15 23:56:05','municipality',NULL,NULL,NULL),(545,NULL,'2013-11-15 23:56:05','2013-11-15 23:56:05','municipality',NULL,NULL,NULL),(546,NULL,'2013-11-15 23:56:05','2013-11-15 23:56:05','municipality',NULL,NULL,NULL),(547,NULL,'2013-11-15 23:56:05','2013-11-15 23:56:05','municipality',NULL,NULL,NULL),(548,NULL,'2013-11-15 23:56:05','2013-11-15 23:56:05','municipality',NULL,NULL,NULL),(549,NULL,'2013-11-15 23:56:05','2013-11-15 23:56:05','municipality',NULL,NULL,NULL),(550,NULL,'2013-11-15 23:56:05','2013-11-15 23:56:05','municipality',NULL,NULL,NULL),(551,NULL,'2013-11-15 23:56:05','2013-11-15 23:56:05','municipality',NULL,NULL,NULL),(552,NULL,'2013-11-15 23:56:05','2013-11-15 23:56:05','municipality',NULL,NULL,NULL),(553,NULL,'2013-11-15 23:56:05','2013-11-15 23:56:05','municipality',NULL,NULL,NULL),(554,NULL,'2013-11-15 23:56:05','2013-11-15 23:56:05','municipality',NULL,NULL,NULL),(555,NULL,'2013-11-15 23:56:05','2013-11-15 23:56:05','municipality',NULL,NULL,NULL),(556,NULL,'2013-11-15 23:56:05','2013-11-15 23:56:05','municipality',NULL,NULL,NULL),(557,NULL,'2013-11-15 23:56:05','2013-11-15 23:56:05','municipality',NULL,NULL,NULL),(558,NULL,'2013-11-15 23:56:05','2013-11-15 23:56:05','municipality',NULL,NULL,NULL),(559,NULL,'2013-11-15 23:56:05','2013-11-15 23:56:05','municipality',NULL,NULL,NULL),(560,NULL,'2013-11-15 23:56:05','2013-11-15 23:56:05','municipality',NULL,NULL,NULL),(561,NULL,'2013-11-15 23:56:05','2013-11-15 23:56:05','municipality',NULL,NULL,NULL),(562,NULL,'2013-11-15 23:56:05','2013-11-15 23:56:05','municipality',NULL,NULL,NULL),(563,NULL,'2013-11-15 23:56:05','2013-11-15 23:56:05','municipality',NULL,NULL,NULL),(564,NULL,'2013-11-15 23:56:05','2013-11-15 23:56:05','municipality',NULL,NULL,NULL),(565,NULL,'2013-11-15 23:56:05','2013-11-15 23:56:05','municipality',NULL,NULL,NULL),(566,NULL,'2013-11-15 23:56:05','2013-11-15 23:56:05','municipality',NULL,NULL,NULL),(567,NULL,'2013-11-15 23:56:05','2013-11-15 23:56:05','municipality',NULL,NULL,NULL),(568,NULL,'2013-11-15 23:56:05','2013-11-15 23:56:05','municipality',NULL,NULL,NULL),(569,NULL,'2013-11-15 23:56:05','2013-11-15 23:56:05','municipality',NULL,NULL,NULL),(570,NULL,'2013-11-15 23:56:05','2013-11-15 23:56:05','municipality',NULL,NULL,NULL),(571,NULL,'2013-11-15 23:56:05','2013-11-15 23:56:05','municipality',NULL,NULL,NULL),(572,NULL,'2013-11-15 23:56:05','2013-11-15 23:56:05','municipality',NULL,NULL,NULL),(573,NULL,'2013-11-15 23:56:05','2013-11-15 23:56:05','municipality',NULL,NULL,NULL),(574,NULL,'2013-11-15 23:56:05','2013-11-15 23:56:05','municipality',NULL,NULL,NULL),(575,NULL,'2013-11-15 23:56:05','2013-11-15 23:56:05','municipality',NULL,NULL,NULL),(576,NULL,'2013-11-15 23:56:05','2013-11-15 23:56:05','municipality',NULL,NULL,NULL),(577,NULL,'2013-11-15 23:56:05','2013-11-15 23:56:05','municipality',NULL,NULL,NULL),(578,NULL,'2013-11-15 23:56:05','2013-11-15 23:56:05','municipality',NULL,NULL,NULL),(579,NULL,'2013-11-15 23:56:05','2013-11-15 23:56:05','municipality',NULL,NULL,NULL),(580,NULL,'2013-11-15 23:56:05','2013-11-15 23:56:05','municipality',NULL,NULL,NULL),(581,NULL,'2013-11-15 23:56:05','2013-11-15 23:56:05','municipality',NULL,NULL,NULL),(582,NULL,'2013-11-15 23:56:05','2013-11-15 23:56:05','municipality',NULL,NULL,NULL),(583,NULL,'2013-11-15 23:56:05','2013-11-15 23:56:05','municipality',NULL,NULL,NULL),(584,NULL,'2013-11-15 23:56:05','2013-11-15 23:56:05','municipality',NULL,NULL,NULL),(585,NULL,'2013-11-15 23:56:05','2013-11-15 23:56:05','municipality',NULL,NULL,NULL),(586,NULL,'2013-11-15 23:56:05','2013-11-15 23:56:05','municipality',NULL,NULL,NULL),(587,NULL,'2013-11-15 23:56:05','2013-11-15 23:56:05','municipality',NULL,NULL,NULL),(588,NULL,'2013-11-15 23:56:05','2013-11-15 23:56:05','municipality',NULL,NULL,NULL),(589,NULL,'2013-11-15 23:56:05','2013-11-15 23:56:05','municipality',NULL,NULL,NULL),(590,NULL,'2013-11-15 23:56:05','2013-11-15 23:56:05','municipality',NULL,NULL,NULL),(591,NULL,'2013-11-16 14:32:28','2013-11-16 14:32:28','province',NULL,NULL,NULL),(592,NULL,'2013-11-16 14:33:07','2013-11-16 14:33:07','province',NULL,NULL,NULL),(593,NULL,'2013-11-16 14:33:19','2013-11-16 14:33:19','municipality',NULL,NULL,NULL),(594,NULL,'2013-11-16 16:43:32','2013-11-16 16:43:32','barangay',896,195,NULL);
/*!40000 ALTER TABLE `geo` ENABLE KEYS */;
UNLOCK TABLES;

--
-- Table structure for table `geo_barangay`
--

DROP TABLE IF EXISTS `geo_barangay`;
/*!40101 SET @saved_cs_client     = @@character_set_client */;
/*!40101 SET character_set_client = utf8 */;
CREATE TABLE `geo_barangay` (
  `id` int(11) NOT NULL,
  `municipality_id` int(11) NOT NULL,
  `name` varchar(45) COLLATE utf8_unicode_ci NOT NULL,
  PRIMARY KEY (`id`),
  KEY `IDX_15727483AE6F181C` (`municipality_id`),
  CONSTRAINT `FK_15727483AE6F181C` FOREIGN KEY (`municipality_id`) REFERENCES `geo_municipality` (`id`) ON DELETE CASCADE,
  CONSTRAINT `FK_15727483BF396750` FOREIGN KEY (`id`) REFERENCES `geo` (`id`) ON DELETE CASCADE
) ENGINE=InnoDB DEFAULT CHARSET=utf8 COLLATE=utf8_unicode_ci;
/*!40101 SET character_set_client = @saved_cs_client */;

--
-- Dumping data for table `geo_barangay`
--

LOCK TABLES `geo_barangay` WRITE;
/*!40000 ALTER TABLE `geo_barangay` DISABLE KEYS */;
INSERT INTO `geo_barangay` VALUES (8,6,'Botigues'),(9,6,'Doong'),(10,6,'Kabac'),(31,12,'Atop-Atop'),(32,12,'Baigad'),(33,12,'Baod'),(34,12,'Binaobao'),(35,12,'Hilotongon'),(36,12,'Guiwanon'),(37,12,'Kabangbang'),(38,12,'Kampingganon'),(39,12,'Kangkaibe'),(40,12,'Lipayran'),(41,12,'Luyongbaybay'),(42,12,'Mojon'),(43,12,'Obo-ob'),(44,12,'Patao'),(45,12,'Putian'),(46,12,'Sillon'),(47,12,'Sungko'),(48,12,'Suba'),(49,12,'Sulangan'),(50,12,'Tamiao'),(51,12,'Bantigue'),(52,12,'Ticad'),(53,13,'Bunakan'),(54,13,'Kangwayan'),(55,13,'Kaongkod'),(56,13,'Kodia'),(57,13,'Maalat'),(58,13,'Malbago'),(59,13,'Mancilang'),(60,13,'Pili'),(61,13,'Poblacion'),(62,13,'San Agustin'),(63,13,'Tabagak'),(64,13,'Talangan'),(65,13,'Tarong'),(66,13,'Tugas'),(67,14,'Hagdan'),(68,14,'Hilantagaan'),(69,14,'Kinatarkan (Bitoon)'),(70,14,'Langub'),(71,14,'Maricaban'),(72,14,'Okoy'),(73,14,'Balidbid'),(74,14,'Pooc'),(75,14,'Talisay'),(76,15,'Aguho'),(77,15,'Bagay'),(78,15,'Bakhawan'),(79,15,'Bateria'),(80,15,'Bitoon'),(81,15,'Calape'),(82,15,'Carnaza'),(83,15,'Dalingding'),(84,15,'Lanao'),(85,15,'Logon (Malapascua)'),(86,15,'Malingin'),(87,15,'Maya'),(88,15,'Pajo'),(89,15,'Paypay'),(90,15,'Tapilon'),(91,15,'Tinubdan'),(92,15,'Tominjao'),(93,16,'Antipolo'),(94,16,'Curva'),(95,16,'Daanlungsod'),(96,16,'Dalingding Sur'),(97,16,'Dayhagon'),(98,16,'Gibitngil'),(99,16,'Canhabagat'),(100,16,'Campotatan Norte'),(101,16,'Campotatan Sur'),(102,16,'Kawit'),(103,16,'Lamintak Norte'),(104,16,'Lamintak Sur'),(105,16,'Luy-a'),(106,16,'Panugnawan'),(107,16,'Tindog'),(108,16,'Don Virgilio Gonzales'),(109,16,'Maharuhay'),(110,16,'Mahawak'),(111,17,'Anapog'),(112,17,'Argawanon'),(113,17,'Bagtic'),(114,17,'Bancasan'),(115,17,'Batad'),(116,17,'Busogon'),(117,17,'Calambua'),(118,17,'Canagahan'),(119,17,'Dapdap'),(120,17,'Gawaygaway'),(121,17,'Hagnaya'),(122,17,'Kayam'),(123,17,'Kinawahan'),(124,17,'Lambusan'),(125,17,'Lawis'),(126,17,'Libaong'),(127,17,'Looc'),(128,17,'Luyang'),(129,17,'Mano'),(130,17,'Punta'),(131,17,'Sab-a'),(132,17,'San Miguel'),(133,17,'Tacup'),(134,17,'Tambogon'),(135,17,'Toong'),(136,17,'Victoria'),(137,18,'Cogon (Pob.)'),(138,18,'Anonang Norte'),(139,18,'Anonang Sur'),(140,18,'Banban'),(141,18,'Binabag'),(142,18,'Bungtod (Pob.)'),(143,18,'Carbon (Pob.)'),(144,18,'Cayang'),(145,18,'Dakit'),(146,18,'Don Pedro Rodriguez'),(147,18,'Gairan'),(148,18,'Guadalupe'),(149,18,'La Paz'),(150,18,'La Purisima Concepcion (Pob.)'),(151,18,'Libertad'),(152,18,'Lourdes (Pob.)'),(153,18,'Marangog'),(154,18,'Nailon'),(155,18,'Odlot'),(156,18,'Pandan (Pandan Heights)'),(157,18,'Polambato'),(158,18,'Sambag (Pob.)'),(159,18,'San Vicente (Pob.)'),(160,18,'Santo Ni'),(161,18,'Santo Rosario (Pob.)'),(162,18,'Siocon'),(163,20,'Biasong'),(164,20,'Cawit'),(165,20,'Esperanza'),(166,20,'Lower Poblacion'),(167,20,'Moabog'),(168,20,'Montserrat'),(169,20,'San Isidro'),(170,20,'San Juan'),(171,20,'Upper Poblacion'),(172,20,'Villahermosa'),(173,20,'Imelda'),(174,21,'Adela'),(175,21,'Altavista'),(176,21,'Cagcagan'),(177,21,'Cansabusab'),(178,21,'Daan Paz (old name - Poso)'),(179,21,'Eastern Poblacion'),(180,21,'Mabini'),(181,21,'Mercedes'),(182,21,'Pagsa'),(183,21,'Paz (old name: Santa Rosa)'),(184,21,'Rizal'),(185,21,'San Jose'),(186,21,'Santa Rita'),(187,21,'Teguis'),(188,21,'Western Poblacion'),(189,22,'Cabunga-an'),(190,22,'Campo'),(191,22,'Consuelo'),(192,22,'Himensulan'),(193,22,'Montealegre'),(194,22,'Northern Poblacion'),(195,22,'Santa Cruz'),(196,22,'Santiago'),(197,22,'Sonog'),(198,22,'Southern Poblacion'),(199,22,'Unidos'),(200,22,'Union'),(201,23,'Buena Vista'),(202,23,'Calmante'),(203,23,'Old Secante'),(204,23,'General'),(205,23,'McArthur'),(206,23,'Puerto Bello'),(207,23,'Santander'),(208,23,'New Secante'),(209,23,'Villa Hermosa'),(210,24,'Alang-alang'),(211,24,'Caduawan'),(212,24,'Kal-anan'),(213,24,'Camoboan'),(214,24,'Canaocanao'),(215,24,'Combado'),(216,24,'Daantabogon'),(217,24,'Ilihan'),(218,24,'Labangon'),(219,24,'Libjo'),(220,24,'Loong'),(221,24,'Mabuli'),(222,24,'Managase'),(223,24,'Manlagtang'),(224,24,'Maslog'),(225,24,'Muabog'),(226,24,'Pio'),(227,24,'Salag'),(228,24,'Sambag'),(229,24,'San Vicente'),(230,24,'Somosa'),(231,24,'Taba-ao'),(232,24,'Tapul'),(233,25,'Bongon'),(234,25,'Kanlim-ao'),(235,25,'Kanluhangon'),(236,25,'Kantubaon'),(237,25,'Dalid'),(238,25,'Mabunao'),(239,25,'Maravilla'),(240,25,'Olivo'),(241,25,'Tabunok'),(242,25,'Tigbawan'),(243,26,'Bagacay'),(244,26,'Bili'),(245,26,'Bingay'),(246,26,'Bongdo'),(247,26,'Bongdo Gua'),(248,26,'Bongoyan'),(249,26,'Cadaruhan'),(250,26,'Cajel'),(251,26,'Campusong'),(252,26,'Clavera'),(253,26,'Don Gregorio Antigua (Taytayan)'),(254,26,'Laaw'),(255,26,'Lugo'),(256,26,'Sagay'),(257,26,'Tabunan'),(258,26,'Tagnucan'),(259,27,'Ampongol'),(260,27,'Bagakay'),(261,27,'Bagatayam'),(262,27,'Bawo'),(263,27,'Cabalawan'),(264,27,'Cabangahan'),(265,27,'Calumboyan'),(266,27,'Damolog'),(267,27,'Ibabao'),(268,27,'Liki'),(269,27,'Lubo'),(270,27,'Mohon'),(271,27,'Nahus-an'),(272,27,'Pansoy'),(273,27,'Takay'),(594,18,'Sudlonon');
/*!40000 ALTER TABLE `geo_barangay` ENABLE KEYS */;
UNLOCK TABLES;

--
-- Table structure for table `geo_municipality`
--

DROP TABLE IF EXISTS `geo_municipality`;
/*!40101 SET @saved_cs_client     = @@character_set_client */;
/*!40101 SET character_set_client = utf8 */;
CREATE TABLE `geo_municipality` (
  `id` int(11) NOT NULL,
  `province_id` int(11) NOT NULL,
  `name` varchar(45) COLLATE utf8_unicode_ci NOT NULL,
  PRIMARY KEY (`id`),
  KEY `IDX_1029BC13E946114A` (`province_id`),
  CONSTRAINT `FK_1029BC13BF396750` FOREIGN KEY (`id`) REFERENCES `geo` (`id`) ON DELETE CASCADE,
  CONSTRAINT `FK_1029BC13E946114A` FOREIGN KEY (`province_id`) REFERENCES `geo_province` (`id`) ON DELETE CASCADE
) ENGINE=InnoDB DEFAULT CHARSET=utf8 COLLATE=utf8_unicode_ci;
/*!40101 SET character_set_client = @saved_cs_client */;

--
-- Dumping data for table `geo_municipality`
--

LOCK TABLES `geo_municipality` WRITE;
/*!40000 ALTER TABLE `geo_municipality` DISABLE KEYS */;
INSERT INTO `geo_municipality` VALUES (6,5,'Bantayan (Municipality)'),(7,5,'Bantayan (Island)'),(12,5,'Bantayan'),(13,5,'Madridejos'),(14,5,'Santa Fe'),(15,5,'Daanbantayan'),(16,5,'Medellin'),(17,5,'San Remigio'),(18,5,'Bogo City'),(19,5,'Camotes Islands'),(20,5,'Pilar'),(21,5,'Poro'),(22,5,'San Francisco'),(23,5,'Tudela'),(24,5,'Tabogon'),(25,5,'Tabuelan'),(26,5,'Borbon'),(27,5,'Sogod'),(28,11,'Tacloban City'),(29,11,'Ormoc City'),(30,11,'Kananga'),(593,592,'Capiz');
/*!40000 ALTER TABLE `geo_municipality` ENABLE KEYS */;
UNLOCK TABLES;

--
-- Table structure for table `geo_province`
--

DROP TABLE IF EXISTS `geo_province`;
/*!40101 SET @saved_cs_client     = @@character_set_client */;
/*!40101 SET character_set_client = utf8 */;
CREATE TABLE `geo_province` (
  `id` int(11) NOT NULL,
  `name` varchar(45) COLLATE utf8_unicode_ci NOT NULL,
  PRIMARY KEY (`id`),
  UNIQUE KEY `unique_name_idx` (`name`),
  CONSTRAINT `FK_A463A3AABF396750` FOREIGN KEY (`id`) REFERENCES `geo` (`id`) ON DELETE CASCADE
) ENGINE=InnoDB DEFAULT CHARSET=utf8 COLLATE=utf8_unicode_ci;
/*!40101 SET character_set_client = @saved_cs_client */;

--
-- Dumping data for table `geo_province`
--

LOCK TABLES `geo_province` WRITE;
/*!40000 ALTER TABLE `geo_province` DISABLE KEYS */;
INSERT INTO `geo_province` VALUES (5,'Cebu'),(11,'Leyte'),(591,'Negros Occidental'),(592,'Tarlac');
/*!40000 ALTER TABLE `geo_province` ENABLE KEYS */;
UNLOCK TABLES;

--
-- Table structure for table `ngo`
--

DROP TABLE IF EXISTS `ngo`;
/*!40101 SET @saved_cs_client     = @@character_set_client */;
/*!40101 SET character_set_client = utf8 */;
CREATE TABLE `ngo` (
  `id` int(11) NOT NULL AUTO_INCREMENT,
  `ngo_id` int(11) DEFAULT NULL,
  `name` varchar(45) COLLATE utf8_unicode_ci NOT NULL,
  `logo` varchar(255) COLLATE utf8_unicode_ci DEFAULT NULL,
  `description` longtext COLLATE utf8_unicode_ci,
  `street` varchar(45) COLLATE utf8_unicode_ci DEFAULT NULL,
  `city` varchar(45) COLLATE utf8_unicode_ci DEFAULT NULL,
  `country` varchar(45) COLLATE utf8_unicode_ci DEFAULT NULL,
  `zipcode` varchar(45) COLLATE utf8_unicode_ci DEFAULT NULL,
  `verification_status` tinyint(1) DEFAULT NULL,
  `website` varchar(255) COLLATE utf8_unicode_ci DEFAULT NULL,
  `date_created` datetime NOT NULL,
  `date_updated` datetime NOT NULL,
  PRIMARY KEY (`id`),
  KEY `IDX_4AB9BE91526B9FA3` (`ngo_id`),
  CONSTRAINT `FK_4AB9BE91526B9FA3` FOREIGN KEY (`ngo_id`) REFERENCES `users` (`id`) ON DELETE SET NULL
) ENGINE=InnoDB AUTO_INCREMENT=61 DEFAULT CHARSET=utf8 COLLATE=utf8_unicode_ci;
/*!40101 SET character_set_client = @saved_cs_client */;

--
-- Dumping data for table `ngo`
--

LOCK TABLES `ngo` WRITE;
/*!40000 ALTER TABLE `ngo` DISABLE KEYS */;
INSERT INTO `ngo` VALUES (2,NULL,'RAFI','http://pinoyworld.org/wp-content/uploads/2011/08/RAFI-Logo.png','Ramon Aboitiz Foundation','35 Lopez Jaena Street','Cebu City','Philippines','6000',1,'www.rafi.org.ph','2013-11-15 19:58:44','2013-11-15 20:10:50'),(3,NULL,'JCI Cebu','https://www.facebook.com/photo.php?fbid=10151660745326059&set=a.441614071058.237792.178142181058&type=1&theater','Ken Ngo 09228620180; kenngo180@gmail.com',NULL,NULL,NULL,NULL,0,'https://www.jcicebu.org/','2013-11-15 23:56:05','2013-11-16 12:13:25'),(4,NULL,'Citichurch','http://www.google.com.ph/imgres?imgurl=http://citichurch.ph/wp-content/uploads/2011/11/citichurch-l-logo-e1325946254718.jpg&imgrefurl=http://citichurch.ph/&h=120&w=434&sz=13&tbnid=UwdYZy2r_yLY6M:&tbnh=95&tbnw=347&zoom=1&usg=__dkTMcA4LU8nyNtDZcqlOvvSVxek=&','Ian Cornelia 09162890405',NULL,NULL,NULL,NULL,0,'http://citichurch.ph/','2013-11-15 23:56:05','2013-11-16 12:37:43'),(5,NULL,'Caritas Cebu',NULL,'Sr. Issa - 2558835',NULL,NULL,NULL,NULL,0,NULL,'2013-11-15 23:56:05','2013-11-16 12:46:38'),(6,NULL,'Ubec Unite','https://www.facebook.com/photo.php?fbid=1390938554481473&set=a.1390938547814807.1073741825.1390933434481985&type=1&theater','Kaloy Uypuangco (info c/o CRC)',NULL,NULL,NULL,NULL,0,NULL,'2013-11-15 23:56:05','2013-11-16 12:50:15'),(7,NULL,'AMRO','https://www.facebook.com/photo.php?fbid=274207089315715&set=a.274207085982382.60651.274205622649195&type=1&theater','Dr. Henry Chua (info c/o CRC)',NULL,NULL,NULL,NULL,0,NULL,'2013-11-15 23:56:05','2013-11-16 12:55:25'),(8,NULL,'Bundles of Joy/Anthill Fabric Gallery','https://www.facebook.com/photo.php?fbid=10151575973705751&set=a.484656905750.286880.208532445750&type=1&theater','Anya Lim 505-4175; anya.lim@anthillfabricgallery.com',NULL,NULL,NULL,NULL,0,'http://www.anthillfabricgallery.com/','2013-11-15 23:56:05','2013-11-16 15:07:20'),(9,NULL,'Bangon Madridejos','https://www.facebook.com/photo.php?fbid=593418710694762&set=a.591947520841881.1073741825.591946874175279&type=1&theater','Jayette Salvador 0917 930-5795; beatrizjuliana71103@yahoo.com',NULL,NULL,NULL,NULL,0,NULL,'2013-11-15 23:56:05','2013-11-16 15:07:42'),(10,NULL,'Handuraw',NULL,'Fillip Castro (info c/o CRC)',NULL,NULL,NULL,NULL,0,NULL,'2013-11-15 23:56:05','2013-11-16 13:16:42'),(11,NULL,'HELP Malapascua',NULL,'Dennis Bryan 09266756763; seth@bacalso.com',NULL,NULL,NULL,NULL,0,NULL,'2013-11-15 23:56:05','2013-11-16 13:19:56'),(12,NULL,'SFAS (St. Francis of Assisi School)','https://www.facebook.com/pages/St-Francis-of-Assisi-School-Cebu/144353372380449','Mme. Babes Mortalla - 2540645; guidance_mtoledo@yahoo.com; sfas_lahug@yahoo.com',NULL,NULL,NULL,NULL,0,NULL,'2013-11-15 23:56:05','2013-11-16 15:08:31'),(13,NULL,'Give Back Cebu-Danao','https://www.facebook.com/photo.php?fbid=656726261016135&set=a.455102791178484.120125.455102557845174&type=1&theater','Red Duterte (info c/o CRC)',NULL,NULL,NULL,NULL,0,'http://www.givebackcebu.com/','2013-11-15 23:56:05','2013-11-16 13:28:54'),(14,NULL,'AFI','https://www.facebook.com/photo.php?fbid=10151831806194717&set=a.444917654716.247680.112707179716&type=1&theater','Sonny Carpio/Danny Cerence - 4111441',NULL,NULL,NULL,NULL,0,'http://www.ayalafoundation.org/','2013-11-15 23:56:05','2013-11-16 13:34:02'),(15,NULL,'Philippine Society of General Surgeons','http://www.google.com.ph/imgres?imgurl=http://medobserver.com/admin/displayphoto.php%3FType%3DMedicalSociety%26ID%3D78%26FieldName%3DPhoto&imgrefurl=http://medobserver.com/medicalsociety.php?MedicalSocietyID%3D78&h=180&w=200&sz=8&tbnid=XCQQ4__FS4H5gM:&tbn','(info c/o CRC)',NULL,NULL,NULL,NULL,0,'http://www.psgs.org.ph/','2013-11-15 23:56:05','2013-11-16 13:37:56'),(16,NULL,'MAC',NULL,'Carmi - 253-9941 (info c/o Menchit Martinez)',NULL,NULL,NULL,NULL,0,NULL,'2013-11-15 23:56:05','2013-11-16 13:40:28'),(17,NULL,'ERA/MYA Relief',NULL,'ERA/MYA Relief (info c/o Mr. Antonio Aboitiz)',NULL,NULL,NULL,NULL,0,NULL,'2013-11-15 23:56:05','2013-11-16 13:45:04'),(18,NULL,'Cebu Sports Commission','https://www.facebook.com/photo.php?fbid=168210033195198&set=a.165759866773548.36401.165759533440248&type=1&theater','Jenet 0922 540 6693',NULL,NULL,NULL,NULL,0,NULL,'2013-11-15 23:56:05','2013-11-16 19:51:47'),(19,NULL,'The KIND Project',NULL,'Lineth-USA - +17028159357; Janina-Cebu - 0999',NULL,NULL,NULL,NULL,0,NULL,'2013-11-15 23:56:05','2013-11-16 13:51:30'),(20,NULL,'Give Back Cebu','https://www.facebook.com/photo.php?fbid=656726261016135&set=a.455102791178484.120125.455102557845174&type=1&theater','Drew Sarmiento (info c/o CRC)',NULL,NULL,NULL,NULL,0,'http://www.givebackcebu.com/','2013-11-15 23:56:05','2013-11-16 13:56:06'),(21,NULL,'MCHS Batch 1989',NULL,'Ellie Lorenzo - mlorenzo143@gmail.com/ 0917-841-4402',NULL,NULL,NULL,NULL,0,NULL,'2013-11-15 23:56:05','2013-11-16 15:20:09'),(22,NULL,'Basubas Family',NULL,'Steph Basubas Senires - 0920 981-3975; stephsenires@gmail.com',NULL,NULL,NULL,NULL,0,NULL,'2013-11-15 23:56:05','2013-11-16 15:20:42'),(23,2,'TestOrg',NULL,'For Testing',NULL,'Cebu City','Philippines','6000',1,NULL,'2013-11-16 13:27:38','2013-11-16 13:33:16'),(26,NULL,'Cebu Chamber of Commerce & Industry','http://www.google.com.ph/imgres?imgurl=http://media.mynimo.net/files/company_logos/Cebu%2520chamber%2520og%2520Commercelogo_20091116173247_10.JPG&imgrefurl=http://cebu.mynimo.com/management-jobs/view/67740?city%3D2&h=240&w=240&sz=38&tbnid=vvgipklXVW2BZM:&','May Elizabeth Ybanez - 0920 410-5772; Regan Rex King - 0917 771-1111; info@cebuchamber.org',NULL,NULL,NULL,NULL,0,'http://cebuchamber.org/','2013-11-16 14:41:27','2013-11-16 15:22:32'),(27,NULL,'Bluewater Resorts','http://www.google.com.ph/imgres?imgurl=http://bestcebublogs.com/wp-content/uploads/2011/11/New-Bluewater-Maribago-Logo_hires.jpg&imgrefurl=http://bestcebublogs.com/bcba-2011-sponsors-and-partners/&h=861&w=1936&sz=185&tbnid=ddeR2GTCpQYkyM:&tbnh=90&tbnw=202','Julie Vergara - alegrado@gmail.com; 0922-836-1862, 492-0100',NULL,NULL,NULL,NULL,0,'http://www.bluewater.com.ph/','2013-11-16 14:46:11','2013-11-16 15:22:50'),(28,NULL,'Obi\'s Trading Room Inc.',NULL,'Obi Roco - 0917 531-2900; tradingroominc@gmail.com',NULL,NULL,NULL,NULL,0,NULL,'2013-11-16 14:50:36','2013-11-16 15:30:18'),(29,NULL,'Alliance of Two Hearts Parish',NULL,'Teena Gierran - 0917 328-8532; teena_e_gierran@yahoo.com.sg',NULL,NULL,NULL,NULL,0,NULL,'2013-11-16 14:53:16','2013-11-16 15:31:04'),(30,NULL,'PSWD',NULL,'Kim Panong - 0933 583-2418; pferlenedew@yahoo.com',NULL,NULL,NULL,NULL,0,NULL,'2013-11-16 14:55:07','2013-11-16 15:31:22'),(31,NULL,'PBSP/Shangri-la','https://www.google.com.ph/search?q=pbsp.org+logo&espv=210&es_sm=93&source=lnms&tbm=isch&sa=X&ei=uheHUtKfLciprAfyh4CwDA&ved=0CAkQ_AUoAQ&biw=1181&bih=763#facrc=_&imgdii=_&imgrc=8wV3idimHPFB2M%3A%3Bk1A1XaWqH2MdxM%3Bhttp%253A%252F%252Fwww.bidnetwork.org%252Fs','Benjamin Chiu/PBSP - BYChiu@pbsp.org.ph; 232-5283',NULL,NULL,NULL,NULL,0,'http://www.pbsp.org.ph/','2013-11-16 14:59:53','2013-11-16 15:34:02'),(32,NULL,'SVGH and UC','http://svgh.ph/images/svghbanner.jpg','Marylou Labrador Neri -maryloulabradorneri@gmail.com',NULL,NULL,NULL,NULL,0,'http://svgh.ph/','2013-11-16 15:36:15','2013-11-16 15:36:15'),(33,NULL,'Cebu Real Estate Board',NULL,'-Emma Pamas, 2323940/4128776, cerebinfo@yahoo.com',NULL,NULL,NULL,NULL,0,'https://www.facebook.com/groups/109200039153212/','2013-11-16 15:39:50','2013-11-16 15:39:50'),(34,NULL,'Zubufoods, Inc',NULL,'Isabel Binamira - isabel.binamira@gmail.com',NULL,NULL,NULL,NULL,0,NULL,'2013-11-16 15:41:19','2013-11-16 15:41:19'),(35,NULL,'JRG Halad Museum/UV Foundation',NULL,'Audrey Tomada - audrey.haladmuseum@gmail.com; 0917 853-3861',NULL,NULL,NULL,NULL,0,NULL,'2013-11-16 15:43:13','2013-11-16 15:43:13'),(36,NULL,'#VolunteersAnonymousPH',NULL,'Bing Bagares Torre; bing.torre@gmail.com; 0917 310 7501/ 0929 295 2592 / 0933 623 2630',NULL,NULL,NULL,NULL,0,'http://www.facebook.com/VolunteersAnonymousPH','2013-11-16 17:03:20','2013-11-16 17:03:20'),(37,NULL,'STC HS BATCH \'92',NULL,'Yvette Yntig - Dapat; joypanopio@pshcebu.com; 0917 549 6191',NULL,NULL,NULL,NULL,0,NULL,'2013-11-16 17:04:06','2013-11-16 17:04:06'),(38,NULL,'Volunteer In Cebu',NULL,'Jill',NULL,NULL,NULL,NULL,0,NULL,'2013-11-16 17:08:17','2013-11-16 17:08:17'),(39,NULL,'DLSAA-Cebu',NULL,'Gracie Aguilar Martinez; 0919 672 1123',NULL,NULL,NULL,NULL,0,NULL,'2013-11-16 17:09:16','2013-11-16 17:09:16'),(40,NULL,'Cebu Sports Commission',NULL,'Evangeline Marie Ong Hayco',NULL,NULL,NULL,NULL,0,'https://www.facebook.com/pages/Cebu-City-Sports-Commission/165759533440248','2013-11-16 17:15:35','2013-11-16 17:15:35'),(41,NULL,'SIT',NULL,'Icky/Joanna Salazar; 9173225688',NULL,NULL,NULL,NULL,0,NULL,'2013-11-16 17:18:16','2013-11-16 17:18:16'),(42,NULL,'One Visayas',NULL,'Jan Rodriguez; 9177111700',NULL,NULL,NULL,NULL,0,NULL,'2013-11-16 17:18:42','2013-11-16 17:18:42'),(43,NULL,'Soup Kitchen',NULL,'Jan Rodriguez; 9177111700',NULL,NULL,NULL,NULL,0,NULL,'2013-11-16 17:19:20','2013-11-16 17:19:20'),(44,NULL,'Oponganons',NULL,'Michael Jason Ybañez; 9333359735',NULL,NULL,NULL,NULL,0,NULL,'2013-11-16 17:19:42','2013-11-16 17:19:42'),(45,NULL,'Bike&Talk Frienship Club',NULL,'Karl; 0933-324-1138 - Hermits;  0923-668-4866',NULL,NULL,NULL,NULL,0,'https://www.facebook.com/iluvbtfc','2013-11-16 17:20:40','2013-11-16 17:20:40'),(46,NULL,'Frannie Crystal',NULL,'Frannie Crystal; 9173048200',NULL,NULL,NULL,NULL,0,NULL,'2013-11-16 17:21:14','2013-11-16 17:21:14'),(47,NULL,'J. Lorenz Diaz',NULL,'J. Lorenz Diaz',NULL,NULL,NULL,NULL,0,'https://www.facebook.com/jl.diaz?fref=browse_search','2013-11-16 17:22:39','2013-11-16 17:22:39'),(48,NULL,'Jethro Estimo',NULL,'Jethro Estimo',NULL,NULL,NULL,NULL,0,'https://www.facebook.com/jethro.estimo?fref=browse_search','2013-11-16 17:23:36','2013-11-16 17:23:36'),(49,NULL,'Bangon Visayas',NULL,'Veronica Chiongbian',NULL,NULL,NULL,NULL,0,'https://www.facebook.com/BangonVisayas?ref=stream','2013-11-16 17:24:32','2013-11-16 17:24:32'),(50,NULL,'Trans Asia','https://encrypted-tbn1.gstatic.com/images?q=tbn:ANd9GcRjTPlVi2dH9jhOyAOr893foYZgDLilrIQUtAnxI_ZXyDFJ36RC','Ms Aleth Carin; 9177955946',NULL,NULL,NULL,NULL,0,'http://www.transasiashipping.com/','2013-11-16 17:26:41','2013-11-16 17:26:41'),(51,NULL,'for NFA rice',NULL,'Mr Nestor Rey Alcoseba; 2312323 - Charito Tan; 0917 324 1875 - Jim Webb;0920 901 5855\r\n\r\n;',NULL,NULL,NULL,NULL,0,NULL,'2013-11-16 17:27:06','2013-11-16 17:27:44'),(52,NULL,'B.R.I.G.H.T.',NULL,'Ionell Jay Terogo',NULL,NULL,NULL,NULL,0,'http://brightacademy.edu.ph/','2013-11-16 17:34:42','2013-11-16 17:34:42'),(53,NULL,'National Youth Commission',NULL,'Sucelle Demecillo;  09222963804',NULL,NULL,NULL,NULL,0,NULL,'2013-11-16 17:37:29','2013-11-16 17:37:29'),(54,NULL,'Spectrum Soup Kitchen',NULL,'Richard Sharpe',NULL,NULL,NULL,NULL,0,NULL,'2013-11-16 17:44:23','2013-11-16 17:44:23'),(55,NULL,'Camotes Contac',NULL,'Al Arquillano; 9228508590',NULL,NULL,NULL,NULL,0,NULL,'2013-11-16 17:48:11','2013-11-16 17:48:11'),(56,NULL,'CIS PTA/ Cebu International School',NULL,'Mykee Paradies; mykeeparadies@gmail.com; 0918 948 2053',NULL,NULL,NULL,NULL,0,'http://cis.edu.ph/','2013-11-16 17:49:51','2013-11-16 17:49:51'),(57,NULL,'good harvest flavors and spice corporation',NULL,'ronalin navarrete; 033-4011860',NULL,NULL,NULL,NULL,0,'https://www.facebook.com/GoodHarvestFlavorsSpiceCorporation','2013-11-16 17:59:22','2013-11-16 17:59:22'),(58,NULL,'DDG STC Batch 2003',NULL,NULL,NULL,NULL,NULL,NULL,0,NULL,'2013-11-16 17:59:51','2013-11-16 17:59:51'),(59,NULL,'DDG STC Batch 2004',NULL,NULL,NULL,NULL,NULL,NULL,0,NULL,'2013-11-16 17:59:58','2013-11-16 17:59:58'),(60,NULL,'Task Force Yolanda',NULL,'Trixy Villegas/Chase Lynn Chua; 0949-7551808',NULL,NULL,NULL,NULL,0,NULL,'2013-11-16 18:00:38','2013-11-16 18:00:38');
/*!40000 ALTER TABLE `ngo` ENABLE KEYS */;
UNLOCK TABLES;

--
-- Table structure for table `situation`
--

DROP TABLE IF EXISTS `situation`;
/*!40101 SET @saved_cs_client     = @@character_set_client */;
/*!40101 SET character_set_client = utf8 */;
CREATE TABLE `situation` (
  `id` int(11) NOT NULL AUTO_INCREMENT,
  `reporter` int(11) NOT NULL,
  `geo_id` int(11) NOT NULL,
  `status_id` int(11) NOT NULL,
  `date_created` datetime NOT NULL,
  `date_updated` datetime NOT NULL,
  PRIMARY KEY (`id`),
  KEY `IDX_EC2D9ACA76D6E0F2` (`reporter`),
  KEY `IDX_EC2D9ACAFA49D0B` (`geo_id`),
  KEY `IDX_EC2D9ACA6BF700BD` (`status_id`),
  CONSTRAINT `FK_EC2D9ACA6BF700BD` FOREIGN KEY (`status_id`) REFERENCES `status` (`id`) ON DELETE CASCADE,
  CONSTRAINT `FK_EC2D9ACA76D6E0F2` FOREIGN KEY (`reporter`) REFERENCES `users` (`id`) ON DELETE CASCADE,
  CONSTRAINT `FK_EC2D9ACAFA49D0B` FOREIGN KEY (`geo_id`) REFERENCES `geo` (`id`) ON DELETE CASCADE
) ENGINE=InnoDB DEFAULT CHARSET=utf8 COLLATE=utf8_unicode_ci;
/*!40101 SET character_set_client = @saved_cs_client */;

--
-- Dumping data for table `situation`
--

LOCK TABLES `situation` WRITE;
/*!40000 ALTER TABLE `situation` DISABLE KEYS */;
/*!40000 ALTER TABLE `situation` ENABLE KEYS */;
UNLOCK TABLES;

--
-- Table structure for table `status`
--

DROP TABLE IF EXISTS `status`;
/*!40101 SET @saved_cs_client     = @@character_set_client */;
/*!40101 SET character_set_client = utf8 */;
CREATE TABLE `status` (
  `id` int(11) NOT NULL AUTO_INCREMENT,
  `description` varchar(255) COLLATE utf8_unicode_ci NOT NULL,
  `date_created` datetime NOT NULL,
  `date_updated` datetime NOT NULL,
  PRIMARY KEY (`id`),
  UNIQUE KEY `unique_status_idx` (`description`)
) ENGINE=InnoDB DEFAULT CHARSET=utf8 COLLATE=utf8_unicode_ci;
/*!40101 SET character_set_client = @saved_cs_client */;

--
-- Dumping data for table `status`
--

LOCK TABLES `status` WRITE;
/*!40000 ALTER TABLE `status` DISABLE KEYS */;
/*!40000 ALTER TABLE `status` ENABLE KEYS */;
UNLOCK TABLES;

--
-- Table structure for table `user_admin`
--

DROP TABLE IF EXISTS `user_admin`;
/*!40101 SET @saved_cs_client     = @@character_set_client */;
/*!40101 SET character_set_client = utf8 */;
CREATE TABLE `user_admin` (
  `id` int(11) NOT NULL,
  PRIMARY KEY (`id`),
  CONSTRAINT `FK_6ACCF62EBF396750` FOREIGN KEY (`id`) REFERENCES `users` (`id`) ON DELETE CASCADE
) ENGINE=InnoDB DEFAULT CHARSET=utf8 COLLATE=utf8_unicode_ci;
/*!40101 SET character_set_client = @saved_cs_client */;

--
-- Dumping data for table `user_admin`
--

LOCK TABLES `user_admin` WRITE;
/*!40000 ALTER TABLE `user_admin` DISABLE KEYS */;
INSERT INTO `user_admin` VALUES (1),(2);
/*!40000 ALTER TABLE `user_admin` ENABLE KEYS */;
UNLOCK TABLES;

--
-- Table structure for table `user_ngo`
--

DROP TABLE IF EXISTS `user_ngo`;
/*!40101 SET @saved_cs_client     = @@character_set_client */;
/*!40101 SET character_set_client = utf8 */;
CREATE TABLE `user_ngo` (
  `id` int(11) NOT NULL,
  `ngo_id` int(11) NOT NULL,
  `title` varchar(45) COLLATE utf8_unicode_ci NOT NULL,
  `verification_status` tinyint(1) DEFAULT NULL,
  `contact_info` varchar(255) COLLATE utf8_unicode_ci DEFAULT NULL,
  PRIMARY KEY (`id`),
  KEY `IDX_A1AFDF1A526B9FA3` (`ngo_id`),
  CONSTRAINT `FK_A1AFDF1A526B9FA3` FOREIGN KEY (`ngo_id`) REFERENCES `ngo` (`id`) ON DELETE CASCADE,
  CONSTRAINT `FK_A1AFDF1ABF396750` FOREIGN KEY (`id`) REFERENCES `users` (`id`) ON DELETE CASCADE
) ENGINE=InnoDB DEFAULT CHARSET=utf8 COLLATE=utf8_unicode_ci;
/*!40101 SET character_set_client = @saved_cs_client */;

--
-- Dumping data for table `user_ngo`
--

LOCK TABLES `user_ngo` WRITE;
/*!40000 ALTER TABLE `user_ngo` DISABLE KEYS */;
/*!40000 ALTER TABLE `user_ngo` ENABLE KEYS */;
UNLOCK TABLES;

--
-- Table structure for table `users`
--

DROP TABLE IF EXISTS `users`;
/*!40101 SET @saved_cs_client     = @@character_set_client */;
/*!40101 SET character_set_client = utf8 */;
CREATE TABLE `users` (
  `id` int(11) NOT NULL AUTO_INCREMENT,
  `username` varchar(45) COLLATE utf8_unicode_ci NOT NULL,
  `password` varchar(255) COLLATE utf8_unicode_ci NOT NULL,
  `salt` varchar(45) COLLATE utf8_unicode_ci NOT NULL,
  `firstname` varchar(45) COLLATE utf8_unicode_ci NOT NULL,
  `lastname` varchar(45) COLLATE utf8_unicode_ci NOT NULL,
  `email` varchar(45) COLLATE utf8_unicode_ci NOT NULL,
  `roles` longtext COLLATE utf8_unicode_ci NOT NULL COMMENT '(DC2Type:simple_array)',
  `receive_emails` tinyint(1) DEFAULT NULL,
  `date_created` datetime NOT NULL,
  `date_updated` datetime NOT NULL,
  `type` varchar(255) COLLATE utf8_unicode_ci NOT NULL,
  PRIMARY KEY (`id`),
  UNIQUE KEY `unique_username_idx` (`username`),
  UNIQUE KEY `unique_email_idx` (`email`)
) ENGINE=InnoDB AUTO_INCREMENT=3 DEFAULT CHARSET=utf8 COLLATE=utf8_unicode_ci;
/*!40101 SET character_set_client = @saved_cs_client */;

--
-- Dumping data for table `users`
--

LOCK TABLES `users` WRITE;
/*!40000 ALTER TABLE `users` DISABLE KEYS */;
INSERT INTO `users` VALUES (1,'super_admin','tye81K5fODIJdtINzFqRMwG4+640P+GL6YN/P13OE7I=','f254b746f596d2be8f93c50dd540d537c458a22d','Administrator','','super_admin@phrecovery.org','ROLE_USER,ROLE_ADMIN,ROLE_SUPER_ADMIN,ROLE_USER,ROLE_USER',NULL,'2013-11-15 18:38:51','2013-11-15 20:02:05','admin'),(2,'bernie','D0FX6QYO0FlaELAau4L6iby/fxRjVVR5zheYzSYio8U=','9d9ec8885d862ff30f95734d047ddb6e0df6ea20','Berney','Bacang','b.bacang@arcanys.com','ROLE_USER,ROLE_ADMIN,ROLE_USER,ROLE_USER',NULL,'2013-11-16 13:00:39','2013-11-16 14:30:41','admin');
/*!40000 ALTER TABLE `users` ENABLE KEYS */;
UNLOCK TABLES;
/*!40103 SET TIME_ZONE=@OLD_TIME_ZONE */;

/*!40101 SET SQL_MODE=@OLD_SQL_MODE */;
/*!40014 SET FOREIGN_KEY_CHECKS=@OLD_FOREIGN_KEY_CHECKS */;
/*!40014 SET UNIQUE_CHECKS=@OLD_UNIQUE_CHECKS */;
/*!40101 SET CHARACTER_SET_CLIENT=@OLD_CHARACTER_SET_CLIENT */;
/*!40101 SET CHARACTER_SET_RESULTS=@OLD_CHARACTER_SET_RESULTS */;
/*!40101 SET COLLATION_CONNECTION=@OLD_COLLATION_CONNECTION */;
/*!40111 SET SQL_NOTES=@OLD_SQL_NOTES */;

-- Dump completed on 2013-11-16  9:57:36
