-- MySQL dump 10.13  Distrib 5.1.69, for redhat-linux-gnu (i386)
--
-- Host: localhost    Database: relief
-- ------------------------------------------------------
-- Server version	5.1.69

/*!40101 SET @OLD_CHARACTER_SET_CLIENT=@@CHARACTER_SET_CLIENT */;
/*!40101 SET @OLD_CHARACTER_SET_RESULTS=@@CHARACTER_SET_RESULTS */;
/*!40101 SET @OLD_COLLATION_CONNECTION=@@COLLATION_CONNECTION */;
/*!40101 SET NAMES utf8 */;
/*!40103 SET @OLD_TIME_ZONE=@@TIME_ZONE */;
/*!40103 SET TIME_ZONE='+00:00' */;
/*!40014 SET @OLD_UNIQUE_CHECKS=@@UNIQUE_CHECKS, UNIQUE_CHECKS=0 */;
/*!40014 SET @OLD_FOREIGN_KEY_CHECKS=@@FOREIGN_KEY_CHECKS, FOREIGN_KEY_CHECKS=0 */;
/*!40101 SET @OLD_SQL_MODE=@@SQL_MODE, SQL_MODE='NO_AUTO_VALUE_ON_ZERO' */;
/*!40111 SET @OLD_SQL_NOTES=@@SQL_NOTES, SQL_NOTES=0 */;

--
-- Table structure for table `aid`
--

DROP TABLE IF EXISTS `aid`;
/*!40101 SET @saved_cs_client     = @@character_set_client */;
/*!40101 SET character_set_client = utf8 */;
CREATE TABLE `aid` (
  `id` int(11) NOT NULL AUTO_INCREMENT,
  `type_id` int(11) NOT NULL,
  `geo_id` int(11) NOT NULL,
  `ngo_id` int(11) NOT NULL,
  `description` longtext COLLATE utf8_unicode_ci,
  `unit_cost` double DEFAULT NULL,
  `quantity` int(11) DEFAULT NULL,
  `people_catered` int(11) NOT NULL,
  `date_start` date NOT NULL,
  `date_end` date DEFAULT NULL,
  `date_created` datetime NOT NULL,
  `date_updated` datetime NOT NULL,
  PRIMARY KEY (`id`),
  KEY `IDX_48B40DAAFA49D0B` (`geo_id`),
  KEY `IDX_48B40DAA526B9FA3` (`ngo_id`),
  KEY `IDX_48B40DAAC54C8C93` (`type_id`),
  CONSTRAINT `FK_48B40DAA526B9FA3` FOREIGN KEY (`ngo_id`) REFERENCES `ngo` (`id`) ON DELETE CASCADE,
  CONSTRAINT `FK_48B40DAAC54C8C93` FOREIGN KEY (`type_id`) REFERENCES `aid_type` (`id`) ON DELETE CASCADE,
  CONSTRAINT `FK_48B40DAAFA49D0B` FOREIGN KEY (`geo_id`) REFERENCES `geo` (`id`) ON DELETE CASCADE
) ENGINE=InnoDB AUTO_INCREMENT=317 DEFAULT CHARSET=utf8 COLLATE=utf8_unicode_ci;
/*!40101 SET character_set_client = @saved_cs_client */;

--
-- Dumping data for table `aid`
--

LOCK TABLES `aid` WRITE;
/*!40000 ALTER TABLE `aid` DISABLE KEYS */;
INSERT INTO `aid` VALUES (2,3,8,2,'5 kg rice, 2 canned goods, 4 noodles, 150g milk, 500g sugar, 500g salt, toiletries (soap, shampoo, toothbrush, toothpaste), 4L water',400,732,2928,'2013-11-14','2013-11-19','2013-11-15 20:02:05','2013-11-15 20:02:05'),(10,7,9,2,'5 kg rice, 2 canned goods, 4 noodles, 150g milk, 500g sugar, 500g salt, toiletries (soap, shampoo, toothbrush, toothpaste), 4L water',400,465,0,'2013-01-01',NULL,'2013-11-15 23:56:05','2013-11-16 13:27:46'),(11,7,35,2,'5 kg rice, 2 canned goods, 4 noodles, 150g milk, 500g sugar, 500g salt, toiletries (soap, shampoo, toothbrush, toothpaste), 4L water',400,600,0,'2013-01-01',NULL,'2013-11-15 23:56:05','2013-11-16 12:14:30'),(12,5,35,2,'Laminated sack/trapal (5m), rope',207,300,0,'2013-01-01',NULL,'2013-11-15 23:56:05','2013-11-16 12:19:20'),(13,7,42,2,'5 kg rice, 2 canned goods, 4 noodles, 150g milk, 500g sugar, 500g salt, toiletries (soap, shampoo, toothbrush, toothpaste), 4L water',400,456,0,'2013-01-01',NULL,'2013-11-15 23:56:05','2013-11-16 12:24:24'),(14,7,46,2,'5 kg rice, 2 canned goods, 4 noodles, 150g milk, 500g sugar, 500g salt, toiletries (soap, shampoo, toothbrush, toothpaste), 4L water',400,1452,0,'2013-01-01',NULL,'2013-11-15 23:56:05','2013-11-16 12:24:49'),(15,7,48,2,'5 kg rice, 2 canned goods, 4 noodles, 150g milk, 500g sugar, 500g salt, toiletries (soap, shampoo, toothbrush, toothpaste), 4L water',400,901,0,'2013-01-01',NULL,'2013-11-15 23:56:05','2013-11-16 12:29:03'),(16,7,49,8,'1 kilo of rice/ 200 grams; skyflakes crackers/3 packs of eggnog; 1 box of cereal; \r\n3 canned goods; 3 noodles; \r\n2 medicine pads; 1 big candle; \r\n1 match; 1 letter of hope',0,100,0,'2013-01-01',NULL,'2013-11-15 23:56:05','2013-11-16 12:30:29'),(20,7,53,2,'5 kg rice, 2 canned goods, 4 noodles, 150g milk, 500g sugar, 500g salt, toiletries (soap, shampoo, toothbrush, toothpaste), 4L water',400,554,0,'2013-01-01',NULL,'2013-11-15 23:56:05','2013-11-16 12:35:02'),(21,7,63,2,'5 kg rice, 2 canned goods, 4 noodles, 150g milk, 500g sugar, 500g salt, toiletries (soap, shampoo, toothbrush, toothpaste), 4L water',400,348,0,'2013-01-01',NULL,'2013-11-15 23:56:05','2013-11-16 12:36:23'),(22,7,66,2,'5 kg rice, 2 canned goods, 4 noodles, 150g milk, 500g sugar, 500g salt, toiletries (soap, shampoo, toothbrush, toothpaste), 4L water',400,724,0,'2013-01-01',NULL,'2013-11-15 23:56:05','2013-11-16 12:36:57'),(23,7,68,2,'5 kg rice, 2 canned goods, 4 noodles, 150g milk, 500g sugar, 500g salt, toiletries (soap, shampoo, toothbrush, toothpaste), 4L water',400,827,0,'2013-01-01',NULL,'2013-11-15 23:56:05','2013-11-16 12:37:23'),(24,7,72,2,'5 kg rice, 2 canned goods, 4 noodles, 150g milk, 500g sugar, 500g salt, toiletries (soap, shampoo, toothbrush, toothpaste), 4L water',400,790,0,'2013-01-01',NULL,'2013-11-15 23:56:05','2013-11-16 12:39:03'),(27,7,77,2,'5 kg rice, 2 canned goods, 4 noodles, 150g milk, 500g sugar, 500g salt, toiletries (soap, shampoo, toothbrush, toothpaste), 4L water',400,1155,0,'2013-01-01',NULL,'2013-11-15 23:56:05','2013-11-16 12:48:00'),(28,5,5,2,'Laminated sack/trapal (5m), rope',207,120,0,'2013-01-01',NULL,'2013-11-15 23:56:05','2013-11-16 12:53:30'),(29,7,79,2,'5 kg rice, 2 canned goods, 4 noodles, 150g milk, 500g sugar, 500g salt, toiletries (soap, shampoo, toothbrush, toothpaste), 4L water',400,801,0,'2013-01-01',NULL,'2013-11-15 23:56:05','2013-11-16 12:51:42'),(30,5,79,2,'Laminated sack/trapal (5m), rope',207,115,0,'2013-01-01',NULL,'2013-11-15 23:56:05','2013-11-16 12:52:55'),(31,7,81,2,'5 kg rice, 2 canned goods, 4 noodles, 150g milk, 500g sugar, 500g salt, toiletries (soap, shampoo, toothbrush, toothpaste), 4L water',400,505,0,'2013-01-01',NULL,'2013-11-15 23:56:05','2013-11-16 12:54:52'),(32,7,85,11,'rice, sardines, noodles, water',0,80,0,'2013-01-01',NULL,'2013-11-15 23:56:05','2013-11-16 12:56:40'),(33,7,85,8,'1 kilo of rice/ 200 grams; skyflakes crackers/3 packs of eggnog; 1 box of cereal; \r\n3 canned goods; 3 noodles; \r\n2 medicine pads; 1 big candle; \r\n1 match; 1 letter of hope',0,100,0,'2013-01-01',NULL,'2013-11-15 23:56:05','2013-11-16 12:57:21'),(34,7,85,2,'5 kg rice, 2 canned goods, 4 noodles, 150g milk, 500g sugar, 500g salt, toiletries (soap, shampoo, toothbrush, toothpaste), 4L water',400,350,0,'2013-01-01',NULL,'2013-11-15 23:56:05','2013-11-16 12:58:57'),(35,7,90,12,'rice, noodles, canned goods, bottled water',0,100,0,'2013-01-01',NULL,'2013-11-15 23:56:05','2013-11-16 12:59:59'),(36,7,90,8,'1 kilo of rice/ 200 grams; skyflakes crackers/3 packs of eggnog; 1 box of cereal; \r\n3 canned goods; 3 noodles; \r\n2 medicine pads; 1 big candle; \r\n1 match; 1 letter of hope',0,100,0,'2013-01-01',NULL,'2013-11-15 23:56:05','2013-11-16 13:00:44'),(37,7,90,13,NULL,0,0,0,'2013-01-01',NULL,'2013-11-15 23:56:05','2013-11-16 13:03:16'),(41,7,100,2,'5 kg rice, 2 canned goods, 4 noodles, 150g milk, 500g sugar, 500g salt, toiletries (soap, shampoo, toothbrush, toothpaste), 4L water',400,119,0,'2013-01-01',NULL,'2013-11-15 23:56:05','2013-11-16 13:05:12'),(42,7,101,16,'3k corn grits, 0.5 kg brown sugar,  \r\n1L mineral water, 2 packs noodles, 2 cans of sardines,\r\n1 can beef loaf (150 g)',0,176,0,'2013-01-01',NULL,'2013-11-15 23:56:05','2013-11-16 13:09:39'),(43,7,107,2,'5 kg rice, 2 canned goods, 4 noodles, 150g milk, 500g sugar, 500g salt, toiletries (soap, shampoo, toothbrush, toothpaste), 4L water',400,775,0,'2013-01-01',NULL,'2013-11-15 23:56:05','2013-11-16 13:10:23'),(44,5,107,2,'Laminated sack/trapal (5m), rope',207,90,0,'2013-01-01',NULL,'2013-11-15 23:56:05','2013-11-16 13:11:23'),(45,7,109,2,'5 kg rice, 2 canned goods, 4 noodles, 150g milk, 500g sugar, 500g salt, toiletries (soap, shampoo, toothbrush, toothpaste), 4L water',400,288,0,'2013-01-01',NULL,'2013-11-15 23:56:05','2013-11-16 13:14:07'),(46,5,109,2,'Laminated sack/trapal (5m), rope',207,35,0,'2013-01-01',NULL,'2013-11-15 23:56:05','2013-11-16 13:18:53'),(47,7,109,8,'1 kilo of rice/ 200 grams; skyflakes crackers/3 packs of eggnog; 1 box of cereal; \r\n3 canned goods; 3 noodles; \r\n2 medicine pads; 1 big candle; \r\n1 match; 1 letter of hope',0,100,0,'2013-01-01',NULL,'2013-11-15 23:56:05','2013-11-16 13:19:27'),(48,7,110,2,'5 kg rice, 2 canned goods, 4 noodles, 150g milk, 500g sugar, 500g salt, toiletries (soap, shampoo, toothbrush, toothpaste), 4L water',400,598,0,'2013-01-01',NULL,'2013-11-15 23:56:05','2013-11-16 13:21:56'),(49,5,110,2,'Laminated sack/trapal (5m), rope',207,75,0,'2013-01-01',NULL,'2013-11-15 23:56:05','2013-11-16 13:22:20'),(50,7,114,2,'5 kg rice, 2 canned goods, 4 noodles, 150g milk, 500g sugar, 500g salt, toiletries (soap, shampoo, toothbrush, toothpaste), 4L water',400,378,0,'2013-01-01',NULL,'2013-11-15 23:56:05','2013-11-16 13:23:04'),(51,5,114,2,'Laminated sack/trapal (5m), rope',207,50,0,'2013-01-01',NULL,'2013-11-15 23:56:05','2013-11-16 13:26:39'),(52,7,114,14,'3kg rice, 8 canned goods, 1kg biscuit, 6L water',0,350,0,'2013-01-01',NULL,'2013-11-15 23:56:05','2013-11-16 13:27:14'),(53,7,119,2,'5 kg rice, 2 canned goods, 4 noodles, 150g milk, 500g sugar, 500g salt, toiletries (soap, shampoo, toothbrush, toothpaste), 4L water',400,400,0,'2013-01-01',NULL,'2013-11-15 23:56:05','2013-11-16 13:28:33'),(54,5,119,2,'Laminated sack/trapal (5m), rope',207,50,0,'2013-01-01',NULL,'2013-11-15 23:56:05','2013-11-16 13:29:00'),(55,7,120,16,'3k corn grits, 0.5 kg brown sugar,  \r\n1L mineral water, 2 packs noodles, 2 cans of sardines,\r\n1 can beef loaf (150 g)',0,106,0,'2013-01-01',NULL,'2013-11-15 23:56:05','2013-11-16 13:29:44'),(56,7,127,2,'5 kg rice, 2 canned goods, 4 noodles, 150g milk, 500g sugar, 500g salt, toiletries (soap, shampoo, toothbrush, toothpaste), 4L water',400,401,0,'2013-01-01',NULL,'2013-11-15 23:56:05','2013-11-16 13:30:26'),(57,5,127,2,'Laminated sack/trapal (5m), rope',207,50,0,'2013-01-01',NULL,'2013-11-15 23:56:05','2013-11-16 13:31:35'),(58,7,128,17,'5kg rice, 800 gms monggo, 1 kg salt, ½ kg dried fish, 4 cans sardines 4 liters water, 320gm milk powder,1 box matches, 1 pail with cover, 1 large plastic bag',515.27,500,0,'2013-01-01',NULL,'2013-11-15 23:56:05','2013-11-16 13:32:19'),(59,7,130,2,'5 kg rice, 2 canned goods, 4 noodles, 150g milk, 500g sugar, 500g salt, toiletries (soap, shampoo, toothbrush, toothpaste), 4L water',400,262,0,'2013-01-01',NULL,'2013-11-15 23:56:05','2013-11-16 13:34:44'),(60,5,130,2,'Laminated sack/trapal (5m), rope',207,50,0,'2013-01-01',NULL,'2013-11-15 23:56:05','2013-11-16 13:35:39'),(61,7,130,14,'3kg rice, 8 canned goods, 1kg biscuit, 6L water',0,1200,0,'2013-01-01',NULL,'2013-11-15 23:56:05','2013-11-16 13:36:15'),(66,7,138,16,NULL,0,103,0,'2013-01-01',NULL,'2013-11-15 23:56:05','2013-11-16 13:37:17'),(67,7,144,16,NULL,0,59,0,'2013-01-01',NULL,'2013-11-15 23:56:05','2013-11-16 13:37:43'),(72,7,42,2,'5 kg rice, 2 canned goods, 4 noodles, 150g milk, 500g sugar, 500g salt, toiletries (soap, shampoo, toothbrush, toothpaste), 4L water',400,456,0,'2013-01-01',NULL,'2013-11-15 23:56:05','2013-11-16 13:39:21'),(79,7,5,23,'5 kg rice, 2 canned goods, 4 noodles, 150g milk, 500g sugar, 500g salt, toiletries (soap, shampoo, toothbrush, toothpaste), 4L water',NULL,NULL,10,'2013-11-16','2013-11-18','2013-11-16 13:37:32','2013-11-16 13:37:32'),(80,7,50,31,'8kls rice, 4 cans sardines, 6 pcs noodles, 1 pc large bath soap, 1 set medicine kit, 1/2 kl sugar, 1/2 kilo salt, 1/2 kilo monggo, 1 pc mat, 1 pc blan',NULL,550,0,'2013-11-14','2013-11-21','2013-11-16 15:19:36','2013-11-16 15:22:48'),(81,7,71,31,'8kls rice, 4 cans sardines, 6 pcs noodles, 1 pc large bath soap, 1 set medicine kit, 1/2 kl sugar, 1/2 kilo salt, 1/2 kilo monggo, 1 pc mat, 1 pc blan',NULL,652,0,'2013-11-14','2013-11-21','2013-11-16 15:29:41','2013-11-16 15:29:41'),(82,7,61,31,'8kls rice, 4 cans sardines, 6 pcs noodles, 1 pc large bath soap, 1 set medicine kit, 1/2 kl sugar, 1/2 kilo salt, 1/2 kilo monggo, 1 pc mat, 1 pc blan',NULL,510,0,'2013-11-14','2013-11-21','2013-11-16 15:31:44','2013-11-16 15:31:44'),(83,7,78,14,'3kg rice, 8 canned goods, 1kg biscuit, 6L water',NULL,600,0,'2013-11-14','2013-11-17','2013-11-16 15:33:19','2013-11-16 15:33:19'),(84,7,82,3,'Assorted Items',NULL,480,0,'2013-11-15','2013-11-17','2013-11-16 15:34:14','2013-11-16 15:34:14'),(85,7,83,31,'8kls rice, 4 cans sardines, 6 pcs noodles, 1 pc large bath soap, 1 set medicine kit, 1/2 kl sugar, 1/2 kilo salt, 1/2 kilo monggo, 1 pc mat, 1 pc blan',NULL,450,0,'2013-11-12','2013-11-19','2013-11-16 15:35:23','2013-11-16 15:35:23'),(86,7,89,14,'3kg rice, 8 canned goods, 1kg biscuit, 6L water',NULL,700,0,'2013-11-14','2013-11-17','2013-11-16 15:37:18','2013-11-16 15:37:18'),(87,7,91,31,'8kls rice, 4 cans sardines, 6 pcs noodles, 1 pc large bath soap, 1 set medicine kit, 1/2 kl sugar, 1/2 kilo salt, 1/2 kilo monggo, 1 pc mat, 1 pc blan',NULL,446,0,'2013-11-12','2013-11-19','2013-11-16 15:38:08','2013-11-16 15:38:08'),(88,7,95,14,'3kg rice, 8 canned goods, 1kg biscuit, 6L water',NULL,821,0,'2013-11-14','2013-11-17','2013-11-16 15:40:11','2013-11-16 15:40:11'),(89,7,98,14,'3kg rice, 8 canned goods, 1kg biscuit, 6L water',NULL,410,0,'2013-11-13','2013-11-17','2013-11-16 15:41:02','2013-11-16 15:41:02'),(90,7,95,14,'3kg rice, 8 canned goods, 1kg biscuit, 6L water',NULL,820,0,'2013-11-15','2013-11-18','2013-11-16 15:42:28','2013-11-16 15:42:28'),(91,7,61,14,'3kg rice, 8 canned goods, 1kg biscuit, 6L water',NULL,185,0,'2013-11-12','2013-11-17','2013-11-16 15:43:28','2013-11-16 15:43:28'),(92,7,115,14,'3kg rice, 8 canned goods, 1kg biscuit, 6L water',NULL,310,0,'2013-11-14','2013-11-17','2013-11-16 15:45:28','2013-11-16 15:45:28'),(93,7,124,14,'3kg rice, 8 canned goods, 1kg biscuit, 6L water',NULL,590,0,'2013-11-14','2013-11-17','2013-11-16 15:54:26','2013-11-16 15:54:26'),(94,7,118,30,'30 sacks of rice, 30 sacks canned goods',NULL,450,0,'2013-11-14','2013-11-21','2013-11-16 15:55:59','2013-11-16 15:55:59'),(95,7,125,14,'3kg rice, 8 canned goods, 1kg biscuit, 6L water',NULL,280,0,'2013-11-12','2013-11-15','2013-11-16 15:57:13','2013-11-16 15:57:13'),(96,7,125,14,'3kg rice, 8 canned goods, 1kg biscuit, 6L water',NULL,45,0,'2013-11-14','2013-11-17','2013-11-16 15:57:57','2013-11-16 15:57:57'),(97,7,134,14,'3kg rice, 8 canned goods, 1kg biscuit, 6L water',NULL,650,0,'2013-11-13','2013-11-16','2013-11-16 15:59:00','2013-11-16 15:59:00'),(98,7,140,14,'3kg rice, 8 canned goods, 1kg biscuit, 6L water',NULL,250,0,'2013-11-15','2013-11-18','2013-11-16 16:00:08','2013-11-16 16:00:08'),(99,7,141,14,'3kg rice, 8 canned goods, 1kg biscuit, 6L water',NULL,200,0,'2013-11-14','2013-11-17','2013-11-16 16:01:11','2013-11-16 16:01:11'),(100,7,142,14,'3kg rice, 8 canned goods, 1kg biscuit, 6L water',NULL,150,0,'2013-11-14','2013-11-17','2013-11-16 16:02:12','2013-11-16 16:02:12'),(101,7,143,14,'3kg rice, 8 canned goods, 1kg biscuit, 6L water',NULL,70,0,'2013-11-14','2013-11-17','2013-11-16 16:03:07','2013-11-16 16:03:07'),(102,7,150,14,'3kg rice, 8 canned goods, 1kg biscuit, 6L water',NULL,100,0,'2013-11-12','2013-11-16','2013-11-16 16:04:14','2013-11-16 16:04:14'),(103,7,151,14,'3kg rice, 8 canned goods, 1kg biscuit, 6L water',NULL,100,0,'2013-11-13','2013-11-16','2013-11-16 16:05:05','2013-11-16 16:05:05'),(104,7,155,14,'3kg rice, 8 canned goods, 1kg biscuit, 6L water',NULL,100,0,'2013-11-13','2013-11-16','2013-11-16 16:06:04','2013-11-16 16:06:04'),(105,7,157,32,'2K rice, 3 canned goods, 2 noodles & 1L water',NULL,50,0,'2013-11-13','2013-11-15','2013-11-16 16:07:03','2013-11-16 16:07:03'),(106,7,157,14,'3kg rice, 8 canned goods, 1kg biscuit, 6L water',NULL,71,0,'2013-11-12','2013-11-15','2013-11-16 16:07:57','2013-11-16 16:07:57'),(107,7,159,14,'3kg rice, 8 canned goods, 1kg biscuit, 6L water',NULL,70,0,'2013-11-14','2013-11-17','2013-11-16 16:08:45','2013-11-16 16:08:45'),(108,7,159,14,'3kg rice, 8 canned goods, 1kg biscuit, 6L water',NULL,200,0,'2013-11-15','2013-11-18','2013-11-16 16:09:33','2013-11-16 16:09:33'),(109,7,160,14,'3kg rice, 8 canned goods, 1kg biscuit, 6L water',NULL,70,0,'2013-11-14','2013-11-17','2013-11-16 16:11:42','2013-11-16 16:11:42'),(110,7,161,14,'3kg rice, 8 canned goods, 1kg biscuit, 6L water',NULL,150,0,'2013-11-12','2013-11-15','2013-11-16 16:12:36','2013-11-16 16:12:36'),(111,7,162,14,'3kg rice, 8 canned goods, 1kg biscuit, 6L water',NULL,65,0,'2013-11-13','2013-11-16','2013-11-16 16:13:29','2013-11-16 16:13:29'),(112,7,218,3,'Assorted Items',NULL,180,0,'2013-11-14','2013-11-16','2013-11-16 16:25:55','2013-11-16 16:25:55'),(113,7,242,30,'57 sacks of rice, 59 sacks canned goods',NULL,855,0,'2013-11-11','2013-11-18','2013-11-16 16:27:03','2013-11-16 16:27:03'),(114,7,88,33,'2kg Rice, 3canned goods, 2noodles, sabon, milo, milk, matches',NULL,200,0,'2013-11-13','2013-11-16','2013-11-16 16:28:54','2013-11-16 16:28:54'),(115,7,56,32,'2K rice, 3 canned goods, 2 noodles & 1L water',NULL,650,0,'2013-11-13','2013-11-14','2013-11-16 16:29:59','2013-11-16 16:29:59'),(116,7,62,32,'2K rice, 3 canned goods, 2 noodles & 1L water',NULL,650,0,'2013-11-13','2013-11-14','2013-11-16 16:30:48','2013-11-16 16:30:48'),(117,7,93,35,'2 bottles water, 2 kg rice, 2 packs noodles, 1 can sardines, 1 can beef loaf, 1 pack bear brand milk powder',NULL,2000,0,'2013-11-13','2013-11-16','2013-11-16 16:31:51','2013-11-16 16:31:51'),(118,7,594,14,'3kg rice, 8 canned goods, 1kg biscuit, 6L water',NULL,70,0,'2013-11-14','2013-11-17','2013-11-16 16:44:36','2013-11-16 16:44:36'),(119,7,594,14,'3kg rice, 8 canned goods, 1kg biscuit, 6L water',NULL,200,0,'2013-11-15','2013-11-18','2013-11-16 16:45:18','2013-11-16 16:45:18'),(129,7,13,9,'rice, canned goods, water',NULL,200,0,'2013-11-10','2013-11-12','2013-11-17 07:00:41','2013-11-17 07:00:41'),(130,7,13,9,'rice, canned goods, water, noodles, cereals',NULL,1200,0,'2013-11-13','2013-11-15','2013-11-17 07:01:18','2013-11-17 07:01:18'),(131,7,13,9,'rice, sardines, noodles, biscuits, 1 L water',NULL,500,0,'2013-11-14','2013-11-16','2013-11-17 07:01:54','2013-11-17 07:01:54'),(132,7,13,30,'83 sacks of rice, 98 sacks of canned goods',NULL,1245,0,'2013-11-10','2013-11-13','2013-11-17 07:02:43','2013-11-17 07:02:43'),(133,7,13,30,'494 sacks of rice, 15 packs of rice, 235 sacks of canned goods, 15 packs of canned goods',NULL,7425,0,'2013-11-13','2013-11-18','2013-11-17 07:03:49','2013-11-17 07:03:49'),(134,7,14,27,'Additional Item:\r\n205 cases of water',NULL,1300,0,'2013-11-13','2013-11-15','2013-11-17 07:13:57','2013-11-17 07:13:57'),(135,7,14,30,'33 sacks of rice, 5 packs of rice, 16 sacks of canned goods, 20 packs of canned goods',NULL,500,0,'2013-11-09','2013-11-11','2013-11-17 07:14:41','2013-11-17 07:14:41'),(136,7,14,30,'50 sacks of rice, 50 sacks of canned goods',NULL,750,0,'2013-11-10','2013-11-11','2013-11-17 07:15:36','2013-11-17 07:15:36'),(137,7,14,30,'434 sacks of rice, 467 sacks of canned goods',NULL,6405,0,'2013-11-13','2013-11-15','2013-11-17 07:16:15','2013-11-17 07:16:15'),(138,7,15,3,'Bottled Water (2 truckloads)',NULL,2,0,'2013-11-11','2013-11-13','2013-11-17 07:17:31','2013-11-17 07:17:31'),(139,7,15,27,'Bottled Water 262 Individual Bottles of Water 3Boxes of Medicine 8 Boxes of Bread 9 Boxes Crackers 1Box of cereals&coffee 10 Boxes of Cereal Drink',NULL,1045,0,'2013-11-12','2013-11-15','2013-11-17 07:22:02','2013-11-17 07:22:02'),(140,7,15,30,'33 sacks of rice, 5 packs of rice, 16 sakcs of canned goods, 20 packs of canned goods',NULL,500,0,'2013-11-09','2013-11-10','2013-11-17 07:22:41','2013-11-17 07:22:41'),(141,7,15,30,'70 sacks of rice, 70 sacks of canned goods',NULL,1050,0,'2013-11-10','2013-11-11','2013-11-17 07:27:33','2013-11-17 07:27:33'),(142,7,15,30,'214 sacks of rice, 214 sacks of canned goods',NULL,3081,0,'2013-11-12','2013-11-15','2013-11-17 07:29:52','2013-11-17 07:29:52'),(143,7,16,14,'3kg rice, 8 canned goods, 1kg biscuit, 6L water',NULL,265,0,'2013-11-14','2013-11-15','2013-11-17 07:40:28','2013-11-17 07:40:28'),(144,7,16,32,'2K rice, 3 canned goods, 2 noodles & 1L water',NULL,1500,0,'2013-11-15','2013-11-17','2013-11-17 07:42:29','2013-11-17 07:42:29'),(145,7,16,27,'210 Cases of Water',NULL,1500,0,'2013-11-19','2013-11-19','2013-11-17 07:43:18','2013-11-17 07:43:18'),(146,7,16,30,'50 sacks of rice, 50 sacks of canned goods',NULL,750,0,'2013-11-10','2013-11-11','2013-11-17 07:50:21','2013-11-17 07:50:21'),(147,7,16,30,'80 sacks of rice, 80 sacks of canned goods',NULL,1200,0,'2013-11-11','2013-11-13','2013-11-17 07:51:09','2013-11-17 07:51:09'),(148,7,16,34,'water, canned goods, rice, crackers, soap, and detergent\r\n1884 bottles of 1.5 L water, 20 bottles of 5gallon water, 600 plangganas,50 kgs of nails',NULL,300,0,'2013-11-14','2013-11-16','2013-11-17 07:53:09','2013-11-17 07:53:09'),(149,7,17,32,'2K rice, 3 canned goods, 2 noodles & 1L water',NULL,150,0,'2013-11-13','2013-11-14','2013-11-17 07:53:58','2013-11-17 07:53:58'),(150,7,17,27,'110 Bottled Water\r\n600 Bread Items',NULL,586,0,'2013-11-14','2013-11-15','2013-11-17 08:01:09','2013-11-17 08:01:09'),(151,7,17,30,'13 sacks of rice, 5 packs of rice, 13 sacks of canned goods',NULL,200,0,'2013-11-09','2013-11-10','2013-11-17 08:01:50','2013-11-17 08:01:50'),(152,7,17,30,'60 sacks of rice, 15 sacks canned goods',NULL,810,0,'2013-11-12','2013-11-14','2013-11-17 08:02:35','2013-11-17 08:02:35'),(153,7,18,14,'3kg rice, 8 canned goods, 1kg biscuit, 6L water',NULL,671,0,'2013-11-14','2013-11-15','2013-11-17 08:03:33','2013-11-17 08:03:33'),(154,7,18,32,'2K rice, 3 canned goods, 2 noodles & 1L water',NULL,450,0,'2013-11-09','2013-11-10','2013-11-17 08:05:01','2013-11-17 08:05:01'),(155,7,18,27,'110 Water Bottles\r\n1000 Bread Items',NULL,1000,0,'2013-11-14','2013-11-16','2013-11-17 08:05:39','2013-11-17 08:05:39'),(156,7,18,14,'3kg rice, 8 canned goods, 1kg biscuit, 6L water',NULL,76,0,'2013-11-12','2013-11-13','2013-11-17 08:06:20','2013-11-17 08:06:20'),(157,7,18,14,'3kg rice, 8 canned goods, 1kg biscuit, 6L water',NULL,100,0,'2013-11-14','2013-11-15','2013-11-17 08:10:46','2013-11-17 08:10:46'),(158,7,18,30,'50 sacks of rice, 50 sacks of canned goods',NULL,900,0,'2013-11-10','2013-11-12','2013-11-17 08:12:12','2013-11-17 08:12:12'),(159,7,18,30,'60 sacks of rice, 60 sacks of canned goods',NULL,900,0,'2013-11-11','2013-11-13','2013-11-17 08:13:09','2013-11-17 08:13:09'),(160,7,18,3,'Assorted Items',NULL,120,0,'2013-11-14','2013-11-14','2013-11-17 08:13:51','2013-11-17 08:13:51'),(161,7,18,3,'Assorted Items',NULL,612,0,'2013-11-15','2013-11-16','2013-11-17 08:14:26','2013-11-17 08:14:26'),(162,7,18,34,'water, canned goods, rice, crackers, soap, and detergent 1884 bottles of 1.5 L water, 20 bottles of 5gallon water, 600 plangganas, and 50 kgs of nails',NULL,1500,0,'2013-11-14','2013-11-16','2013-11-17 08:20:05','2013-11-17 08:20:05'),(163,7,19,8,'1kl of rice; \r\nskyflakes /3 packs of eggnog;1 box of cereal; \r\n3 canned goods;3noodles; \r\n2 medicine pads;1 big candle; 1 match 1 letter of hope',NULL,100,0,'2013-11-13','2013-11-13','2013-11-17 08:23:20','2013-11-17 08:23:20'),(164,7,19,27,'210 Cases of Water',NULL,1500,0,'2013-11-17','2013-11-18','2013-11-17 08:24:52','2013-11-17 08:24:52'),(165,7,19,30,'270 sacks of rice, 270 sacks of canned goods',NULL,4050,0,'2013-11-11','2013-11-13','2013-11-17 08:25:36','2013-11-17 08:25:36'),(166,7,24,30,'32 sacks of rice, 32 of canned goods',NULL,480,0,'2013-11-10','2013-11-11','2013-11-17 08:42:14','2013-11-17 08:44:44'),(167,7,24,30,'33 sacks of rice, 32 of canned goods',NULL,480,0,'2013-11-11','2013-11-12','2013-11-17 08:43:25','2013-11-17 08:43:25'),(168,7,24,30,'107 sacks of rice, 75 sacks of canned goods',NULL,1605,0,'2013-11-12','2013-11-14','2013-11-17 08:45:38','2013-11-17 08:45:38'),(169,7,25,32,'2K rice, 3 canned goods, 2 noodles & 1L water',NULL,100,0,'2013-11-15','2013-11-15','2013-11-17 08:47:12','2013-11-17 08:47:12'),(170,7,25,30,'127 sacks of rice, 75 sacks canned goods',NULL,9120,0,'2013-11-12','2013-11-16','2013-11-17 08:48:22','2013-11-17 08:48:22'),(171,7,26,30,'10 sacks of rice, 10 sacks of canned goods',NULL,150,0,'2013-11-08','2013-11-08','2013-11-17 08:49:55','2013-11-17 08:49:55'),(172,7,26,30,'11 sacks of rice, 10 sacks of canned goods',NULL,480,0,'2013-11-10','2013-11-11','2013-11-17 08:50:51','2013-11-17 08:50:51'),(173,7,26,30,'30 sacks of rice, 30 sacks of canned goods',NULL,420,0,'2013-11-12','2013-11-13','2013-11-17 08:51:52','2013-11-17 08:51:52'),(174,7,27,30,'20 sacks of rice, 20 sacks of canned goods',NULL,300,0,'2013-11-10','2013-11-10','2013-11-17 08:53:40','2013-11-17 08:53:40'),(175,7,27,30,'20 sacks of rice, 20 sacks of canned goods',NULL,300,0,'2013-11-11','2013-11-11','2013-11-17 08:54:30','2013-11-17 08:54:30'),(176,3,28,21,'Medicine boxes',NULL,10,0,'2013-11-13','2013-11-13','2013-11-17 08:57:32','2013-11-17 08:57:32'),(177,7,28,21,'Bottled water',NULL,200,0,'2013-11-13','2013-11-14','2013-11-17 08:58:05','2013-11-17 08:58:05'),(178,7,28,22,'Water, rice, noodles, sardines, biscuits, candles and matches (1 truckload)',NULL,1,0,'2013-11-17','2013-11-18','2013-11-17 08:58:53','2013-11-17 08:58:53'),(179,7,29,3,'Assorted Items',NULL,144,0,'2013-11-15','2013-11-15','2013-11-17 09:00:19','2013-11-17 09:00:19'),(180,7,30,8,'1 kilo of rice;  skyflakes/3 packs of eggnog; 1 box of cereal; \r\n3 canned goods; 3 noodles; \r\n2 medicine pads;1 big candle; 1 match; 1 letter of hope',NULL,100,0,'2013-11-13','2013-11-13','2013-11-17 09:02:38','2013-11-17 09:02:38'),(181,7,595,3,'Assorted Items',NULL,72,0,'2013-11-15','2013-11-15','2013-11-17 09:06:20','2013-11-17 09:06:20'),(182,7,596,3,'Assorted Items',NULL,120,0,'2013-11-15','2013-11-15','2013-11-17 09:07:04','2013-11-17 09:07:04'),(183,7,11,3,'Assorted Items',NULL,360,0,'2013-11-15','2013-11-16','2013-11-17 09:07:35','2013-11-17 09:07:35'),(184,7,598,32,'2K rice, 3 canned goods, 2 noodles & 1L water',NULL,1920,0,'2013-11-14','2013-11-16','2013-11-17 09:08:08','2013-11-17 09:08:08'),(185,7,18,61,'2K of rice, 3 canned goods, 2 packs of noodles, 1L of water',NULL,450,0,'2013-11-09','2013-11-10','2013-11-17 09:08:51','2013-11-17 09:08:51'),(186,7,598,61,'2K of rice, 3 canned goods, 2 packs of noodles, 1L of water',NULL,1920,0,'2013-11-14','2013-11-17','2013-11-17 09:09:30','2013-11-17 09:09:30'),(187,7,24,61,'2K of rice, 3 canned goods, 2 packs of noodles, 1L of water',NULL,100,0,'2013-11-15','2013-11-15','2013-11-17 09:10:06','2013-11-17 09:10:06'),(188,7,16,61,'2K of rice, 3 canned goods, 2 packs of noodles, 1L of water',NULL,1400,0,'2013-11-15','2013-11-17','2013-11-17 09:10:47','2013-11-17 09:10:47'),(194,7,15,10,NULL,NULL,0,0,'2013-11-17','2013-11-18','2013-11-17 13:50:31','2013-11-17 13:50:31'),(195,7,16,13,NULL,NULL,100,0,'2013-11-14','2013-11-14','2013-11-17 13:51:49','2013-11-17 13:51:49'),(196,3,16,15,NULL,NULL,0,0,'2013-11-17','2013-11-19','2013-11-17 13:52:35','2013-11-17 13:52:35'),(197,7,18,13,NULL,NULL,0,0,'2013-11-17','2013-11-17','2013-11-17 13:53:57','2013-11-17 13:53:57'),(198,3,18,6,NULL,NULL,100,0,'2013-11-11','2013-11-12','2013-11-17 13:54:53','2013-11-17 13:54:53'),(199,6,18,18,NULL,NULL,0,0,'2013-11-15','2013-11-16','2013-11-17 13:55:43','2013-11-17 13:55:43'),(200,7,19,19,NULL,NULL,0,0,'2013-11-19','2013-11-19','2013-11-17 13:56:45','2013-11-17 13:56:45'),(201,7,24,20,NULL,NULL,0,0,'2013-11-13','2013-11-14','2013-11-17 13:58:06','2013-11-17 13:58:06'),(202,3,25,20,NULL,NULL,0,0,'2013-11-13','2013-11-14','2013-11-17 13:59:43','2013-11-17 13:59:43'),(203,7,58,62,'5kg rice, 15 canned goods, 5 gallons of water',NULL,500,2000,'2013-11-18','2013-11-23','2013-11-17 14:04:41','2013-11-17 14:04:41'),(204,7,29,8,NULL,NULL,0,0,'2013-11-13','2013-11-15','2013-11-17 14:07:11','2013-11-17 14:07:11'),(205,7,628,26,'Individual packs (2 kg. rice, 6 energen, 3 milo, 3 noodles, 2 500ml bottled water)',NULL,365,1825,'2013-11-16','2013-11-18','2013-11-19 00:58:36','2013-11-19 00:58:36'),(206,7,273,30,'3.3kg  rice',NULL,225,1125,'2013-11-16','2013-11-19','2013-11-19 01:00:32','2013-11-19 01:00:32'),(207,7,628,26,'Individual Rice, energen, milo, noodles, bottled water',NULL,71,355,'2013-11-16','2013-11-17','2013-11-19 01:07:50','2013-11-19 01:07:50'),(208,7,12,30,'3.3 kg of rice, 313 sacks of canned goods',NULL,4695,23475,'2013-11-14','2013-11-17','2013-11-19 01:12:10','2013-11-19 01:12:10'),(209,7,12,30,'3.3 kg of rice, assorted canned goods',NULL,7260,36300,'2013-11-16','2013-11-19','2013-11-19 01:15:13','2013-11-19 01:15:13'),(210,7,9,30,'3.3 kg of rice, 4 sacks of canned goods',NULL,60,300,'2013-11-15','2013-11-18','2013-11-19 01:22:38','2013-11-19 01:22:38'),(211,7,40,30,'3.2 kg of rice, 2 pack sof rice, 7 sacks of canned goods, 2 packs of canned goods',NULL,107,535,'2013-11-15','2013-11-18','2013-11-19 01:24:10','2013-11-19 01:24:10'),(212,7,13,30,'3.3 kg of rice, 433 sacks of canned goods',NULL,6495,32475,'2013-11-14','2013-11-17','2013-11-19 01:26:04','2013-11-19 01:26:04'),(213,7,13,26,'1 pack biscuits, 3 sardines, 1 pack candy, 2 bottled 500ml water, 6pcs energen, 2 kg rice',NULL,300,1500,'2013-11-16','2013-11-18','2013-11-19 01:27:38','2013-11-19 01:27:38'),(214,7,56,61,'2kg of rice,  3 canned goods,  2 packs of noodles, 1L of water',NULL,800,4000,'2013-11-16','2013-11-18','2013-11-19 01:28:25','2013-11-19 01:28:25'),(215,7,62,61,'2 Kg of rice,  3 canned goods,  2 packs of noodles, 1L of water',NULL,50,250,'2013-11-16','2013-11-18','2013-11-19 01:29:08','2013-11-19 01:29:08'),(216,7,14,30,'3.3 kg of rice, 277 sacks of canned goods',NULL,4155,20775,'2013-11-14','2013-11-17','2013-11-19 01:30:21','2013-11-19 01:30:21'),(217,7,67,2,'5 kg rice, 2 canned goods, 4 noodles, 150g milk, 500g sugar, 500g salt, toiletries (soap, shampoo, toothbrush, toothpaste), 4L water',NULL,816,4080,'2013-11-18','2013-11-23','2013-11-19 01:31:40','2013-11-19 01:31:40'),(218,7,69,2,'5 kg rice, 2 canned goods, 4 noodles, 150g milk, 500g sugar, 500g salt, toiletries (soap, shampoo, toothbrush, toothpaste), 4L water',NULL,437,2185,'2013-11-18','2013-11-23','2013-11-19 01:32:32','2013-11-19 01:32:32'),(219,7,70,2,'5 kg rice, 2 canned goods, 4 noodles, 150g milk, 500g sugar, 500g salt, toiletries (soap, shampoo, toothbrush, toothpaste), 4L water',NULL,479,2395,'2013-11-18','2013-11-23','2013-11-19 01:33:27','2013-11-19 01:33:27'),(220,7,15,30,'3.3 kg of rice, 25 sacks of canned goods',NULL,375,1875,'2013-11-16','2013-11-19','2013-11-19 01:34:37','2013-11-19 01:34:37'),(221,7,15,30,'3.3 kg of rice, 200 sacks of canned goods',NULL,3000,15000,'2013-11-17','2013-11-20','2013-11-19 01:35:23','2013-11-19 01:35:23'),(222,7,15,26,'1 can meat, 2 cans fish, 1 L water, 1.5 kg sugar',NULL,3000,15000,'2013-11-17',NULL,'2013-11-19 01:38:46','2013-11-19 01:38:46'),(223,7,273,26,'1 can meat,  2 cans fish , 1L water , 1.5 kg sugar',NULL,225,1125,'2013-11-16',NULL,'2013-11-19 02:01:14','2013-11-19 02:01:14'),(224,6,265,3,'Assorted Items',NULL,72,360,'2013-11-16',NULL,'2013-11-19 02:03:08','2013-11-19 02:03:08'),(225,7,26,30,'3kg rice, 389 sacks of canned goods',NULL,6340,31700,'2013-11-14','2013-11-17','2013-11-19 02:04:33','2013-11-19 02:04:33'),(226,7,26,30,'3.3kg rice, 150 sacks of canned goods',NULL,2250,11250,'2013-11-16','2013-11-19','2013-11-19 02:05:51','2013-11-19 02:05:51'),(227,7,25,30,'3.3kg rice',NULL,750,3750,'2013-11-15','2013-11-18','2013-11-19 02:07:30','2013-11-19 02:07:30'),(228,7,25,30,'3.3kg rice, 200 sacks of canned goods',NULL,3000,15000,'2013-11-17','2013-11-20','2013-11-19 02:11:45','2013-11-19 02:11:45'),(229,7,234,2,'5 kg rice, 2 canned goods, 4 noodles, 150g milk, 500g sugar, 500g salt, toiletries (soap, shampoo, toothbrush, toothpaste), 4L water',NULL,410,2050,'2013-11-18','2013-11-23','2013-11-19 02:14:23','2013-11-19 02:14:23'),(230,7,234,30,'3.3kg rice',NULL,225,1125,'2013-11-16','2013-11-19','2013-11-19 02:15:45','2013-11-19 02:15:45'),(231,7,236,2,'5 kg rice, 2 canned goods, 4 noodles, 150g milk, 500g sugar, 500g salt, toiletries (soap, shampoo, toothbrush, toothpaste), 4L water',NULL,410,2050,'2013-11-18','2013-11-23','2013-11-19 02:18:41','2013-11-19 02:18:41'),(232,7,238,2,'5 kg rice, 2 canned goods, 4 noodles, 150g milk, 500g sugar, 500g salt, toiletries (soap, shampoo, toothbrush, toothpaste), 4L water',NULL,194,970,'2013-11-18','2013-11-23','2013-11-19 02:20:11','2013-11-19 02:20:11'),(233,7,239,2,'5 kg rice, 2 canned goods, 4 noodles, 150g milk, 500g sugar, 500g salt, toiletries (soap, shampoo, toothbrush, toothpaste), 4L water',NULL,587,2935,'2013-11-18','2013-11-23','2013-11-19 02:23:32','2013-11-19 02:23:32'),(234,7,610,36,'5 kg rice, 2 canned goods, 4 noodles, 150g milk, 500g sugar, 500g salt, toiletries (soap, shampoo, toothbrush, toothpaste), 4L water',NULL,151,755,'2013-11-18','2013-11-23','2013-11-19 02:25:07','2013-11-19 02:25:07'),(235,7,231,30,'3.3kg rice',NULL,195,975,'2013-11-15','2013-11-18','2013-11-19 02:27:27','2013-11-19 02:27:27'),(236,7,222,2,'5 kg rice, 2 canned goods, 4 noodles, 150g milk, 500g sugar, 500g salt, toiletries (soap, shampoo, toothbrush, toothpaste), 4L water',NULL,313,1565,'2013-11-16','2013-11-21','2013-11-19 02:30:14','2013-11-19 02:30:14'),(237,7,221,2,'5 kg rice, 2 canned goods, 4 noodles, 150g milk, 500g sugar, 500g salt, toiletries (soap, shampoo, toothbrush, toothpaste), 4L water',NULL,334,1670,'2013-11-16','2013-11-21','2013-11-19 02:31:20','2013-11-19 02:31:20'),(238,7,219,2,'5 kg rice, 2 canned goods, 4 noodles, 150g milk, 500g sugar, 500g salt, toiletries (soap, shampoo, toothbrush, toothpaste), 4L water',NULL,497,2485,'2013-11-16','2013-11-21','2013-11-19 02:35:41','2013-11-19 02:35:41'),(239,7,217,2,'5 kg rice, 2 canned goods, 4 noodles, 150g milk, 500g sugar, 500g salt, toiletries (soap, shampoo, toothbrush, toothpaste), 4L water',NULL,369,1845,'2013-11-16','2013-11-21','2013-11-19 02:37:47','2013-11-19 02:37:47'),(240,7,215,2,'5 kg rice, 2 canned goods, 4 noodles, 150g milk, 500g sugar, 500g salt, toiletries (soap, shampoo, toothbrush, toothpaste), 4L water',NULL,140,700,'2013-11-16','2013-11-21','2013-11-19 02:42:54','2013-11-19 02:42:54'),(241,5,215,36,'Laminated sack/trapal (5m), rope',NULL,63,315,'2013-11-16',NULL,'2013-11-19 02:44:15','2013-11-19 02:44:15'),(242,7,211,2,'5 kg rice, 2 canned goods, 4 noodles, 150g milk, 500g sugar, 500g salt, toiletries (soap, shampoo, toothbrush, toothpaste), 4L water',NULL,296,1480,'2013-11-16','2013-11-21','2013-11-19 02:45:39','2013-11-19 02:45:39'),(243,7,24,30,'3.3kg rice, 150 sacks of canned goods',NULL,2250,11250,'2013-11-16','2013-11-21','2013-11-19 02:46:47','2013-11-19 02:46:47'),(244,7,24,26,'1 can meat,  2 cans fish , 1L water , 1.5 kg sugar',NULL,2580,12900,'2013-11-17',NULL,'2013-11-19 02:48:25','2013-11-19 02:48:25'),(245,7,23,30,'3.3kg rice',NULL,3000,15000,'2013-11-17','2013-11-20','2013-11-19 02:50:27','2013-11-19 02:50:27'),(246,7,23,26,'1 can meat,  2 cans fish , 1L water , 1.5 kg sugar',NULL,3000,15000,'2013-11-17','2013-11-20','2013-11-19 02:51:05','2013-11-19 02:51:05'),(247,7,22,30,'3.3kg rice',NULL,2250,11250,'2013-11-17','2013-11-20','2013-11-19 02:53:03','2013-11-19 02:53:03'),(248,7,22,26,'1 can meat,  2 cans fish , 1L water , 1.5 kg sugar',NULL,2250,11250,'2013-11-16',NULL,'2013-11-19 02:53:47','2013-11-19 02:53:47'),(249,6,21,3,'Assorted Items',NULL,120,600,'2013-11-16',NULL,'2013-11-19 02:58:17','2013-11-19 02:58:17'),(250,7,21,30,'4.4kg rice',NULL,2250,11250,'2013-11-17','2013-11-21','2013-11-19 02:59:15','2013-11-19 02:59:15'),(251,7,21,26,'1 can meat,  2 cans fish , 1L water , 1.5 kg sugar',NULL,2250,11250,'2013-11-17',NULL,'2013-11-19 02:59:55','2013-11-19 02:59:55'),(252,7,162,2,'5 kg rice, 2 canned goods, 4 noodles, 150g milk, 500g sugar, 500g salt, toiletries (soap, shampoo, toothbrush, toothpaste), 4L water',NULL,257,1285,'2013-11-16','2013-11-21','2013-11-19 03:02:56','2013-11-19 03:02:56'),(253,7,162,52,'1kg rice, 2 bottled water, 2 canned goods, 2 noodles',NULL,100,500,'2013-11-16','2013-11-17','2013-11-19 03:04:58','2013-11-19 03:04:58'),(254,7,628,64,'Cup noodles, rice, mineral water, sardines',NULL,565,2825,'2013-11-16','2013-11-19','2013-11-19 03:13:26','2013-11-19 03:13:26'),(255,7,157,63,'50 food kits, 2K of rice, 3 canned goods, 2 packs of noodles, 1L of water',NULL,50,2500,'2013-11-09','2013-11-11','2013-11-19 03:14:02','2013-11-19 03:14:02'),(256,7,628,65,'4.1 kg of rice',NULL,240,1200,'2013-11-16','2013-11-20','2013-11-19 03:15:31','2013-11-19 03:15:31'),(257,7,154,2,'5 kg rice, 2 canned goods, 4 noodles, 150g milk, 500g sugar, 500g salt, toiletries (soap, shampoo, toothbrush, toothpaste), 4L water',NULL,1311,6555,'2013-11-16','2013-11-21','2013-11-19 03:18:02','2013-11-19 03:18:02'),(258,7,154,14,'3kg rice, 8 canned goods, 1kg biscuit, 6L water',NULL,500,2500,'2013-11-17','2013-11-20','2013-11-19 03:18:55','2013-11-19 03:18:55'),(259,7,84,26,'I pack biscuit, I pack candy, 1kg rice, 2 canned goods, 6 noodles',NULL,30,150,'2013-11-12','2013-11-13','2013-11-19 03:19:12','2013-11-19 03:19:12'),(260,7,153,2,'5 kg rice, 2 canned goods, 4 noodles, 150g milk, 500g sugar, 500g salt, toiletries (soap, shampoo, toothbrush, toothpaste), 4L water',NULL,339,1695,'2013-11-16','2013-11-21','2013-11-19 03:20:06','2013-11-19 03:20:06'),(261,7,153,52,'1kg rice, 2 bottled water, 2 canned goods, 2 noodles',NULL,402,2010,'2013-11-16','2013-11-17','2013-11-19 03:21:09','2013-11-19 03:21:09'),(262,7,84,14,'3kg rice, 8 canned goods, 1kg biscuit, 6L water',NULL,750,3750,'2013-11-16','2013-11-19','2013-11-19 03:21:31','2013-11-19 03:21:31'),(263,7,151,2,'5 kg rice, 2 canned goods, 4 noodles, 150g milk, 500g sugar, 500g salt, toiletries (soap, shampoo, toothbrush, toothpaste), 4L water',NULL,99,495,'2013-11-16','2013-11-21','2013-11-19 03:22:34','2013-11-19 03:22:34'),(264,7,85,30,'3.3 kg of rice, 300 sacks of canned goods, 27 packs of canned goods',NULL,4500,22501,'2013-11-15','2013-11-18','2013-11-19 03:22:35','2013-11-19 03:22:35'),(265,7,148,2,'5 kg rice, 2 canned goods, 4 noodles, 150g milk, 500g sugar, 500g salt, toiletries (soap, shampoo, toothbrush, toothpaste), 4L water',NULL,1252,6260,'2013-11-16','2013-11-21','2013-11-19 03:23:50','2013-11-19 03:23:50'),(266,7,85,26,'1 can meat, 2 cans fish, 1 L water',NULL,200,1000,'2013-11-16','2013-11-18','2013-11-19 03:26:25','2013-11-19 03:26:25'),(267,7,16,30,'3.3 kg of rice, 320 sacks of canned goods',NULL,4800,24000,'2013-11-13','2013-11-16','2013-11-19 03:27:45','2013-11-19 03:27:45'),(268,7,16,30,'3.3 kg of rice, 320 sacks of canned goods',NULL,4800,24000,'2013-11-14','2013-11-17','2013-11-19 03:28:29','2013-11-19 03:28:29'),(269,7,147,2,'5 kg rice, 2 canned goods, 4 noodles, 150g milk, 500g sugar, 500g salt, toiletries (soap, shampoo, toothbrush, toothpaste), 4L water',NULL,550,2750,'2013-11-16','2013-11-21','2013-11-19 03:28:47','2013-11-19 03:28:47'),(270,7,16,30,'3.3 kg of rice, 200 sacks of canned goods',NULL,3000,15000,'2013-11-17','2013-11-20','2013-11-19 03:29:14','2013-11-19 03:29:14'),(271,7,147,14,'3kg rice, 8 canned goods, 1kg biscuit, 6L water',NULL,900,4500,'2013-11-17','2013-11-20','2013-11-19 03:29:46','2013-11-19 03:29:46'),(272,7,16,26,'noodles, canned goods, rice, water, bioderm soap',NULL,50,250,'2013-11-16','2013-11-19','2013-11-19 03:30:06','2013-11-19 03:30:06'),(273,7,16,26,'1 can meat, 2 cans fish,  1.5 kg sugar',NULL,200,1000,'2013-11-16',NULL,'2013-11-19 03:30:56','2013-11-19 03:30:56'),(274,7,145,2,'5 kg rice, 2 canned goods, 4 noodles, 150g milk, 500g sugar, 500g salt, toiletries (soap, shampoo, toothbrush, toothpaste), 4L water',NULL,1252,6260,'2013-11-16','2013-11-21','2013-11-19 03:31:31','2013-11-19 03:31:31'),(275,7,16,67,'2 kg rice, 2 cans sardines, 4 packs noodles, 2L water',NULL,200,1000,'2013-11-16','2013-11-18','2013-11-19 03:32:11','2013-11-19 03:32:11'),(276,7,145,30,'3kg rice, 230 sacks of canned goods',NULL,3810,19050,'2013-11-15','2013-11-18','2013-11-19 03:32:26','2013-11-19 03:32:26'),(277,7,96,31,'puso, water, biscuits, sardines',NULL,240,1200,'2013-11-17','2013-11-18','2013-11-19 03:33:24','2013-11-19 03:33:24'),(278,7,98,30,'3.3 kg of rice, 33 sacks of canned goods',NULL,495,2475,'2013-11-16','2013-11-19','2013-11-19 03:34:17','2013-11-19 03:34:17'),(279,7,99,14,'3kg rice, 8 canned goods, 1kg biscuit, 6L water',NULL,585,2925,'2013-11-16','2013-11-19','2013-11-19 03:34:59','2013-11-19 03:34:59'),(280,6,102,3,'Assorted Items',NULL,168,840,'2013-11-16',NULL,'2013-11-19 03:36:14','2013-11-19 03:36:14'),(281,7,102,30,'3.3 kg of rice, 10 sacks of canned goods',NULL,750,3750,'2013-11-14','2013-11-17','2013-11-19 03:36:54','2013-11-19 03:36:54'),(282,7,102,30,'4.1 kg of rice, 12 packs of rice',NULL,600,3000,'2013-11-14','2013-11-18','2013-11-19 03:37:44','2013-11-19 03:37:44'),(283,7,102,26,'1 can meat , 2 cans fish, 1.5 kg sugar',NULL,600,3000,'2013-11-16',NULL,'2013-11-19 03:38:22','2013-11-19 03:38:22'),(284,7,104,31,'8kg rice, 4 sardines, 6pcs noodles, 3pcs 1L bottled water, 1 soap, 1 set med. kit, 1/2 kg sugar, 1/2kg salt, 1/2kg monggo, 1pc mat&blanket, 1 pail',NULL,726,3630,'2013-11-18','2013-11-26','2013-11-19 03:45:54','2013-11-19 03:45:54'),(285,7,105,30,'3.3 kg of rice, 25 sacks of canned goods',NULL,375,1875,'2013-11-16','2013-11-19','2013-11-19 03:46:42','2013-11-19 03:46:42'),(286,7,139,14,'3kg rice, 8 canned goods, 1kg biscuit, 6L water',NULL,378,1890,'2013-11-17','2013-11-20','2013-11-19 03:46:56','2013-11-19 03:46:56'),(287,7,138,14,'3kg rice, 8 canned goods, 1kg biscuit, 6L water',NULL,270,1350,'2013-11-16','2013-11-19','2013-11-19 03:47:48','2013-11-19 03:47:48'),(288,7,106,68,'Rice, Sardines, Mineral water, noodles',NULL,750,3750,'2013-11-17','2013-11-20','2013-11-19 03:48:30','2013-11-19 03:48:30'),(289,7,137,52,'1kg rice, 2 bottled water, 2 canned goods, 2 noodles',NULL,550,2750,'2013-11-16','2013-11-17','2013-11-19 03:48:39','2013-11-19 03:48:39'),(290,7,107,68,'Rice, Sardines, Mineral water, noodles',NULL,750,3750,'2013-11-17','2013-11-20','2013-11-19 03:49:48','2013-11-19 03:49:48'),(291,7,110,69,'\"1 kg rice, 3 pack noodles, 2 canned goods, 1L water\r\nAdditional item: Assorted Clothing\"',NULL,100,500,'2013-11-16','2013-11-17','2013-11-19 03:50:44','2013-11-19 03:50:44'),(292,7,18,69,'1 kg rice, 3 packs noodles, 2 canned goods, 1L water',NULL,45,225,'2013-11-16','2013-11-17','2013-11-19 03:51:00','2013-11-19 03:51:00'),(293,7,110,70,'Rice, sardines, noodles, biscuits, 1 L water',NULL,350,1750,'2013-11-16','2013-11-19','2013-11-19 03:52:59','2013-11-19 03:52:59'),(294,7,17,30,'3.2 kg of rice, 15 packs of rice, 84 sacks of canned goods, 15 packs of canned goods',NULL,1065,5325,'2013-11-13','2013-11-16','2013-11-19 03:53:51','2013-11-19 03:53:51'),(295,9,18,71,'2 kg rice, 2 canned goods, 3 packs noodles, 1L water',NULL,150,750,'2013-11-16','2013-11-18','2013-11-19 03:54:12','2013-11-19 03:54:12'),(296,7,17,30,'3.3 kg of rice, 150 sacks of canned goods',NULL,2250,11250,'2013-11-15','2013-11-18','2013-11-19 03:54:31','2013-11-19 03:54:31'),(297,7,17,30,'3.3 kg of rice',NULL,3000,15000,'2013-11-16','2013-11-19','2013-11-19 03:55:08','2013-11-19 03:55:08'),(298,7,18,72,'food kits',NULL,450,2250,'2013-11-09',NULL,'2013-11-19 03:55:17','2013-11-19 03:55:17'),(299,7,17,30,'3.3 kg of rice, 200 sacks of canned goods',NULL,3000,15000,'2013-11-17','2013-11-20','2013-11-19 03:55:45','2013-11-19 03:55:45'),(300,7,17,30,'Assorted Goods',NULL,3000,15000,'2013-11-17',NULL,'2013-11-19 03:56:18','2013-11-19 03:56:18'),(301,7,17,26,'2 canned fish, 1 canned beef',NULL,3000,15000,'2013-11-17',NULL,'2013-11-19 03:58:21','2013-11-19 03:58:21'),(302,7,18,30,'3.3kg rice, 150 sacks of canned goods',NULL,2250,11250,'2013-11-14','2013-11-17','2013-11-19 03:58:49','2013-11-19 03:58:49'),(303,7,111,30,'3.3 kg of rice, 34 sacks of canned goods',NULL,510,2550,'2013-11-15','2013-11-18','2013-11-19 03:59:03','2013-11-19 03:59:03'),(304,7,111,14,'3kg rice, 8 canned goods, 1kg biscuit, 6L water',NULL,560,2800,'2013-11-18','2013-11-21','2013-11-19 04:00:02','2013-11-19 04:00:02'),(305,7,133,14,'3kg rice, 8 canned goods, 1kg biscuit, 6L water',NULL,625,3125,'2013-11-18','2013-11-21','2013-11-19 04:00:33','2013-11-19 04:00:33'),(306,7,114,30,'2.8 kg of rice, 4 packs of rice, 270 sacks of canned goods, 4 packs of canned goods',NULL,4769,23845,'2013-11-14','2013-11-16','2013-11-19 04:01:38','2013-11-19 04:01:38'),(307,7,118,30,'3.3 kg of rice',NULL,750,3750,'2013-11-15','2013-11-18','2013-11-19 04:03:02','2013-11-19 04:03:02'),(308,7,120,14,'3kg rice, 8 canned goods, 1kg biscuit, 6L water',NULL,440,2200,'2013-11-18','2013-11-21','2013-11-19 04:03:47','2013-11-19 04:03:47'),(309,7,121,14,'3kg rice, 8 canned goods, 1kg biscuit, 6L water',NULL,950,4750,'2013-11-16','2013-11-19','2013-11-19 04:05:15','2013-11-19 04:05:15'),(310,7,121,69,'\"1 kg rice, 3 packs noodles, 2 canned goods, 1L water\r\nAdditional Item: Assorted clothing\"',NULL,40,200,'2013-11-16','2013-11-17','2013-11-19 04:05:59','2013-11-19 04:05:59'),(311,7,123,30,'3.3 kg of rice, 22 sacks of canned goods',NULL,330,1650,'2013-11-15','2013-11-18','2013-11-19 04:06:44','2013-11-19 04:07:12'),(312,7,134,14,'3kg rice, 8 canned goods, 1kg biscuit, 6L water',NULL,650,3250,'2013-11-13','2013-11-16','2013-11-19 04:07:29','2013-11-19 04:07:29'),(313,7,123,31,'5 kilos rice, noodles, sardines, sausage, water',NULL,250,1250,'2013-11-17','2013-11-22','2013-11-19 04:08:20','2013-11-19 04:08:20'),(314,7,124,30,'3.3 kg of rice, 46 sacks of canned goods',NULL,690,3450,'2013-11-15','2013-11-18','2013-11-19 04:09:23','2013-11-19 04:09:23'),(315,7,129,14,'3kg rice, 8 canned goods, 1kg biscuit, 6L water',NULL,900,4500,'2013-11-16','2013-11-19','2013-11-19 04:10:03','2013-11-19 04:10:03'),(316,7,107,30,'3kg of rice, 13 packs of rice, 7 sacks of canned goods, 13 packs of canned goods',NULL,118,590,'2013-11-14','2013-11-17','2013-11-19 04:46:12','2013-11-19 04:46:12');
/*!40000 ALTER TABLE `aid` ENABLE KEYS */;
UNLOCK TABLES;

--
-- Table structure for table `aid_needed`
--

DROP TABLE IF EXISTS `aid_needed`;
/*!40101 SET @saved_cs_client     = @@character_set_client */;
/*!40101 SET character_set_client = utf8 */;
CREATE TABLE `aid_needed` (
  `id` int(11) NOT NULL AUTO_INCREMENT,
  `reporter` int(11) NOT NULL,
  `geo_id` int(11) NOT NULL,
  `description` varchar(45) COLLATE utf8_unicode_ci NOT NULL,
  `status` varchar(45) COLLATE utf8_unicode_ci DEFAULT NULL,
  `date_created` datetime NOT NULL,
  `date_updated` datetime NOT NULL,
  PRIMARY KEY (`id`),
  KEY `IDX_DE0CCFA176D6E0F2` (`reporter`),
  KEY `IDX_DE0CCFA1FA49D0B` (`geo_id`),
  CONSTRAINT `FK_DE0CCFA1FA49D0B` FOREIGN KEY (`geo_id`) REFERENCES `geo` (`id`) ON DELETE CASCADE,
  CONSTRAINT `FK_DE0CCFA176D6E0F2` FOREIGN KEY (`reporter`) REFERENCES `users` (`id`) ON DELETE CASCADE
) ENGINE=InnoDB DEFAULT CHARSET=utf8 COLLATE=utf8_unicode_ci;
/*!40101 SET character_set_client = @saved_cs_client */;

--
-- Dumping data for table `aid_needed`
--

LOCK TABLES `aid_needed` WRITE;
/*!40000 ALTER TABLE `aid_needed` DISABLE KEYS */;
/*!40000 ALTER TABLE `aid_needed` ENABLE KEYS */;
UNLOCK TABLES;

--
-- Table structure for table `aid_needed_types`
--

DROP TABLE IF EXISTS `aid_needed_types`;
/*!40101 SET @saved_cs_client     = @@character_set_client */;
/*!40101 SET character_set_client = utf8 */;
CREATE TABLE `aid_needed_types` (
  `aid_needed_id` int(11) NOT NULL,
  `aid_type_id` int(11) NOT NULL,
  PRIMARY KEY (`aid_needed_id`,`aid_type_id`),
  KEY `IDX_A7CC7F6FFB2F7513` (`aid_needed_id`),
  KEY `IDX_A7CC7F6F286B581` (`aid_type_id`),
  CONSTRAINT `FK_A7CC7F6F286B581` FOREIGN KEY (`aid_type_id`) REFERENCES `aid_type` (`id`),
  CONSTRAINT `FK_A7CC7F6FFB2F7513` FOREIGN KEY (`aid_needed_id`) REFERENCES `aid_needed` (`id`)
) ENGINE=InnoDB DEFAULT CHARSET=utf8 COLLATE=utf8_unicode_ci;
/*!40101 SET character_set_client = @saved_cs_client */;

--
-- Dumping data for table `aid_needed_types`
--

LOCK TABLES `aid_needed_types` WRITE;
/*!40000 ALTER TABLE `aid_needed_types` DISABLE KEYS */;
/*!40000 ALTER TABLE `aid_needed_types` ENABLE KEYS */;
UNLOCK TABLES;

--
-- Table structure for table `aid_type`
--

DROP TABLE IF EXISTS `aid_type`;
/*!40101 SET @saved_cs_client     = @@character_set_client */;
/*!40101 SET character_set_client = utf8 */;
CREATE TABLE `aid_type` (
  `id` int(11) NOT NULL AUTO_INCREMENT,
  `description` varchar(255) COLLATE utf8_unicode_ci DEFAULT NULL,
  `date_created` datetime NOT NULL,
  `date_updated` datetime NOT NULL,
  `name` varchar(255) COLLATE utf8_unicode_ci NOT NULL,
  PRIMARY KEY (`id`),
  UNIQUE KEY `unique_name_idx` (`name`)
) ENGINE=InnoDB AUTO_INCREMENT=10 DEFAULT CHARSET=utf8 COLLATE=utf8_unicode_ci;
/*!40101 SET character_set_client = @saved_cs_client */;

--
-- Dumping data for table `aid_type`
--

LOCK TABLES `aid_type` WRITE;
/*!40000 ALTER TABLE `aid_type` DISABLE KEYS */;
INSERT INTO `aid_type` VALUES (3,'Medical Team','2013-11-15 19:21:43','2013-11-18 17:18:51','Medical Team'),(4,'Medicine','2013-11-15 19:21:53','2013-11-18 17:18:55','Medicine'),(5,'Temporary Shelter','2013-11-15 19:22:07','2013-11-18 17:18:57','Temporary Shelter'),(6,'Other','2013-11-15 19:22:17','2013-11-18 17:19:00','Other'),(7,'Food & Water','2013-11-15 19:51:26','2013-11-18 17:19:02','Food & Water'),(9,'Clothing','2013-11-16 14:00:59','2013-11-18 17:19:04','Clothing');
/*!40000 ALTER TABLE `aid_type` ENABLE KEYS */;
UNLOCK TABLES;

--
-- Table structure for table `geo`
--

DROP TABLE IF EXISTS `geo`;
/*!40101 SET @saved_cs_client     = @@character_set_client */;
/*!40101 SET character_set_client = utf8 */;
CREATE TABLE `geo` (
  `id` int(11) NOT NULL AUTO_INCREMENT,
  `map` longtext COLLATE utf8_unicode_ci,
  `date_created` datetime NOT NULL,
  `date_updated` datetime NOT NULL,
  `type` varchar(255) COLLATE utf8_unicode_ci NOT NULL,
  `population` double DEFAULT NULL,
  `estimated_households` int(11) DEFAULT NULL,
  `affected_households` int(11) DEFAULT NULL,
  `name` varchar(64) COLLATE utf8_unicode_ci NOT NULL,
  PRIMARY KEY (`id`)
) ENGINE=InnoDB AUTO_INCREMENT=629 DEFAULT CHARSET=utf8 COLLATE=utf8_unicode_ci;
/*!40101 SET character_set_client = @saved_cs_client */;

--
-- Dumping data for table `geo`
--

LOCK TABLES `geo` WRITE;
/*!40000 ALTER TABLE `geo` DISABLE KEYS */;
INSERT INTO `geo` VALUES (5,NULL,'2013-11-15 19:58:59','2013-11-18 22:25:25','province',NULL,NULL,NULL,'Cebu'),(8,NULL,'2013-11-15 20:00:28','2013-11-18 22:25:25','barangay',2704,588,NULL,'Botigues'),(9,NULL,'2013-11-15 20:00:47','2013-11-18 22:25:25','barangay',2318,504,NULL,'Doong'),(10,NULL,'2013-11-15 20:01:10','2013-11-18 22:25:25','barangay',4164,905,NULL,'Kabac'),(11,NULL,'2013-11-15 20:33:55','2013-11-18 22:25:25','province',NULL,NULL,NULL,'Leyte'),(12,NULL,'2013-11-15 20:33:55','2013-11-18 23:49:06','municipality',74785,16258,14632,'Bantayan Municipality'),(13,NULL,'2013-11-15 20:33:55','2013-11-18 23:50:12','municipality',34905,7588,6829,'Madridejos'),(14,NULL,'2013-11-15 20:33:55','2013-11-18 23:50:39','municipality',27270,5928,5335,'Santa Fe'),(15,NULL,'2013-11-15 20:33:55','2013-11-18 23:50:57','municipality',74897,16282,14654,'Daanbantayan'),(16,NULL,'2013-11-15 20:33:55','2013-11-18 23:51:18','municipality',50047,10880,9792,'Medellin'),(17,NULL,'2013-11-15 20:33:55','2013-11-18 23:52:13','municipality',51394,11173,10055,'San Remigio'),(18,NULL,'2013-11-15 20:33:55','2013-11-18 23:52:34','municipality',69911,15198,13678,'Bogo City'),(19,NULL,'2013-11-15 20:33:55','2013-11-18 23:52:51','municipality',92278,20060,11718,'Camotes Islands'),(20,NULL,'2013-11-15 20:33:55','2013-11-18 23:52:45','municipality',11564,2514,2210,'Pilar'),(21,NULL,'2013-11-15 20:33:55','2013-11-18 23:52:23','municipality',23498,5108,2196,'Poro'),(22,NULL,'2013-11-15 20:33:55','2013-11-18 23:52:03','municipality',47357,10295,5462,'San Francisco'),(23,NULL,'2013-11-15 20:33:55','2013-11-18 23:51:25','municipality',9859,2143,1850,'Tudela'),(24,NULL,'2013-11-15 20:33:55','2013-11-18 23:51:04','municipality',33024,7179,1853,'Tabogon'),(25,NULL,'2013-11-15 20:33:55','2013-11-18 23:50:42','municipality',22292,4846,3634,'Tabuelan'),(26,NULL,'2013-11-15 20:33:55','2013-11-18 23:50:21','municipality',31598,6869,700,'Borbon'),(27,NULL,'2013-11-15 20:33:55','2013-11-18 23:49:21','municipality',30626,6658,337,'Sogod'),(28,NULL,'2013-11-15 20:33:55','2013-11-18 23:54:51','municipality',221174,48081,NULL,'Tacloban City'),(29,NULL,'2013-11-15 20:33:55','2013-11-18 23:53:47','municipality',191200,41565,38000,'Ormoc City'),(30,NULL,'2013-11-15 20:33:55','2013-11-18 23:54:09','municipality',48027,10441,8000,'Kananga'),(31,NULL,'2013-11-15 20:33:55','2013-11-18 22:25:25','barangay',2718,591,NULL,'Atop-Atop'),(32,NULL,'2013-11-15 20:33:55','2013-11-18 22:25:25','barangay',1415,308,NULL,'Baigad'),(33,NULL,'2013-11-15 20:33:55','2013-11-18 22:25:25','barangay',3209,698,NULL,'Baod'),(34,NULL,'2013-11-15 20:33:55','2013-11-18 22:25:25','barangay',2919,635,NULL,'Binaobao'),(35,NULL,'2013-11-15 20:33:55','2013-11-18 22:25:25','barangay',2060,448,NULL,'Hilotongon'),(36,NULL,'2013-11-15 20:33:55','2013-11-18 22:25:25','barangay',2546,553,NULL,'Guiwanon'),(37,NULL,'2013-11-15 20:33:55','2013-11-18 22:25:25','barangay',2343,509,NULL,'Kabangbang'),(38,NULL,'2013-11-15 20:33:55','2013-11-18 22:25:35','barangay',1007,219,NULL,'Kampingganon'),(39,NULL,'2013-11-15 20:33:55','2013-11-18 22:25:56','barangay',2635,573,NULL,'Kangkaibe'),(40,NULL,'2013-11-15 20:33:55','2013-11-18 22:26:13','barangay',3067,667,NULL,'Lipayran'),(41,NULL,'2013-11-15 20:33:55','2013-11-18 22:26:31','barangay',1456,317,NULL,'Luyongbaybay'),(42,NULL,'2013-11-15 20:33:55','2013-11-18 22:26:49','barangay',1704,370,NULL,'Mojon'),(43,NULL,'2013-11-15 20:33:55','2013-11-18 22:27:05','barangay',1893,412,NULL,'Obo-ob'),(44,NULL,'2013-11-15 20:33:55','2013-11-18 22:27:26','barangay',5475,1190,NULL,'Patao'),(45,NULL,'2013-11-15 20:33:55','2013-11-18 22:27:41','barangay',1865,405,NULL,'Putian'),(46,NULL,'2013-11-15 20:33:55','2013-11-18 22:27:55','barangay',4064,883,NULL,'Sillon'),(47,NULL,'2013-11-15 20:33:55','2013-11-18 22:28:16','barangay',3296,717,NULL,'Sungko'),(48,NULL,'2013-11-15 20:33:55','2013-11-18 22:28:30','barangay',3960,861,NULL,'Suba'),(49,NULL,'2013-11-15 20:33:55','2013-11-18 22:28:46','barangay',4596,999,NULL,'Sulangan'),(50,NULL,'2013-11-15 20:33:55','2013-11-18 22:29:02','barangay',1979,430,NULL,'Tamiao'),(51,NULL,'2013-11-15 20:33:55','2013-11-18 22:29:18','barangay',4703,1022,NULL,'Bantigue'),(52,NULL,'2013-11-15 20:33:55','2013-11-18 22:29:34','barangay',6689,1454,NULL,'Ticad'),(53,NULL,'2013-11-15 20:33:55','2013-11-18 22:30:23','barangay',1870,407,NULL,'Bunakan'),(54,NULL,'2013-11-15 20:33:55','2013-11-18 22:30:49','barangay',1071,233,NULL,'Kangwayan'),(55,NULL,'2013-11-15 20:33:55','2013-11-18 22:31:32','barangay',3088,671,NULL,'Kaongkod'),(56,NULL,'2013-11-15 20:33:55','2013-11-18 22:31:47','barangay',2071,450,NULL,'Kodia'),(57,NULL,'2013-11-15 20:33:55','2013-11-18 22:32:00','barangay',2042,444,NULL,'Maalat'),(58,NULL,'2013-11-15 20:33:55','2013-11-18 22:32:53','barangay',3311,720,NULL,'Malbago'),(59,NULL,'2013-11-15 20:33:55','2013-11-18 22:33:27','barangay',4662,1013,NULL,'Mancilang'),(60,NULL,'2013-11-15 20:33:55','2013-11-18 22:33:54','barangay',2153,468,NULL,'Pili'),(61,NULL,'2013-11-15 20:33:55','2013-11-18 22:35:30','barangay',3768,819,NULL,'Poblacion'),(62,NULL,'2013-11-15 20:33:55','2013-11-18 22:35:49','barangay',2201,478,NULL,'San Agustin'),(63,NULL,'2013-11-15 20:33:55','2013-11-18 22:36:02','barangay',1874,407,NULL,'Tabagak'),(64,NULL,'2013-11-15 20:33:55','2013-11-18 22:36:15','barangay',3645,792,NULL,'Talangan'),(65,NULL,'2013-11-15 20:33:55','2013-11-18 22:36:27','barangay',2212,481,NULL,'Tarong'),(66,NULL,'2013-11-15 20:33:55','2013-11-18 22:36:38','barangay',1665,362,NULL,'Tugas'),(67,NULL,'2013-11-15 20:33:55','2013-11-18 22:36:57','barangay',3545,771,NULL,'Hagdan'),(68,NULL,'2013-11-15 20:33:55','2013-11-18 22:37:08','barangay',3651,794,NULL,'Hilantagaan'),(69,NULL,'2013-11-15 20:33:55','2013-11-18 22:37:22','barangay',1763,383,NULL,'Kinatarkan (Bitoon)'),(70,NULL,'2013-11-15 20:33:55','2013-11-18 22:37:44','barangay',2082,453,NULL,'Langub'),(71,NULL,'2013-11-15 20:33:55','2013-11-18 22:37:55','barangay',2999,652,NULL,'Maricaban'),(72,NULL,'2013-11-15 20:33:55','2013-11-18 22:38:06','barangay',3532,768,NULL,'Okoy'),(73,NULL,'2013-11-15 20:33:55','2013-11-18 22:38:38','barangay',1592,346,NULL,'Balidbid'),(74,NULL,'2013-11-15 20:33:55','2013-11-18 22:38:51','barangay',2883,627,NULL,'Pooc'),(75,NULL,'2013-11-15 20:33:55','2013-11-18 22:39:01','barangay',2878,626,NULL,'Talisay'),(76,NULL,'2013-11-15 20:33:55','2013-11-18 22:39:33','barangay',4836,1051,NULL,'Aguho'),(77,NULL,'2013-11-15 20:33:55','2013-11-18 22:39:46','barangay',4015,873,NULL,'Bagay'),(78,NULL,'2013-11-15 20:33:55','2013-11-18 22:40:15','barangay',2267,493,NULL,'Bakhawan'),(79,NULL,'2013-11-15 20:33:55','2013-11-18 22:40:25','barangay',3252,707,NULL,'Bateria'),(80,NULL,'2013-11-15 20:33:55','2013-11-18 22:40:36','barangay',4350,946,NULL,'Bitoon'),(81,NULL,'2013-11-15 20:33:55','2013-11-18 22:40:58','barangay',2518,547,NULL,'Calape'),(82,NULL,'2013-11-15 20:33:55','2013-11-18 22:41:13','barangay',2360,513,NULL,'Carnaza'),(83,NULL,'2013-11-15 20:33:55','2013-11-18 22:41:23','barangay',2069,450,NULL,'Dalingding'),(84,NULL,'2013-11-15 20:33:55','2013-11-18 22:41:35','barangay',2968,645,NULL,'Lanao'),(85,NULL,'2013-11-15 20:33:55','2013-11-18 22:41:51','barangay',4496,977,NULL,'Logon (Malapascua)'),(86,NULL,'2013-11-15 20:33:55','2013-11-18 22:42:17','barangay',1512,329,NULL,'Malingin'),(87,NULL,'2013-11-15 20:33:55','2013-11-18 22:42:59','barangay',7815,1699,NULL,'Maya'),(88,NULL,'2013-11-15 20:33:55','2013-11-18 22:43:26','barangay',2970,646,NULL,'Pajo'),(89,NULL,'2013-11-15 20:33:55','2013-11-18 22:43:43','barangay',2741,596,NULL,'Paypay'),(90,NULL,'2013-11-15 20:33:55','2013-11-18 22:44:16','barangay',7281,1583,NULL,'Tapilon'),(91,NULL,'2013-11-15 20:33:55','2013-11-18 22:44:43','barangay',2050,446,NULL,'Tinubdan'),(92,NULL,'2013-11-15 20:33:55','2013-11-18 22:44:55','barangay',3140,683,NULL,'Tominjao'),(93,NULL,'2013-11-15 20:33:55','2013-11-18 22:45:14','barangay',4440,965,NULL,'Antipolo'),(94,NULL,'2013-11-15 20:33:55','2013-11-18 22:45:27','barangay',2049,445,NULL,'Curva'),(95,NULL,'2013-11-15 20:33:55','2013-11-18 22:25:25','barangay',NULL,NULL,NULL,'Daanlungsod'),(96,NULL,'2013-11-15 20:33:55','2013-11-18 22:47:10','barangay',821,178,NULL,'Dalingding Sur'),(97,NULL,'2013-11-15 20:33:55','2013-11-18 22:47:31','barangay',1678,365,NULL,'Dayhagon'),(98,NULL,'2013-11-15 20:33:55','2013-11-18 22:47:44','barangay',1880,409,NULL,'Gibitngil'),(99,NULL,'2013-11-15 20:33:55','2013-11-18 22:48:00','barangay',2145,466,NULL,'Canhabagat'),(100,NULL,'2013-11-15 20:33:55','2013-11-18 22:48:15','barangay',2520,548,NULL,'Campotatan Norte'),(101,NULL,'2013-11-15 20:33:55','2013-11-18 22:48:26','barangay',1962,427,NULL,'Campotatan Sur'),(102,NULL,'2013-11-15 20:33:55','2013-11-18 22:48:42','barangay',6279,1365,NULL,'Kawit'),(103,NULL,'2013-11-15 20:33:55','2013-11-18 22:49:18','barangay',2116,460,NULL,'Lamintak Norte'),(104,NULL,'2013-11-15 20:33:55','2013-11-18 22:49:29','barangay',2400,522,NULL,'Lamintak Sur'),(105,NULL,'2013-11-15 20:33:55','2013-11-18 22:49:38','barangay',1700,370,NULL,'Luy-a'),(106,NULL,'2013-11-15 20:33:55','2013-11-18 22:49:48','barangay',2233,485,NULL,'Panugnawan'),(107,NULL,'2013-11-15 20:33:55','2013-11-18 22:50:04','barangay',3420,743,NULL,'Tindog'),(108,NULL,'2013-11-15 20:33:55','2013-11-18 22:50:18','barangay',1287,280,NULL,'Don Virgilio Gonzales'),(109,NULL,'2013-11-15 20:33:55','2013-11-18 22:50:34','barangay',1809,393,NULL,'Maharuhay'),(110,NULL,'2013-11-15 20:33:55','2013-11-18 22:50:43','barangay',3363,731,NULL,'Mahawak'),(111,NULL,'2013-11-15 20:33:55','2013-11-18 22:51:14','barangay',1816,395,NULL,'Anapog'),(112,NULL,'2013-11-15 20:33:55','2013-11-18 22:51:27','barangay',3996,869,NULL,'Argawanon'),(113,NULL,'2013-11-15 20:33:55','2013-11-18 22:51:36','barangay',934,203,NULL,'Bagtic'),(114,NULL,'2013-11-15 20:33:55','2013-11-18 22:51:49','barangay',1423,309,NULL,'Bancasan'),(115,NULL,'2013-11-15 20:33:55','2013-11-18 22:51:59','barangay',1377,299,NULL,'Batad'),(116,NULL,'2013-11-15 20:33:55','2013-11-18 22:52:11','barangay',1445,314,NULL,'Busogon'),(117,NULL,'2013-11-15 20:33:55','2013-11-18 22:52:23','barangay',1350,293,NULL,'Calambua'),(118,NULL,'2013-11-15 20:33:55','2013-11-18 22:52:35','barangay',1377,299,NULL,'Canagahan'),(119,NULL,'2013-11-15 20:33:55','2013-11-18 22:52:50','barangay',1415,308,NULL,'Dapdap'),(120,NULL,'2013-11-15 20:33:55','2013-11-18 22:53:02','barangay',1426,310,NULL,'Gawaygaway'),(121,NULL,'2013-11-15 20:33:55','2013-11-18 22:53:23','barangay',3527,767,NULL,'Hagnaya'),(122,NULL,'2013-11-15 20:33:55','2013-11-18 22:53:33','barangay',1307,284,NULL,'Kayam'),(123,NULL,'2013-11-15 20:33:55','2013-11-18 22:53:45','barangay',896,195,NULL,'Kinawahan'),(124,NULL,'2013-11-15 20:33:55','2013-11-18 22:53:55','barangay',2518,547,NULL,'Lambusan'),(125,NULL,'2013-11-15 20:33:55','2013-11-18 22:54:05','barangay',1079,235,NULL,'Lawis'),(126,NULL,'2013-11-15 20:33:55','2013-11-18 22:54:21','barangay',1132,246,NULL,'Libaong'),(127,NULL,'2013-11-15 20:33:55','2013-11-18 22:54:39','barangay',2021,439,NULL,'Looc'),(128,NULL,'2013-11-15 20:33:55','2013-11-18 22:55:09','barangay',2152,468,NULL,'Luyang'),(129,NULL,'2013-11-15 20:33:55','2013-11-18 22:55:19','barangay',3179,691,NULL,'Mano'),(130,NULL,'2013-11-15 20:33:55','2013-11-18 22:55:30','barangay',2659,578,NULL,'Punta'),(131,NULL,'2013-11-15 20:33:55','2013-11-18 22:55:56','barangay',1169,254,NULL,'Sab-a'),(132,NULL,'2013-11-15 20:33:55','2013-11-18 22:56:06','barangay',1568,341,NULL,'San Miguel'),(133,NULL,'2013-11-15 20:33:55','2013-11-18 22:56:17','barangay',2269,493,NULL,'Tacup'),(134,NULL,'2013-11-15 20:33:55','2013-11-18 22:56:30','barangay',2727,593,NULL,'Tambogon'),(135,NULL,'2013-11-15 20:33:55','2013-11-18 22:56:40','barangay',1163,253,NULL,'Toong'),(136,NULL,'2013-11-15 20:33:55','2013-11-18 22:56:51','barangay',1520,330,NULL,'Victoria'),(137,NULL,'2013-11-15 20:33:55','2013-11-18 22:57:04','barangay',2852,620,NULL,'Cogon (Pob.)'),(138,NULL,'2013-11-15 20:33:55','2013-11-18 22:57:13','barangay',1390,302,NULL,'Anonang Norte'),(139,NULL,'2013-11-15 20:33:55','2013-11-18 22:57:24','barangay',1346,293,NULL,'Anonang Sur'),(140,NULL,'2013-11-15 20:33:55','2013-11-18 22:57:34','barangay',2136,464,NULL,'Banban'),(141,NULL,'2013-11-15 20:33:55','2013-11-18 22:58:04','barangay',1904,414,NULL,'Binabag'),(142,NULL,'2013-11-15 20:33:55','2013-11-18 22:58:15','barangay',1925,418,NULL,'Bungtod (Pob.)'),(143,NULL,'2013-11-15 20:33:55','2013-11-18 22:58:26','barangay',392,85,NULL,'Carbon (Pob.)'),(144,NULL,'2013-11-15 20:33:55','2013-11-18 22:58:37','barangay',3360,730,NULL,'Cayang'),(145,NULL,'2013-11-15 20:33:55','2013-11-18 22:58:50','barangay',4688,1019,NULL,'Dakit'),(146,NULL,'2013-11-15 20:33:55','2013-11-18 22:59:02','barangay',3395,738,NULL,'Don Pedro Rodriguez'),(147,NULL,'2013-11-15 20:33:55','2013-11-18 22:59:16','barangay',8721,1896,NULL,'Gairan'),(148,NULL,'2013-11-15 20:33:55','2013-11-18 22:59:26','barangay',3165,688,NULL,'Guadalupe'),(149,NULL,'2013-11-15 20:33:55','2013-11-18 22:59:36','barangay',3084,670,NULL,'La Paz'),(150,NULL,'2013-11-15 20:33:55','2013-11-18 22:59:45','barangay',958,208,NULL,'La Purisima Concepcion (Pob.)'),(151,NULL,'2013-11-15 20:33:55','2013-11-18 22:59:59','barangay',3694,803,NULL,'Libertad'),(152,NULL,'2013-11-15 20:33:55','2013-11-18 23:00:25','barangay',495,108,NULL,'Lourdes (Pob.)'),(153,NULL,'2013-11-15 20:33:55','2013-11-18 22:55:44','barangay',1697,369,NULL,'Marangog'),(154,NULL,'2013-11-15 20:33:55','2013-11-18 22:55:32','barangay',4896,1064,NULL,'Nailon'),(155,NULL,'2013-11-15 20:33:55','2013-11-18 22:55:20','barangay',2328,506,NULL,'Odlot'),(156,NULL,'2013-11-15 20:33:55','2013-11-18 22:55:09','barangay',1425,310,NULL,'Pandan (Pandan Heights)'),(157,NULL,'2013-11-15 20:33:55','2013-11-18 22:54:59','barangay',3052,663,NULL,'Polambato'),(158,NULL,'2013-11-15 20:33:55','2013-11-18 22:54:48','barangay',1850,402,NULL,'Sambag (Pob.)'),(159,NULL,'2013-11-15 20:33:55','2013-11-18 22:54:41','barangay',675,147,NULL,'San Vicente (Pob.)'),(160,NULL,'2013-11-15 20:33:55','2013-11-18 22:54:31','barangay',674,147,NULL,'Santo Ni'),(161,NULL,'2013-11-15 20:33:55','2013-11-18 22:54:22','barangay',914,199,NULL,'Santo Rosario (Pob.)'),(162,NULL,'2013-11-15 20:33:55','2013-11-18 22:54:12','barangay',1285,279,NULL,'Siocon'),(163,NULL,'2013-11-15 20:33:55','2013-11-18 22:54:01','barangay',360,78,NULL,'Biasong'),(164,NULL,'2013-11-15 20:33:55','2013-11-18 22:53:44','barangay',1892,411,NULL,'Cawit'),(165,NULL,'2013-11-15 20:33:55','2013-11-18 22:53:35','barangay',851,185,NULL,'Esperanza'),(166,NULL,'2013-11-15 20:33:55','2013-11-18 22:53:04','barangay',578,126,NULL,'Lower Poblacion'),(167,NULL,'2013-11-15 20:33:55','2013-11-18 22:52:56','barangay',1007,219,NULL,'Moabog'),(168,NULL,'2013-11-15 20:33:55','2013-11-18 22:52:44','barangay',1303,283,NULL,'Montserrat'),(169,NULL,'2013-11-15 20:33:55','2013-11-18 22:52:33','barangay',570,124,NULL,'San Isidro'),(170,NULL,'2013-11-15 20:33:55','2013-11-18 22:52:26','barangay',799,174,NULL,'San Juan'),(171,NULL,'2013-11-15 20:33:55','2013-11-18 22:52:17','barangay',770,167,NULL,'Upper Poblacion'),(172,NULL,'2013-11-15 20:33:55','2013-11-18 22:52:08','barangay',1047,228,NULL,'Villahermosa'),(173,NULL,'2013-11-15 20:33:55','2013-11-18 22:51:59','barangay',616,134,NULL,'Imelda'),(174,NULL,'2013-11-15 20:33:55','2013-11-18 22:51:45','barangay',1339,291,NULL,'Adela'),(175,NULL,'2013-11-15 20:33:55','2013-11-18 22:51:33','barangay',1142,248,NULL,'Altavista'),(176,NULL,'2013-11-15 20:33:55','2013-11-18 22:51:22','barangay',3238,704,NULL,'Cagcagan'),(177,NULL,'2013-11-15 20:33:55','2013-11-18 22:51:11','barangay',525,114,NULL,'Cansabusab'),(178,NULL,'2013-11-15 20:33:55','2013-11-18 22:44:41','barangay',888,193,NULL,'Daan Paz (old name - Poso)'),(179,NULL,'2013-11-15 20:33:55','2013-11-18 22:44:53','barangay',886,193,NULL,'Eastern Poblacion'),(180,NULL,'2013-11-15 20:33:55','2013-11-18 22:45:10','barangay',1254,273,NULL,'Mabini'),(181,NULL,'2013-11-15 20:33:55','2013-11-18 22:45:20','barangay',2294,499,NULL,'Mercedes'),(182,NULL,'2013-11-15 20:33:55','2013-11-18 22:45:29','barangay',672,146,NULL,'Pagsa'),(183,NULL,'2013-11-15 20:33:55','2013-11-18 22:45:45','barangay',1206,262,NULL,'Paz (old name: Santa Rosa)'),(184,NULL,'2013-11-15 20:33:55','2013-11-18 22:45:54','barangay',817,178,NULL,'Rizal'),(185,NULL,'2013-11-15 20:33:55','2013-11-18 22:46:51','barangay',1136,247,NULL,'San Jose'),(186,NULL,'2013-11-15 20:33:55','2013-11-18 22:46:50','barangay',860,187,NULL,'Santa Rita'),(187,NULL,'2013-11-15 20:33:55','2013-11-18 22:46:59','barangay',1323,288,NULL,'Teguis'),(188,NULL,'2013-11-15 20:33:55','2013-11-18 22:47:12','barangay',1511,328,NULL,'Western Poblacion'),(189,NULL,'2013-11-15 20:33:55','2013-11-18 22:47:30','barangay',1764,383,NULL,'Cabunga-an'),(190,NULL,'2013-11-15 20:33:55','2013-11-18 22:48:01','barangay',2517,547,NULL,'Campo'),(191,NULL,'2013-11-15 20:33:55','2013-11-18 22:48:52','barangay',4827,1049,NULL,'Consuelo'),(192,NULL,'2013-11-15 20:33:55','2013-11-18 22:48:29','barangay',2169,472,NULL,'Himensulan'),(193,NULL,'2013-11-15 20:33:55','2013-11-18 22:48:47','barangay',1288,280,NULL,'Montealegre'),(194,NULL,'2013-11-15 20:33:55','2013-11-18 22:49:01','barangay',3779,822,NULL,'Northern Poblacion'),(195,NULL,'2013-11-15 20:33:55','2013-11-18 22:49:13','barangay',4717,1025,NULL,'Santa Cruz'),(196,NULL,'2013-11-15 20:33:55','2013-11-18 22:49:21','barangay',2132,463,NULL,'Santiago'),(197,NULL,'2013-11-15 20:33:55','2013-11-18 22:49:32','barangay',3366,732,NULL,'Sonog'),(198,NULL,'2013-11-15 20:33:55','2013-11-18 22:49:43','barangay',3453,751,NULL,'Southern Poblacion'),(199,NULL,'2013-11-15 20:33:55','2013-11-18 22:49:55','barangay',1035,225,NULL,'Unidos'),(200,NULL,'2013-11-15 20:33:55','2013-11-18 22:50:06','barangay',4721,1026,NULL,'Union'),(201,NULL,'2013-11-15 20:33:55','2013-11-18 22:50:19','barangay',485,105,NULL,'Buena Vista'),(202,NULL,'2013-11-15 20:33:55','2013-11-18 22:50:29','barangay',1291,281,NULL,'Calmante'),(203,NULL,'2013-11-15 20:33:55','2013-11-18 22:43:22','barangay',415,90,NULL,'Old Secante'),(204,NULL,'2013-11-15 20:33:55','2013-11-18 22:43:16','barangay',1028,223,NULL,'General'),(205,NULL,'2013-11-15 20:33:55','2013-11-18 22:43:08','barangay',977,212,NULL,'McArthur'),(206,NULL,'2013-11-15 20:33:55','2013-11-18 22:42:55','barangay',2578,560,NULL,'Puerto Bello'),(207,NULL,'2013-11-15 20:33:55','2013-11-18 22:42:45','barangay',593,129,NULL,'Santander'),(208,NULL,'2013-11-15 20:33:55','2013-11-18 22:43:47','barangay',508,110,NULL,'New Secante'),(209,NULL,'2013-11-15 20:33:55','2013-11-18 22:41:39','barangay',1024,233,NULL,'Villa Hermosa'),(210,NULL,'2013-11-15 20:33:55','2013-11-18 22:41:23','barangay',664,144,NULL,'Alang-alang'),(211,NULL,'2013-11-15 20:33:55','2013-11-18 22:41:10','barangay',2221,483,NULL,'Caduawan'),(212,NULL,'2013-11-15 20:33:55','2013-11-18 22:41:01','barangay',851,185,NULL,'Kal-anan'),(213,NULL,'2013-11-15 20:33:55','2013-11-18 22:40:50','barangay',1490,324,NULL,'Camoboan'),(214,NULL,'2013-11-15 20:33:55','2013-11-18 22:40:42','barangay',1693,368,NULL,'Canaocanao'),(215,NULL,'2013-11-15 20:33:55','2013-11-18 22:40:27','barangay',418,91,NULL,'Combado'),(216,NULL,'2013-11-15 20:33:55','2013-11-18 22:40:19','barangay',1413,307,NULL,'Daantabogon'),(217,NULL,'2013-11-15 20:33:55','2013-11-18 22:39:37','barangay',3280,713,NULL,'Ilihan'),(218,NULL,'2013-11-15 20:33:55','2013-11-18 22:39:29','barangay',1752,381,NULL,'Labangon'),(219,NULL,'2013-11-15 20:33:55','2013-11-18 22:39:41','barangay',2338,508,NULL,'Libjo'),(220,NULL,'2013-11-15 20:33:55','2013-11-18 22:38:57','barangay',1080,235,NULL,'Loong'),(221,NULL,'2013-11-15 20:33:55','2013-11-18 22:38:50','barangay',1538,334,NULL,'Mabuli'),(222,NULL,'2013-11-15 20:33:55','2013-11-18 22:38:36','barangay',1225,266,NULL,'Managase'),(223,NULL,'2013-11-15 20:33:55','2013-11-18 22:38:29','barangay',1192,259,NULL,'Manlagtang'),(224,NULL,'2013-11-15 20:33:55','2013-11-18 22:38:18','barangay',1094,238,NULL,'Maslog'),(225,NULL,'2013-11-15 20:33:55','2013-11-18 22:38:06','barangay',2042,444,NULL,'Muabog'),(226,NULL,'2013-11-15 20:33:55','2013-11-18 22:37:53','barangay',686,149,NULL,'Pio'),(227,NULL,'2013-11-15 20:33:55','2013-11-18 22:37:44','barangay',1084,236,NULL,'Salag'),(228,NULL,'2013-11-15 20:33:55','2013-11-18 22:37:07','barangay',746,162,NULL,'Sambag'),(229,NULL,'2013-11-15 20:33:55','2013-11-18 22:36:58','barangay',562,122,NULL,'San Vicente'),(230,NULL,'2013-11-15 20:33:55','2013-11-18 22:36:50','barangay',1830,398,NULL,'Somosa'),(231,NULL,'2013-11-15 20:33:55','2013-11-18 22:36:33','barangay',1003,218,NULL,'Taba-ao'),(232,NULL,'2013-11-15 20:33:55','2013-11-18 22:36:24','barangay',978,213,NULL,'Tapul'),(233,NULL,'2013-11-15 20:33:55','2013-11-18 22:36:00','barangay',3315,721,NULL,'Bongon'),(234,NULL,'2013-11-15 20:33:55','2013-11-18 22:35:43','barangay',980,213,NULL,'Kanlim-ao'),(235,NULL,'2013-11-15 20:33:55','2013-11-18 22:36:03','barangay',1018,221,NULL,'Kanluhangon'),(236,NULL,'2013-11-15 20:33:55','2013-11-18 22:35:19','barangay',1672,363,NULL,'Kantubaon'),(237,NULL,'2013-11-15 20:33:55','2013-11-18 22:34:10','barangay',1262,274,NULL,'Dalid'),(238,NULL,'2013-11-15 20:33:55','2013-11-18 22:33:55','barangay',747,162,NULL,'Mabunao'),(239,NULL,'2013-11-15 20:33:55','2013-11-18 22:33:42','barangay',2171,472,NULL,'Maravilla'),(240,NULL,'2013-11-15 20:33:55','2013-11-18 22:33:26','barangay',1897,412,NULL,'Olivo'),(241,NULL,'2013-11-15 20:33:55','2013-11-18 22:33:10','barangay',2266,493,NULL,'Tabunok'),(242,NULL,'2013-11-15 20:33:55','2013-11-18 22:32:49','barangay',1767,384,NULL,'Tigbawan'),(243,NULL,'2013-11-15 20:33:55','2013-11-18 22:32:22','barangay',645,140,NULL,'Bagacay'),(244,NULL,'2013-11-15 20:33:55','2013-11-18 22:32:05','barangay',546,119,NULL,'Bili'),(245,NULL,'2013-11-15 20:33:55','2013-11-18 22:31:52','barangay',1084,236,NULL,'Bingay'),(246,NULL,'2013-11-15 20:33:55','2013-11-18 22:31:37','barangay',1253,272,NULL,'Bongdo'),(247,NULL,'2013-11-15 20:33:55','2013-11-18 22:31:22','barangay',865,188,NULL,'Bongdo Gua'),(248,NULL,'2013-11-15 20:33:55','2013-11-18 22:31:07','barangay',1457,317,NULL,'Bongoyan'),(249,NULL,'2013-11-15 20:33:55','2013-11-18 22:30:46','barangay',3639,791,NULL,'Cadaruhan'),(250,NULL,'2013-11-15 20:33:55','2013-11-18 22:30:31','barangay',1162,253,NULL,'Cajel'),(251,NULL,'2013-11-15 20:33:55','2013-11-18 22:30:15','barangay',2147,467,NULL,'Campusong'),(252,NULL,'2013-11-15 20:33:55','2013-11-18 22:29:55','barangay',1245,271,NULL,'Clavera'),(253,NULL,'2013-11-15 20:33:55','2013-11-18 22:29:35','barangay',3086,671,NULL,'Don Gregorio Antigua (Taytayan)'),(254,NULL,'2013-11-15 20:33:55','2013-11-18 22:29:21','barangay',1484,323,NULL,'Laaw'),(255,NULL,'2013-11-15 20:33:55','2013-11-18 22:29:07','barangay',3067,667,NULL,'Lugo'),(256,NULL,'2013-11-15 20:33:55','2013-11-18 22:28:53','barangay',1025,223,NULL,'Sagay'),(257,NULL,'2013-11-15 20:33:55','2013-11-18 22:28:28','barangay',1698,369,NULL,'Tabunan'),(258,NULL,'2013-11-15 20:33:55','2013-11-18 22:28:12','barangay',885,192,NULL,'Tagnucan'),(259,NULL,'2013-11-15 20:33:55','2013-11-18 22:27:53','barangay',789,172,NULL,'Ampongol'),(260,NULL,'2013-11-15 20:33:55','2013-11-18 22:27:41','barangay',681,148,NULL,'Bagakay'),(261,NULL,'2013-11-15 20:33:55','2013-11-18 22:27:28','barangay',2110,459,NULL,'Bagatayam'),(262,NULL,'2013-11-15 20:33:55','2013-11-18 22:27:14','barangay',2338,508,NULL,'Bawo'),(263,NULL,'2013-11-15 20:33:55','2013-11-18 22:26:59','barangay',2793,607,NULL,'Cabalawan'),(264,NULL,'2013-11-15 20:33:55','2013-11-18 22:26:39','barangay',876,190,NULL,'Cabangahan'),(265,NULL,'2013-11-15 20:33:55','2013-11-18 22:26:24','barangay',2479,539,NULL,'Calumboyan'),(266,NULL,'2013-11-15 20:33:55','2013-11-18 22:26:08','barangay',2912,633,NULL,'Damolog'),(267,NULL,'2013-11-15 20:33:55','2013-11-18 22:25:51','barangay',1535,334,NULL,'Ibabao'),(268,NULL,'2013-11-15 20:33:55','2013-11-18 22:25:34','barangay',1625,353,NULL,'Liki'),(269,NULL,'2013-11-15 20:33:55','2013-11-18 22:25:26','barangay',807,175,NULL,'Lubo'),(270,NULL,'2013-11-15 20:33:55','2013-11-18 22:25:26','barangay',972,211,NULL,'Mohon'),(271,NULL,'2013-11-15 20:33:55','2013-11-18 22:25:26','barangay',976,212,NULL,'Nahus-an'),(272,NULL,'2013-11-15 20:33:55','2013-11-18 22:25:26','barangay',1455,316,NULL,'Pansoy'),(273,NULL,'2013-11-15 20:33:55','2013-11-18 22:25:26','barangay',989,215,NULL,'Takay'),(295,NULL,'2013-11-15 23:56:05','2013-11-18 22:25:25','municipality',NULL,NULL,NULL,''),(296,NULL,'2013-11-15 23:56:05','2013-11-18 22:25:25','municipality',NULL,NULL,NULL,''),(297,NULL,'2013-11-15 23:56:05','2013-11-18 22:25:25','municipality',NULL,NULL,NULL,''),(298,NULL,'2013-11-15 23:56:05','2013-11-18 22:25:25','municipality',NULL,NULL,NULL,''),(299,NULL,'2013-11-15 23:56:05','2013-11-18 22:25:25','municipality',NULL,NULL,NULL,''),(300,NULL,'2013-11-15 23:56:05','2013-11-18 22:25:25','municipality',NULL,NULL,NULL,''),(301,NULL,'2013-11-15 23:56:05','2013-11-18 22:25:25','municipality',NULL,NULL,NULL,''),(302,NULL,'2013-11-15 23:56:05','2013-11-18 22:25:25','municipality',NULL,NULL,NULL,''),(303,NULL,'2013-11-15 23:56:05','2013-11-18 22:25:25','municipality',NULL,NULL,NULL,''),(304,NULL,'2013-11-15 23:56:05','2013-11-18 22:25:25','municipality',NULL,NULL,NULL,''),(305,NULL,'2013-11-15 23:56:05','2013-11-18 22:25:25','municipality',NULL,NULL,NULL,''),(306,NULL,'2013-11-15 23:56:05','2013-11-18 22:25:25','municipality',NULL,NULL,NULL,''),(307,NULL,'2013-11-15 23:56:05','2013-11-18 22:25:25','municipality',NULL,NULL,NULL,''),(308,NULL,'2013-11-15 23:56:05','2013-11-18 22:25:25','municipality',NULL,NULL,NULL,''),(309,NULL,'2013-11-15 23:56:05','2013-11-18 22:25:25','municipality',NULL,NULL,NULL,''),(310,NULL,'2013-11-15 23:56:05','2013-11-18 22:25:25','municipality',NULL,NULL,NULL,''),(311,NULL,'2013-11-15 23:56:05','2013-11-18 22:25:25','municipality',NULL,NULL,NULL,''),(312,NULL,'2013-11-15 23:56:05','2013-11-18 22:25:25','municipality',NULL,NULL,NULL,''),(313,NULL,'2013-11-15 23:56:05','2013-11-18 22:25:25','municipality',NULL,NULL,NULL,''),(314,NULL,'2013-11-15 23:56:05','2013-11-18 22:25:25','municipality',NULL,NULL,NULL,''),(315,NULL,'2013-11-15 23:56:05','2013-11-18 22:25:25','municipality',NULL,NULL,NULL,''),(316,NULL,'2013-11-15 23:56:05','2013-11-18 22:25:25','municipality',NULL,NULL,NULL,''),(317,NULL,'2013-11-15 23:56:05','2013-11-18 22:25:25','municipality',NULL,NULL,NULL,''),(318,NULL,'2013-11-15 23:56:05','2013-11-18 22:25:25','municipality',NULL,NULL,NULL,''),(319,NULL,'2013-11-15 23:56:05','2013-11-18 22:25:25','municipality',NULL,NULL,NULL,''),(320,NULL,'2013-11-15 23:56:05','2013-11-18 22:25:25','municipality',NULL,NULL,NULL,''),(321,NULL,'2013-11-15 23:56:05','2013-11-18 22:25:25','municipality',NULL,NULL,NULL,''),(322,NULL,'2013-11-15 23:56:05','2013-11-18 22:25:25','municipality',NULL,NULL,NULL,''),(323,NULL,'2013-11-15 23:56:05','2013-11-18 22:25:25','municipality',NULL,NULL,NULL,''),(324,NULL,'2013-11-15 23:56:05','2013-11-18 22:25:25','municipality',NULL,NULL,NULL,''),(325,NULL,'2013-11-15 23:56:05','2013-11-18 22:25:25','municipality',NULL,NULL,NULL,''),(326,NULL,'2013-11-15 23:56:05','2013-11-18 22:25:25','municipality',NULL,NULL,NULL,''),(327,NULL,'2013-11-15 23:56:05','2013-11-18 22:25:25','municipality',NULL,NULL,NULL,''),(328,NULL,'2013-11-15 23:56:05','2013-11-18 22:25:25','municipality',NULL,NULL,NULL,''),(329,NULL,'2013-11-15 23:56:05','2013-11-18 22:25:25','municipality',NULL,NULL,NULL,''),(330,NULL,'2013-11-15 23:56:05','2013-11-18 22:25:25','municipality',NULL,NULL,NULL,''),(331,NULL,'2013-11-15 23:56:05','2013-11-18 22:25:25','municipality',NULL,NULL,NULL,''),(332,NULL,'2013-11-15 23:56:05','2013-11-18 22:25:25','municipality',NULL,NULL,NULL,''),(333,NULL,'2013-11-15 23:56:05','2013-11-18 22:25:25','municipality',NULL,NULL,NULL,''),(334,NULL,'2013-11-15 23:56:05','2013-11-18 22:25:25','municipality',NULL,NULL,NULL,''),(335,NULL,'2013-11-15 23:56:05','2013-11-18 22:25:25','municipality',NULL,NULL,NULL,''),(336,NULL,'2013-11-15 23:56:05','2013-11-18 22:25:25','municipality',NULL,NULL,NULL,''),(337,NULL,'2013-11-15 23:56:05','2013-11-18 22:25:25','municipality',NULL,NULL,NULL,''),(338,NULL,'2013-11-15 23:56:05','2013-11-18 22:25:25','municipality',NULL,NULL,NULL,''),(339,NULL,'2013-11-15 23:56:05','2013-11-18 22:25:25','municipality',NULL,NULL,NULL,''),(340,NULL,'2013-11-15 23:56:05','2013-11-18 22:25:25','municipality',NULL,NULL,NULL,''),(341,NULL,'2013-11-15 23:56:05','2013-11-18 22:25:25','municipality',NULL,NULL,NULL,''),(342,NULL,'2013-11-15 23:56:05','2013-11-18 22:25:25','municipality',NULL,NULL,NULL,''),(343,NULL,'2013-11-15 23:56:05','2013-11-18 22:25:25','municipality',NULL,NULL,NULL,''),(344,NULL,'2013-11-15 23:56:05','2013-11-18 22:25:25','municipality',NULL,NULL,NULL,''),(345,NULL,'2013-11-15 23:56:05','2013-11-18 22:25:25','municipality',NULL,NULL,NULL,''),(346,NULL,'2013-11-15 23:56:05','2013-11-18 22:25:25','municipality',NULL,NULL,NULL,''),(347,NULL,'2013-11-15 23:56:05','2013-11-18 22:25:25','municipality',NULL,NULL,NULL,''),(348,NULL,'2013-11-15 23:56:05','2013-11-18 22:25:25','municipality',NULL,NULL,NULL,''),(349,NULL,'2013-11-15 23:56:05','2013-11-18 22:25:25','municipality',NULL,NULL,NULL,''),(350,NULL,'2013-11-15 23:56:05','2013-11-18 22:25:25','municipality',NULL,NULL,NULL,''),(351,NULL,'2013-11-15 23:56:05','2013-11-18 22:25:25','municipality',NULL,NULL,NULL,''),(352,NULL,'2013-11-15 23:56:05','2013-11-18 22:25:25','municipality',NULL,NULL,NULL,''),(353,NULL,'2013-11-15 23:56:05','2013-11-18 22:25:25','municipality',NULL,NULL,NULL,''),(354,NULL,'2013-11-15 23:56:05','2013-11-18 22:25:25','municipality',NULL,NULL,NULL,''),(355,NULL,'2013-11-15 23:56:05','2013-11-18 22:25:25','municipality',NULL,NULL,NULL,''),(356,NULL,'2013-11-15 23:56:05','2013-11-18 22:25:25','municipality',NULL,NULL,NULL,''),(357,NULL,'2013-11-15 23:56:05','2013-11-18 22:25:25','municipality',NULL,NULL,NULL,''),(358,NULL,'2013-11-15 23:56:05','2013-11-18 22:25:25','municipality',NULL,NULL,NULL,''),(359,NULL,'2013-11-15 23:56:05','2013-11-18 22:25:25','municipality',NULL,NULL,NULL,''),(360,NULL,'2013-11-15 23:56:05','2013-11-18 22:25:25','municipality',NULL,NULL,NULL,''),(361,NULL,'2013-11-15 23:56:05','2013-11-18 22:25:25','municipality',NULL,NULL,NULL,''),(362,NULL,'2013-11-15 23:56:05','2013-11-18 22:25:25','municipality',NULL,NULL,NULL,''),(363,NULL,'2013-11-15 23:56:05','2013-11-18 22:25:25','municipality',NULL,NULL,NULL,''),(364,NULL,'2013-11-15 23:56:05','2013-11-18 22:25:25','municipality',NULL,NULL,NULL,''),(365,NULL,'2013-11-15 23:56:05','2013-11-18 22:25:25','municipality',NULL,NULL,NULL,''),(366,NULL,'2013-11-15 23:56:05','2013-11-18 22:25:25','municipality',NULL,NULL,NULL,''),(367,NULL,'2013-11-15 23:56:05','2013-11-18 22:25:25','municipality',NULL,NULL,NULL,''),(368,NULL,'2013-11-15 23:56:05','2013-11-18 22:25:25','municipality',NULL,NULL,NULL,''),(369,NULL,'2013-11-15 23:56:05','2013-11-18 22:25:25','municipality',NULL,NULL,NULL,''),(370,NULL,'2013-11-15 23:56:05','2013-11-18 22:25:25','municipality',NULL,NULL,NULL,''),(371,NULL,'2013-11-15 23:56:05','2013-11-18 22:25:25','municipality',NULL,NULL,NULL,''),(372,NULL,'2013-11-15 23:56:05','2013-11-18 22:25:25','municipality',NULL,NULL,NULL,''),(373,NULL,'2013-11-15 23:56:05','2013-11-18 22:25:25','municipality',NULL,NULL,NULL,''),(374,NULL,'2013-11-15 23:56:05','2013-11-18 22:25:25','municipality',NULL,NULL,NULL,''),(375,NULL,'2013-11-15 23:56:05','2013-11-18 22:25:25','municipality',NULL,NULL,NULL,''),(376,NULL,'2013-11-15 23:56:05','2013-11-18 22:25:25','municipality',NULL,NULL,NULL,''),(377,NULL,'2013-11-15 23:56:05','2013-11-18 22:25:25','municipality',NULL,NULL,NULL,''),(378,NULL,'2013-11-15 23:56:05','2013-11-18 22:25:25','municipality',NULL,NULL,NULL,''),(379,NULL,'2013-11-15 23:56:05','2013-11-18 22:25:25','municipality',NULL,NULL,NULL,''),(380,NULL,'2013-11-15 23:56:05','2013-11-18 22:25:25','municipality',NULL,NULL,NULL,''),(381,NULL,'2013-11-15 23:56:05','2013-11-18 22:25:25','municipality',NULL,NULL,NULL,''),(382,NULL,'2013-11-15 23:56:05','2013-11-18 22:25:25','municipality',NULL,NULL,NULL,''),(383,NULL,'2013-11-15 23:56:05','2013-11-18 22:25:25','municipality',NULL,NULL,NULL,''),(384,NULL,'2013-11-15 23:56:05','2013-11-18 22:25:25','municipality',NULL,NULL,NULL,''),(385,NULL,'2013-11-15 23:56:05','2013-11-18 22:25:25','municipality',NULL,NULL,NULL,''),(386,NULL,'2013-11-15 23:56:05','2013-11-18 22:25:25','municipality',NULL,NULL,NULL,''),(387,NULL,'2013-11-15 23:56:05','2013-11-18 22:25:25','municipality',NULL,NULL,NULL,''),(388,NULL,'2013-11-15 23:56:05','2013-11-18 22:25:25','municipality',NULL,NULL,NULL,''),(389,NULL,'2013-11-15 23:56:05','2013-11-18 22:25:25','municipality',NULL,NULL,NULL,''),(390,NULL,'2013-11-15 23:56:05','2013-11-18 22:25:25','municipality',NULL,NULL,NULL,''),(391,NULL,'2013-11-15 23:56:05','2013-11-18 22:25:25','municipality',NULL,NULL,NULL,''),(392,NULL,'2013-11-15 23:56:05','2013-11-18 22:25:25','municipality',NULL,NULL,NULL,''),(393,NULL,'2013-11-15 23:56:05','2013-11-18 22:25:25','municipality',NULL,NULL,NULL,''),(394,NULL,'2013-11-15 23:56:05','2013-11-18 22:25:25','municipality',NULL,NULL,NULL,''),(395,NULL,'2013-11-15 23:56:05','2013-11-18 22:25:25','municipality',NULL,NULL,NULL,''),(396,NULL,'2013-11-15 23:56:05','2013-11-18 22:25:25','municipality',NULL,NULL,NULL,''),(397,NULL,'2013-11-15 23:56:05','2013-11-18 22:25:25','municipality',NULL,NULL,NULL,''),(398,NULL,'2013-11-15 23:56:05','2013-11-18 22:25:25','municipality',NULL,NULL,NULL,''),(399,NULL,'2013-11-15 23:56:05','2013-11-18 22:25:25','municipality',NULL,NULL,NULL,''),(400,NULL,'2013-11-15 23:56:05','2013-11-18 22:25:25','municipality',NULL,NULL,NULL,''),(401,NULL,'2013-11-15 23:56:05','2013-11-18 22:25:25','municipality',NULL,NULL,NULL,''),(402,NULL,'2013-11-15 23:56:05','2013-11-18 22:25:25','municipality',NULL,NULL,NULL,''),(403,NULL,'2013-11-15 23:56:05','2013-11-18 22:25:25','municipality',NULL,NULL,NULL,''),(404,NULL,'2013-11-15 23:56:05','2013-11-18 22:25:25','municipality',NULL,NULL,NULL,''),(405,NULL,'2013-11-15 23:56:05','2013-11-18 22:25:25','municipality',NULL,NULL,NULL,''),(406,NULL,'2013-11-15 23:56:05','2013-11-18 22:25:25','municipality',NULL,NULL,NULL,''),(407,NULL,'2013-11-15 23:56:05','2013-11-18 22:25:25','municipality',NULL,NULL,NULL,''),(408,NULL,'2013-11-15 23:56:05','2013-11-18 22:25:25','municipality',NULL,NULL,NULL,''),(409,NULL,'2013-11-15 23:56:05','2013-11-18 22:25:25','municipality',NULL,NULL,NULL,''),(410,NULL,'2013-11-15 23:56:05','2013-11-18 22:25:25','municipality',NULL,NULL,NULL,''),(411,NULL,'2013-11-15 23:56:05','2013-11-18 22:25:25','municipality',NULL,NULL,NULL,''),(412,NULL,'2013-11-15 23:56:05','2013-11-18 22:25:25','municipality',NULL,NULL,NULL,''),(413,NULL,'2013-11-15 23:56:05','2013-11-18 22:25:25','municipality',NULL,NULL,NULL,''),(414,NULL,'2013-11-15 23:56:05','2013-11-18 22:25:25','municipality',NULL,NULL,NULL,''),(415,NULL,'2013-11-15 23:56:05','2013-11-18 22:25:25','municipality',NULL,NULL,NULL,''),(416,NULL,'2013-11-15 23:56:05','2013-11-18 22:25:25','municipality',NULL,NULL,NULL,''),(417,NULL,'2013-11-15 23:56:05','2013-11-18 22:25:25','municipality',NULL,NULL,NULL,''),(418,NULL,'2013-11-15 23:56:05','2013-11-18 22:25:25','municipality',NULL,NULL,NULL,''),(419,NULL,'2013-11-15 23:56:05','2013-11-18 22:25:25','municipality',NULL,NULL,NULL,''),(420,NULL,'2013-11-15 23:56:05','2013-11-18 22:25:25','municipality',NULL,NULL,NULL,''),(421,NULL,'2013-11-15 23:56:05','2013-11-18 22:25:25','municipality',NULL,NULL,NULL,''),(422,NULL,'2013-11-15 23:56:05','2013-11-18 22:25:25','municipality',NULL,NULL,NULL,''),(423,NULL,'2013-11-15 23:56:05','2013-11-18 22:25:25','municipality',NULL,NULL,NULL,''),(424,NULL,'2013-11-15 23:56:05','2013-11-18 22:25:25','municipality',NULL,NULL,NULL,''),(425,NULL,'2013-11-15 23:56:05','2013-11-18 22:25:25','municipality',NULL,NULL,NULL,''),(426,NULL,'2013-11-15 23:56:05','2013-11-18 22:25:25','municipality',NULL,NULL,NULL,''),(427,NULL,'2013-11-15 23:56:05','2013-11-18 22:25:25','municipality',NULL,NULL,NULL,''),(428,NULL,'2013-11-15 23:56:05','2013-11-18 22:25:25','municipality',NULL,NULL,NULL,''),(429,NULL,'2013-11-15 23:56:05','2013-11-18 22:25:25','municipality',NULL,NULL,NULL,''),(430,NULL,'2013-11-15 23:56:05','2013-11-18 22:25:25','municipality',NULL,NULL,NULL,''),(431,NULL,'2013-11-15 23:56:05','2013-11-18 22:25:25','municipality',NULL,NULL,NULL,''),(432,NULL,'2013-11-15 23:56:05','2013-11-18 22:25:25','municipality',NULL,NULL,NULL,''),(433,NULL,'2013-11-15 23:56:05','2013-11-18 22:25:25','municipality',NULL,NULL,NULL,''),(434,NULL,'2013-11-15 23:56:05','2013-11-18 22:25:25','municipality',NULL,NULL,NULL,''),(435,NULL,'2013-11-15 23:56:05','2013-11-18 22:25:25','municipality',NULL,NULL,NULL,''),(436,NULL,'2013-11-15 23:56:05','2013-11-18 22:25:25','municipality',NULL,NULL,NULL,''),(437,NULL,'2013-11-15 23:56:05','2013-11-18 22:25:25','municipality',NULL,NULL,NULL,''),(438,NULL,'2013-11-15 23:56:05','2013-11-18 22:25:25','municipality',NULL,NULL,NULL,''),(439,NULL,'2013-11-15 23:56:05','2013-11-18 22:25:25','municipality',NULL,NULL,NULL,''),(440,NULL,'2013-11-15 23:56:05','2013-11-18 22:25:25','municipality',NULL,NULL,NULL,''),(441,NULL,'2013-11-15 23:56:05','2013-11-18 22:25:25','municipality',NULL,NULL,NULL,''),(442,NULL,'2013-11-15 23:56:05','2013-11-18 22:25:25','municipality',NULL,NULL,NULL,''),(443,NULL,'2013-11-15 23:56:05','2013-11-18 22:25:25','municipality',NULL,NULL,NULL,''),(444,NULL,'2013-11-15 23:56:05','2013-11-18 22:25:25','municipality',NULL,NULL,NULL,''),(445,NULL,'2013-11-15 23:56:05','2013-11-18 22:25:25','municipality',NULL,NULL,NULL,''),(446,NULL,'2013-11-15 23:56:05','2013-11-18 22:25:25','municipality',NULL,NULL,NULL,''),(447,NULL,'2013-11-15 23:56:05','2013-11-18 22:25:25','municipality',NULL,NULL,NULL,''),(448,NULL,'2013-11-15 23:56:05','2013-11-18 22:25:25','municipality',NULL,NULL,NULL,''),(449,NULL,'2013-11-15 23:56:05','2013-11-18 22:25:25','municipality',NULL,NULL,NULL,''),(450,NULL,'2013-11-15 23:56:05','2013-11-18 22:25:25','municipality',NULL,NULL,NULL,''),(451,NULL,'2013-11-15 23:56:05','2013-11-18 22:25:25','municipality',NULL,NULL,NULL,''),(452,NULL,'2013-11-15 23:56:05','2013-11-18 22:25:25','municipality',NULL,NULL,NULL,''),(453,NULL,'2013-11-15 23:56:05','2013-11-18 22:25:25','municipality',NULL,NULL,NULL,''),(454,NULL,'2013-11-15 23:56:05','2013-11-18 22:25:25','municipality',NULL,NULL,NULL,''),(455,NULL,'2013-11-15 23:56:05','2013-11-18 22:25:25','municipality',NULL,NULL,NULL,''),(456,NULL,'2013-11-15 23:56:05','2013-11-18 22:25:25','municipality',NULL,NULL,NULL,''),(457,NULL,'2013-11-15 23:56:05','2013-11-18 22:25:25','municipality',NULL,NULL,NULL,''),(458,NULL,'2013-11-15 23:56:05','2013-11-18 22:25:25','municipality',NULL,NULL,NULL,''),(459,NULL,'2013-11-15 23:56:05','2013-11-18 22:25:25','municipality',NULL,NULL,NULL,''),(460,NULL,'2013-11-15 23:56:05','2013-11-18 22:25:25','municipality',NULL,NULL,NULL,''),(461,NULL,'2013-11-15 23:56:05','2013-11-18 22:25:25','municipality',NULL,NULL,NULL,''),(462,NULL,'2013-11-15 23:56:05','2013-11-18 22:25:25','municipality',NULL,NULL,NULL,''),(463,NULL,'2013-11-15 23:56:05','2013-11-18 22:25:25','municipality',NULL,NULL,NULL,''),(464,NULL,'2013-11-15 23:56:05','2013-11-18 22:25:25','municipality',NULL,NULL,NULL,''),(465,NULL,'2013-11-15 23:56:05','2013-11-18 22:25:25','municipality',NULL,NULL,NULL,''),(466,NULL,'2013-11-15 23:56:05','2013-11-18 22:25:25','municipality',NULL,NULL,NULL,''),(467,NULL,'2013-11-15 23:56:05','2013-11-18 22:25:25','municipality',NULL,NULL,NULL,''),(468,NULL,'2013-11-15 23:56:05','2013-11-18 22:25:25','municipality',NULL,NULL,NULL,''),(469,NULL,'2013-11-15 23:56:05','2013-11-18 22:25:25','municipality',NULL,NULL,NULL,''),(470,NULL,'2013-11-15 23:56:05','2013-11-18 22:25:25','municipality',NULL,NULL,NULL,''),(471,NULL,'2013-11-15 23:56:05','2013-11-18 22:25:25','municipality',NULL,NULL,NULL,''),(472,NULL,'2013-11-15 23:56:05','2013-11-18 22:25:25','municipality',NULL,NULL,NULL,''),(473,NULL,'2013-11-15 23:56:05','2013-11-18 22:25:25','municipality',NULL,NULL,NULL,''),(474,NULL,'2013-11-15 23:56:05','2013-11-18 22:25:25','municipality',NULL,NULL,NULL,''),(475,NULL,'2013-11-15 23:56:05','2013-11-18 22:25:25','municipality',NULL,NULL,NULL,''),(476,NULL,'2013-11-15 23:56:05','2013-11-18 22:25:25','municipality',NULL,NULL,NULL,''),(477,NULL,'2013-11-15 23:56:05','2013-11-18 22:25:25','municipality',NULL,NULL,NULL,''),(478,NULL,'2013-11-15 23:56:05','2013-11-18 22:25:25','municipality',NULL,NULL,NULL,''),(479,NULL,'2013-11-15 23:56:05','2013-11-18 22:25:25','municipality',NULL,NULL,NULL,''),(480,NULL,'2013-11-15 23:56:05','2013-11-18 22:25:25','municipality',NULL,NULL,NULL,''),(481,NULL,'2013-11-15 23:56:05','2013-11-18 22:25:25','municipality',NULL,NULL,NULL,''),(482,NULL,'2013-11-15 23:56:05','2013-11-18 22:25:25','municipality',NULL,NULL,NULL,''),(483,NULL,'2013-11-15 23:56:05','2013-11-18 22:25:25','municipality',NULL,NULL,NULL,''),(484,NULL,'2013-11-15 23:56:05','2013-11-18 22:25:25','municipality',NULL,NULL,NULL,''),(485,NULL,'2013-11-15 23:56:05','2013-11-18 22:25:25','municipality',NULL,NULL,NULL,''),(486,NULL,'2013-11-15 23:56:05','2013-11-18 22:25:25','municipality',NULL,NULL,NULL,''),(487,NULL,'2013-11-15 23:56:05','2013-11-18 22:25:25','municipality',NULL,NULL,NULL,''),(488,NULL,'2013-11-15 23:56:05','2013-11-18 22:25:25','municipality',NULL,NULL,NULL,''),(489,NULL,'2013-11-15 23:56:05','2013-11-18 22:25:25','municipality',NULL,NULL,NULL,''),(490,NULL,'2013-11-15 23:56:05','2013-11-18 22:25:25','municipality',NULL,NULL,NULL,''),(491,NULL,'2013-11-15 23:56:05','2013-11-18 22:25:25','municipality',NULL,NULL,NULL,''),(492,NULL,'2013-11-15 23:56:05','2013-11-18 22:25:25','municipality',NULL,NULL,NULL,''),(493,NULL,'2013-11-15 23:56:05','2013-11-18 22:25:25','municipality',NULL,NULL,NULL,''),(494,NULL,'2013-11-15 23:56:05','2013-11-18 22:25:25','municipality',NULL,NULL,NULL,''),(495,NULL,'2013-11-15 23:56:05','2013-11-18 22:25:25','municipality',NULL,NULL,NULL,''),(496,NULL,'2013-11-15 23:56:05','2013-11-18 22:25:25','municipality',NULL,NULL,NULL,''),(497,NULL,'2013-11-15 23:56:05','2013-11-18 22:25:25','municipality',NULL,NULL,NULL,''),(498,NULL,'2013-11-15 23:56:05','2013-11-18 22:25:25','municipality',NULL,NULL,NULL,''),(499,NULL,'2013-11-15 23:56:05','2013-11-18 22:25:25','municipality',NULL,NULL,NULL,''),(500,NULL,'2013-11-15 23:56:05','2013-11-18 22:25:25','municipality',NULL,NULL,NULL,''),(501,NULL,'2013-11-15 23:56:05','2013-11-18 22:25:25','municipality',NULL,NULL,NULL,''),(502,NULL,'2013-11-15 23:56:05','2013-11-18 22:25:25','municipality',NULL,NULL,NULL,''),(503,NULL,'2013-11-15 23:56:05','2013-11-18 22:25:25','municipality',NULL,NULL,NULL,''),(504,NULL,'2013-11-15 23:56:05','2013-11-18 22:25:25','municipality',NULL,NULL,NULL,''),(505,NULL,'2013-11-15 23:56:05','2013-11-18 22:25:25','municipality',NULL,NULL,NULL,''),(506,NULL,'2013-11-15 23:56:05','2013-11-18 22:25:25','municipality',NULL,NULL,NULL,''),(507,NULL,'2013-11-15 23:56:05','2013-11-18 22:25:25','municipality',NULL,NULL,NULL,''),(508,NULL,'2013-11-15 23:56:05','2013-11-18 22:25:25','municipality',NULL,NULL,NULL,''),(509,NULL,'2013-11-15 23:56:05','2013-11-18 22:25:25','municipality',NULL,NULL,NULL,''),(510,NULL,'2013-11-15 23:56:05','2013-11-18 22:25:25','municipality',NULL,NULL,NULL,''),(511,NULL,'2013-11-15 23:56:05','2013-11-18 22:25:25','municipality',NULL,NULL,NULL,''),(512,NULL,'2013-11-15 23:56:05','2013-11-18 22:25:25','municipality',NULL,NULL,NULL,''),(513,NULL,'2013-11-15 23:56:05','2013-11-18 22:25:25','municipality',NULL,NULL,NULL,''),(514,NULL,'2013-11-15 23:56:05','2013-11-18 22:25:25','municipality',NULL,NULL,NULL,''),(515,NULL,'2013-11-15 23:56:05','2013-11-18 22:25:25','municipality',NULL,NULL,NULL,''),(516,NULL,'2013-11-15 23:56:05','2013-11-18 22:25:25','municipality',NULL,NULL,NULL,''),(517,NULL,'2013-11-15 23:56:05','2013-11-18 22:25:25','municipality',NULL,NULL,NULL,''),(518,NULL,'2013-11-15 23:56:05','2013-11-18 22:25:25','municipality',NULL,NULL,NULL,''),(519,NULL,'2013-11-15 23:56:05','2013-11-18 22:25:25','municipality',NULL,NULL,NULL,''),(520,NULL,'2013-11-15 23:56:05','2013-11-18 22:25:25','municipality',NULL,NULL,NULL,''),(521,NULL,'2013-11-15 23:56:05','2013-11-18 22:25:25','municipality',NULL,NULL,NULL,''),(522,NULL,'2013-11-15 23:56:05','2013-11-18 22:25:25','municipality',NULL,NULL,NULL,''),(523,NULL,'2013-11-15 23:56:05','2013-11-18 22:25:25','municipality',NULL,NULL,NULL,''),(524,NULL,'2013-11-15 23:56:05','2013-11-18 22:25:25','municipality',NULL,NULL,NULL,''),(525,NULL,'2013-11-15 23:56:05','2013-11-18 22:25:25','municipality',NULL,NULL,NULL,''),(526,NULL,'2013-11-15 23:56:05','2013-11-18 22:25:25','municipality',NULL,NULL,NULL,''),(527,NULL,'2013-11-15 23:56:05','2013-11-18 22:25:25','municipality',NULL,NULL,NULL,''),(528,NULL,'2013-11-15 23:56:05','2013-11-18 22:25:25','municipality',NULL,NULL,NULL,''),(529,NULL,'2013-11-15 23:56:05','2013-11-18 22:25:25','municipality',NULL,NULL,NULL,''),(530,NULL,'2013-11-15 23:56:05','2013-11-18 22:25:25','municipality',NULL,NULL,NULL,''),(531,NULL,'2013-11-15 23:56:05','2013-11-18 22:25:25','municipality',NULL,NULL,NULL,''),(532,NULL,'2013-11-15 23:56:05','2013-11-18 22:25:25','municipality',NULL,NULL,NULL,''),(533,NULL,'2013-11-15 23:56:05','2013-11-18 22:25:25','municipality',NULL,NULL,NULL,''),(534,NULL,'2013-11-15 23:56:05','2013-11-18 22:25:25','municipality',NULL,NULL,NULL,''),(535,NULL,'2013-11-15 23:56:05','2013-11-18 22:25:25','municipality',NULL,NULL,NULL,''),(536,NULL,'2013-11-15 23:56:05','2013-11-18 22:25:25','municipality',NULL,NULL,NULL,''),(537,NULL,'2013-11-15 23:56:05','2013-11-18 22:25:25','municipality',NULL,NULL,NULL,''),(538,NULL,'2013-11-15 23:56:05','2013-11-18 22:25:25','municipality',NULL,NULL,NULL,''),(539,NULL,'2013-11-15 23:56:05','2013-11-18 22:25:25','municipality',NULL,NULL,NULL,''),(540,NULL,'2013-11-15 23:56:05','2013-11-18 22:25:25','municipality',NULL,NULL,NULL,''),(541,NULL,'2013-11-15 23:56:05','2013-11-18 22:25:25','municipality',NULL,NULL,NULL,''),(542,NULL,'2013-11-15 23:56:05','2013-11-18 22:25:25','municipality',NULL,NULL,NULL,''),(543,NULL,'2013-11-15 23:56:05','2013-11-18 22:25:25','municipality',NULL,NULL,NULL,''),(544,NULL,'2013-11-15 23:56:05','2013-11-18 22:25:25','municipality',NULL,NULL,NULL,''),(545,NULL,'2013-11-15 23:56:05','2013-11-18 22:25:25','municipality',NULL,NULL,NULL,''),(546,NULL,'2013-11-15 23:56:05','2013-11-18 22:25:25','municipality',NULL,NULL,NULL,''),(547,NULL,'2013-11-15 23:56:05','2013-11-18 22:25:25','municipality',NULL,NULL,NULL,''),(548,NULL,'2013-11-15 23:56:05','2013-11-18 22:25:25','municipality',NULL,NULL,NULL,''),(549,NULL,'2013-11-15 23:56:05','2013-11-18 22:25:25','municipality',NULL,NULL,NULL,''),(550,NULL,'2013-11-15 23:56:05','2013-11-18 22:25:25','municipality',NULL,NULL,NULL,''),(551,NULL,'2013-11-15 23:56:05','2013-11-18 22:25:25','municipality',NULL,NULL,NULL,''),(552,NULL,'2013-11-15 23:56:05','2013-11-18 22:25:25','municipality',NULL,NULL,NULL,''),(553,NULL,'2013-11-15 23:56:05','2013-11-18 22:25:25','municipality',NULL,NULL,NULL,''),(554,NULL,'2013-11-15 23:56:05','2013-11-18 22:25:25','municipality',NULL,NULL,NULL,''),(555,NULL,'2013-11-15 23:56:05','2013-11-18 22:25:25','municipality',NULL,NULL,NULL,''),(556,NULL,'2013-11-15 23:56:05','2013-11-18 22:25:25','municipality',NULL,NULL,NULL,''),(557,NULL,'2013-11-15 23:56:05','2013-11-18 22:25:25','municipality',NULL,NULL,NULL,''),(558,NULL,'2013-11-15 23:56:05','2013-11-18 22:25:25','municipality',NULL,NULL,NULL,''),(559,NULL,'2013-11-15 23:56:05','2013-11-18 22:25:25','municipality',NULL,NULL,NULL,''),(560,NULL,'2013-11-15 23:56:05','2013-11-18 22:25:25','municipality',NULL,NULL,NULL,''),(561,NULL,'2013-11-15 23:56:05','2013-11-18 22:25:25','municipality',NULL,NULL,NULL,''),(562,NULL,'2013-11-15 23:56:05','2013-11-18 22:25:25','municipality',NULL,NULL,NULL,''),(563,NULL,'2013-11-15 23:56:05','2013-11-18 22:25:25','municipality',NULL,NULL,NULL,''),(564,NULL,'2013-11-15 23:56:05','2013-11-18 22:25:25','municipality',NULL,NULL,NULL,''),(565,NULL,'2013-11-15 23:56:05','2013-11-18 22:25:25','municipality',NULL,NULL,NULL,''),(566,NULL,'2013-11-15 23:56:05','2013-11-18 22:25:25','municipality',NULL,NULL,NULL,''),(567,NULL,'2013-11-15 23:56:05','2013-11-18 22:25:25','municipality',NULL,NULL,NULL,''),(568,NULL,'2013-11-15 23:56:05','2013-11-18 22:25:25','municipality',NULL,NULL,NULL,''),(569,NULL,'2013-11-15 23:56:05','2013-11-18 22:25:25','municipality',NULL,NULL,NULL,''),(570,NULL,'2013-11-15 23:56:05','2013-11-18 22:25:25','municipality',NULL,NULL,NULL,''),(571,NULL,'2013-11-15 23:56:05','2013-11-18 22:25:25','municipality',NULL,NULL,NULL,''),(572,NULL,'2013-11-15 23:56:05','2013-11-18 22:25:25','municipality',NULL,NULL,NULL,''),(573,NULL,'2013-11-15 23:56:05','2013-11-18 22:25:25','municipality',NULL,NULL,NULL,''),(574,NULL,'2013-11-15 23:56:05','2013-11-18 22:25:25','municipality',NULL,NULL,NULL,''),(575,NULL,'2013-11-15 23:56:05','2013-11-18 22:25:25','municipality',NULL,NULL,NULL,''),(576,NULL,'2013-11-15 23:56:05','2013-11-18 22:25:25','municipality',NULL,NULL,NULL,''),(577,NULL,'2013-11-15 23:56:05','2013-11-18 22:25:25','municipality',NULL,NULL,NULL,''),(578,NULL,'2013-11-15 23:56:05','2013-11-18 22:25:25','municipality',NULL,NULL,NULL,''),(579,NULL,'2013-11-15 23:56:05','2013-11-18 22:25:25','municipality',NULL,NULL,NULL,''),(580,NULL,'2013-11-15 23:56:05','2013-11-18 22:25:25','municipality',NULL,NULL,NULL,''),(581,NULL,'2013-11-15 23:56:05','2013-11-18 22:25:25','municipality',NULL,NULL,NULL,''),(582,NULL,'2013-11-15 23:56:05','2013-11-18 22:25:25','municipality',NULL,NULL,NULL,''),(583,NULL,'2013-11-15 23:56:05','2013-11-18 22:25:25','municipality',NULL,NULL,NULL,''),(584,NULL,'2013-11-15 23:56:05','2013-11-18 22:25:25','municipality',NULL,NULL,NULL,''),(585,NULL,'2013-11-15 23:56:05','2013-11-18 22:25:25','municipality',NULL,NULL,NULL,''),(586,NULL,'2013-11-15 23:56:05','2013-11-18 22:25:25','municipality',NULL,NULL,NULL,''),(587,NULL,'2013-11-15 23:56:05','2013-11-18 22:25:25','municipality',NULL,NULL,NULL,''),(588,NULL,'2013-11-15 23:56:05','2013-11-18 22:25:25','municipality',NULL,NULL,NULL,''),(589,NULL,'2013-11-15 23:56:05','2013-11-18 22:25:25','municipality',NULL,NULL,NULL,''),(590,NULL,'2013-11-15 23:56:05','2013-11-18 22:25:25','municipality',NULL,NULL,NULL,''),(591,NULL,'2013-11-16 14:32:28','2013-11-18 22:25:25','province',NULL,NULL,NULL,'Negros Occidental'),(592,NULL,'2013-11-16 14:33:07','2013-11-18 22:25:25','province',NULL,NULL,NULL,'Tarlac'),(593,NULL,'2013-11-16 14:33:19','2013-11-18 22:25:25','municipality',NULL,NULL,NULL,'Capiz'),(594,NULL,'2013-11-16 16:43:32','2013-11-18 22:25:26','barangay',896,195,NULL,'Sudlonon'),(595,NULL,'2013-11-17 09:03:46','2013-11-18 22:25:25','municipality',NULL,NULL,NULL,'Palo'),(596,NULL,'2013-11-17 09:04:02','2013-11-18 22:25:25','municipality',NULL,NULL,NULL,'Kapookan'),(598,NULL,'2013-11-17 09:04:54','2013-11-18 22:25:25','province',NULL,NULL,NULL,'Biliran'),(599,NULL,'2013-11-18 23:16:03','2013-11-18 23:16:03','barangay',3147,684,NULL,'Tabunok'),(600,NULL,'2013-11-18 23:20:20','2013-11-18 23:20:20','barangay',2345,510,NULL,'Poblacion'),(602,NULL,'2013-11-18 23:32:02','2013-11-18 23:32:02','barangay',2583,562,NULL,'Malbago'),(603,NULL,'2013-11-18 23:32:38','2013-11-18 23:32:38','barangay',3086,671,NULL,'Poblacion'),(604,NULL,'2013-11-18 23:33:13','2013-11-18 23:33:13','barangay',1056,230,NULL,'Dakit'),(605,NULL,'2013-11-18 23:33:40','2013-11-18 23:33:40','barangay',664,144,NULL,'San Jose'),(606,NULL,'2013-11-18 23:34:31','2013-11-18 23:34:31','barangay',4258,926,NULL,'Poblacion'),(607,NULL,'2013-11-18 23:35:00','2013-11-18 23:35:00','barangay',7144,1553,NULL,'Poblacion'),(608,NULL,'2013-11-18 23:35:22','2013-11-18 23:35:22','barangay',1388,302,NULL,'Managase'),(609,NULL,'2013-11-18 23:35:33','2013-11-18 23:35:33','barangay',3802,827,NULL,'Talisay'),(610,NULL,'2013-11-18 23:36:19','2013-11-18 23:36:19','barangay',401,87,NULL,'Villahermosa'),(611,NULL,'2013-11-18 23:37:14','2013-11-18 23:37:14','barangay',4796,1043,NULL,'Poblacion'),(612,NULL,'2013-11-18 23:38:10','2013-11-18 23:38:10','barangay',616,134,NULL,'San Isidro'),(613,NULL,'2013-11-18 23:38:40','2013-11-18 23:38:40','barangay',1228,267,NULL,'Poblacion'),(614,NULL,'2013-11-18 23:39:20','2013-11-18 23:39:20','barangay',4617,1004,NULL,'Poblacion'),(615,NULL,'2013-11-18 23:39:28','2013-11-18 23:39:28','barangay',696,151,NULL,'Southern Poblacion'),(616,NULL,'2013-11-18 23:40:16','2013-11-18 23:40:16','barangay',264,57,NULL,'Northern Poblacion'),(617,NULL,'2013-11-18 23:40:40','2013-11-18 23:40:40','barangay',2292,498,NULL,'Western Poblacion'),(618,NULL,'2013-11-18 23:41:00','2013-11-18 23:41:00','barangay',3668,797,NULL,'San Isidro'),(619,NULL,'2013-11-18 23:41:24','2013-11-18 23:41:24','barangay',5629,1224,NULL,'Esperanza'),(620,NULL,'2013-11-18 23:41:41','2013-11-18 23:41:41','barangay',1276,277,NULL,'Libertad'),(621,NULL,'2013-11-18 23:42:04','2013-11-18 23:42:04','barangay',3131,681,NULL,'Esperanza'),(622,NULL,'2013-11-18 23:42:39','2013-11-18 23:42:39','barangay',4309,937,NULL,'Poblacion'),(623,NULL,'2013-11-18 23:42:50','2013-11-18 23:42:50','barangay',990,215,NULL,'Lanao'),(624,NULL,'2013-11-18 23:43:37','2013-11-18 23:43:37','barangay',781,170,NULL,'Dapdap'),(625,NULL,'2013-11-18 23:43:51','2013-11-18 23:43:51','barangay',896,195,NULL,'Sudlonon'),(626,NULL,'2013-11-18 23:44:08','2013-11-18 23:44:08','barangay',3930,854,NULL,'Taytayan'),(627,NULL,'2013-11-18 23:46:17','2013-11-18 23:46:17','barangay',2784,605,NULL,'Malingin'),(628,NULL,'2013-11-18 23:49:37','2013-11-18 23:49:37','municipality',136960,29774,26796,'Bantayan Island');
/*!40000 ALTER TABLE `geo` ENABLE KEYS */;
UNLOCK TABLES;

--
-- Table structure for table `geo_barangay`
--

DROP TABLE IF EXISTS `geo_barangay`;
/*!40101 SET @saved_cs_client     = @@character_set_client */;
/*!40101 SET character_set_client = utf8 */;
CREATE TABLE `geo_barangay` (
  `id` int(11) NOT NULL,
  `municipality_id` int(11) NOT NULL,
  PRIMARY KEY (`id`),
  KEY `IDX_15727483AE6F181C` (`municipality_id`),
  CONSTRAINT `FK_15727483AE6F181C` FOREIGN KEY (`municipality_id`) REFERENCES `geo_municipality` (`id`) ON DELETE CASCADE,
  CONSTRAINT `FK_15727483BF396750` FOREIGN KEY (`id`) REFERENCES `geo` (`id`) ON DELETE CASCADE
) ENGINE=InnoDB DEFAULT CHARSET=utf8 COLLATE=utf8_unicode_ci;
/*!40101 SET character_set_client = @saved_cs_client */;

--
-- Dumping data for table `geo_barangay`
--

LOCK TABLES `geo_barangay` WRITE;
/*!40000 ALTER TABLE `geo_barangay` DISABLE KEYS */;
INSERT INTO `geo_barangay` VALUES (8,12),(9,12),(10,12),(31,12),(32,12),(33,12),(34,12),(35,12),(36,12),(37,12),(38,12),(39,12),(40,12),(41,12),(42,12),(43,12),(44,12),(45,12),(46,12),(47,12),(48,12),(49,12),(50,12),(51,12),(52,12),(53,13),(54,13),(55,13),(56,13),(57,13),(59,13),(60,13),(61,13),(62,13),(63,13),(64,13),(65,13),(66,13),(602,13),(67,14),(68,14),(69,14),(70,14),(71,14),(72,14),(73,14),(74,14),(75,14),(600,14),(58,15),(76,15),(77,15),(78,15),(79,15),(80,15),(81,15),(82,15),(83,15),(84,15),(85,15),(86,15),(87,15),(88,15),(89,15),(90,15),(91,15),(92,15),(607,15),(609,15),(93,16),(94,16),(95,16),(96,16),(97,16),(98,16),(99,16),(100,16),(101,16),(102,16),(103,16),(104,16),(105,16),(106,16),(107,16),(108,16),(109,16),(110,16),(614,16),(111,17),(112,17),(113,17),(114,17),(115,17),(116,17),(117,17),(118,17),(119,17),(120,17),(121,17),(122,17),(123,17),(124,17),(125,17),(126,17),(127,17),(128,17),(129,17),(130,17),(131,17),(132,17),(133,17),(134,17),(135,17),(136,17),(622,17),(137,18),(138,18),(139,18),(140,18),(141,18),(142,18),(143,18),(144,18),(145,18),(146,18),(147,18),(148,18),(149,18),(150,18),(151,18),(152,18),(153,18),(154,18),(155,18),(156,18),(157,18),(158,18),(159,18),(160,18),(161,18),(162,18),(594,18),(625,18),(626,18),(627,18),(163,20),(164,20),(165,20),(166,20),(167,20),(168,20),(169,20),(170,20),(171,20),(172,20),(173,20),(623,20),(624,20),(174,21),(175,21),(176,21),(177,21),(178,21),(179,21),(180,21),(181,21),(182,21),(183,21),(184,21),(185,21),(186,21),(187,21),(188,21),(620,21),(621,21),(189,22),(190,22),(191,22),(192,22),(193,22),(194,22),(195,22),(196,22),(197,22),(198,22),(199,22),(200,22),(617,22),(618,22),(619,22),(201,23),(202,23),(203,23),(204,23),(205,23),(206,23),(207,23),(208,23),(209,23),(615,23),(616,23),(210,24),(211,24),(212,24),(213,24),(214,24),(215,24),(216,24),(217,24),(218,24),(219,24),(220,24),(221,24),(222,24),(223,24),(224,24),(225,24),(226,24),(227,24),(228,24),(229,24),(230,24),(231,24),(232,24),(612,24),(613,24),(233,25),(234,25),(235,25),(236,25),(237,25),(238,25),(239,25),(240,25),(241,25),(242,25),(610,25),(611,25),(243,26),(244,26),(245,26),(246,26),(247,26),(248,26),(249,26),(250,26),(251,26),(252,26),(253,26),(254,26),(255,26),(256,26),(257,26),(258,26),(605,26),(606,26),(608,26),(259,27),(260,27),(261,27),(262,27),(263,27),(264,27),(265,27),(266,27),(267,27),(268,27),(269,27),(270,27),(271,27),(272,27),(273,27),(599,27),(603,27),(604,27);
/*!40000 ALTER TABLE `geo_barangay` ENABLE KEYS */;
UNLOCK TABLES;

--
-- Table structure for table `geo_municipality`
--

DROP TABLE IF EXISTS `geo_municipality`;
/*!40101 SET @saved_cs_client     = @@character_set_client */;
/*!40101 SET character_set_client = utf8 */;
CREATE TABLE `geo_municipality` (
  `id` int(11) NOT NULL,
  `province_id` int(11) NOT NULL,
  PRIMARY KEY (`id`),
  KEY `IDX_1029BC13E946114A` (`province_id`),
  CONSTRAINT `FK_1029BC13BF396750` FOREIGN KEY (`id`) REFERENCES `geo` (`id`) ON DELETE CASCADE,
  CONSTRAINT `FK_1029BC13E946114A` FOREIGN KEY (`province_id`) REFERENCES `geo_province` (`id`) ON DELETE CASCADE
) ENGINE=InnoDB DEFAULT CHARSET=utf8 COLLATE=utf8_unicode_ci;
/*!40101 SET character_set_client = @saved_cs_client */;

--
-- Dumping data for table `geo_municipality`
--

LOCK TABLES `geo_municipality` WRITE;
/*!40000 ALTER TABLE `geo_municipality` DISABLE KEYS */;
INSERT INTO `geo_municipality` VALUES (12,5),(13,5),(14,5),(15,5),(16,5),(17,5),(18,5),(19,5),(20,5),(21,5),(22,5),(23,5),(24,5),(25,5),(26,5),(27,5),(628,5),(28,11),(29,11),(30,11),(595,11),(596,11),(593,592);
/*!40000 ALTER TABLE `geo_municipality` ENABLE KEYS */;
UNLOCK TABLES;

--
-- Table structure for table `geo_province`
--

DROP TABLE IF EXISTS `geo_province`;
/*!40101 SET @saved_cs_client     = @@character_set_client */;
/*!40101 SET character_set_client = utf8 */;
CREATE TABLE `geo_province` (
  `id` int(11) NOT NULL,
  PRIMARY KEY (`id`),
  CONSTRAINT `FK_A463A3AABF396750` FOREIGN KEY (`id`) REFERENCES `geo` (`id`) ON DELETE CASCADE
) ENGINE=InnoDB DEFAULT CHARSET=utf8 COLLATE=utf8_unicode_ci;
/*!40101 SET character_set_client = @saved_cs_client */;

--
-- Dumping data for table `geo_province`
--

LOCK TABLES `geo_province` WRITE;
/*!40000 ALTER TABLE `geo_province` DISABLE KEYS */;
INSERT INTO `geo_province` VALUES (5),(11),(591),(592),(598);
/*!40000 ALTER TABLE `geo_province` ENABLE KEYS */;
UNLOCK TABLES;

--
-- Table structure for table `ngo`
--

DROP TABLE IF EXISTS `ngo`;
/*!40101 SET @saved_cs_client     = @@character_set_client */;
/*!40101 SET character_set_client = utf8 */;
CREATE TABLE `ngo` (
  `id` int(11) NOT NULL AUTO_INCREMENT,
  `ngo_id` int(11) DEFAULT NULL,
  `name` varchar(45) COLLATE utf8_unicode_ci NOT NULL,
  `logo` varchar(255) COLLATE utf8_unicode_ci DEFAULT NULL,
  `description` longtext COLLATE utf8_unicode_ci,
  `street` varchar(45) COLLATE utf8_unicode_ci DEFAULT NULL,
  `city` varchar(45) COLLATE utf8_unicode_ci DEFAULT NULL,
  `country` varchar(45) COLLATE utf8_unicode_ci DEFAULT NULL,
  `zipcode` varchar(45) COLLATE utf8_unicode_ci DEFAULT NULL,
  `verification_status` tinyint(1) DEFAULT NULL,
  `website` varchar(255) COLLATE utf8_unicode_ci DEFAULT NULL,
  `date_created` datetime NOT NULL,
  `date_updated` datetime NOT NULL,
  PRIMARY KEY (`id`),
  KEY `IDX_4AB9BE91526B9FA3` (`ngo_id`),
  CONSTRAINT `FK_4AB9BE91526B9FA3` FOREIGN KEY (`ngo_id`) REFERENCES `users` (`id`) ON DELETE SET NULL
) ENGINE=InnoDB AUTO_INCREMENT=73 DEFAULT CHARSET=utf8 COLLATE=utf8_unicode_ci;
/*!40101 SET character_set_client = @saved_cs_client */;

--
-- Dumping data for table `ngo`
--

LOCK TABLES `ngo` WRITE;
/*!40000 ALTER TABLE `ngo` DISABLE KEYS */;
INSERT INTO `ngo` VALUES (2,NULL,'RAFI','http://pinoyworld.org/wp-content/uploads/2011/08/RAFI-Logo.png','Ramon Aboitiz Foundation','35 Lopez Jaena Street','Cebu City','Philippines','6000',1,'www.rafi.org.ph','2013-11-15 19:58:44','2013-11-15 20:10:50'),(3,NULL,'JCI Cebu','https://www.facebook.com/photo.php?fbid=10151660745326059&set=a.441614071058.237792.178142181058&type=1&theater','Ken Ngo 09228620180; kenngo180@gmail.com',NULL,NULL,NULL,NULL,0,'https://www.jcicebu.org/','2013-11-15 23:56:05','2013-11-16 12:13:25'),(4,NULL,'Citichurch','http://www.google.com.ph/imgres?imgurl=http://citichurch.ph/wp-content/uploads/2011/11/citichurch-l-logo-e1325946254718.jpg&imgrefurl=http://citichurch.ph/&h=120&w=434&sz=13&tbnid=UwdYZy2r_yLY6M:&tbnh=95&tbnw=347&zoom=1&usg=__dkTMcA4LU8nyNtDZcqlOvvSVxek=&','Ian Cornelia 09162890405',NULL,NULL,NULL,NULL,0,'http://citichurch.ph/','2013-11-15 23:56:05','2013-11-16 12:37:43'),(5,NULL,'Caritas Cebu',NULL,'Sr. Issa - 2558835',NULL,NULL,NULL,NULL,0,NULL,'2013-11-15 23:56:05','2013-11-16 12:46:38'),(6,NULL,'Ubec Unite','https://www.facebook.com/photo.php?fbid=1390938554481473&set=a.1390938547814807.1073741825.1390933434481985&type=1&theater','Kaloy Uypuangco (info c/o CRC)',NULL,NULL,NULL,NULL,0,NULL,'2013-11-15 23:56:05','2013-11-16 12:50:15'),(7,NULL,'AMRO','https://www.facebook.com/photo.php?fbid=274207089315715&set=a.274207085982382.60651.274205622649195&type=1&theater','Dr. Henry Chua (info c/o CRC)',NULL,NULL,NULL,NULL,0,NULL,'2013-11-15 23:56:05','2013-11-16 12:55:25'),(8,NULL,'Bundles of Joy/Anthill Fabric Gallery','https://www.facebook.com/photo.php?fbid=10151575973705751&set=a.484656905750.286880.208532445750&type=1&theater','Anya Lim 505-4175; anya.lim@anthillfabricgallery.com',NULL,NULL,NULL,NULL,0,'http://www.anthillfabricgallery.com/','2013-11-15 23:56:05','2013-11-16 15:07:20'),(9,NULL,'Bangon Madridejos','https://www.facebook.com/photo.php?fbid=593418710694762&set=a.591947520841881.1073741825.591946874175279&type=1&theater','Jayette Salvador 0917 930-5795; beatrizjuliana71103@yahoo.com',NULL,NULL,NULL,NULL,0,NULL,'2013-11-15 23:56:05','2013-11-16 15:07:42'),(10,NULL,'Handuraw',NULL,'Fillip Castro (info c/o CRC)',NULL,NULL,NULL,NULL,0,NULL,'2013-11-15 23:56:05','2013-11-16 13:16:42'),(11,NULL,'HELP Malapascua',NULL,'Dennis Bryan 09266756763; seth@bacalso.com',NULL,NULL,NULL,NULL,0,NULL,'2013-11-15 23:56:05','2013-11-16 13:19:56'),(12,NULL,'SFAS (St. Francis of Assisi School)','https://www.facebook.com/pages/St-Francis-of-Assisi-School-Cebu/144353372380449','Mme. Babes Mortalla - 2540645; guidance_mtoledo@yahoo.com; sfas_lahug@yahoo.com',NULL,NULL,NULL,NULL,0,NULL,'2013-11-15 23:56:05','2013-11-16 15:08:31'),(13,NULL,'Give Back Cebu-Danao','https://www.facebook.com/photo.php?fbid=656726261016135&set=a.455102791178484.120125.455102557845174&type=1&theater','Red Duterte (info c/o CRC)',NULL,NULL,NULL,NULL,0,'http://www.givebackcebu.com/','2013-11-15 23:56:05','2013-11-16 13:28:54'),(14,NULL,'AFI','http://philippineunderground.files.wordpress.com/2012/09/aboitiz_foundation_logo.jpg','Sonny Carpio/Danny Cerence - 4111441',NULL,NULL,NULL,NULL,0,'http://www.ayalafoundation.org/','2013-11-15 23:56:05','2013-11-18 21:03:26'),(15,NULL,'Philippine Society of General Surgeons','http://www.google.com.ph/imgres?imgurl=http://medobserver.com/admin/displayphoto.php%3FType%3DMedicalSociety%26ID%3D78%26FieldName%3DPhoto&imgrefurl=http://medobserver.com/medicalsociety.php?MedicalSocietyID%3D78&h=180&w=200&sz=8&tbnid=XCQQ4__FS4H5gM:&tbn','(info c/o CRC)',NULL,NULL,NULL,NULL,0,'http://www.psgs.org.ph/','2013-11-15 23:56:05','2013-11-16 13:37:56'),(16,NULL,'MAC',NULL,'Carmi - 253-9941 (info c/o Menchit Martinez)',NULL,NULL,NULL,NULL,0,NULL,'2013-11-15 23:56:05','2013-11-16 13:40:28'),(17,NULL,'ERA/MYA Relief',NULL,'ERA/MYA Relief (info c/o Mr. Antonio Aboitiz)',NULL,NULL,NULL,NULL,0,NULL,'2013-11-15 23:56:05','2013-11-16 13:45:04'),(18,NULL,'Cebu Sports Commission','https://www.facebook.com/photo.php?fbid=168210033195198&set=a.165759866773548.36401.165759533440248&type=1&theater','Jenet 0922 540 6693',NULL,NULL,NULL,NULL,0,NULL,'2013-11-15 23:56:05','2013-11-16 19:51:47'),(19,NULL,'The KIND Project',NULL,'Lineth-USA - +17028159357; Janina-Cebu - 0999',NULL,NULL,NULL,NULL,0,NULL,'2013-11-15 23:56:05','2013-11-16 13:51:30'),(20,NULL,'Give Back Cebu','https://www.facebook.com/photo.php?fbid=656726261016135&set=a.455102791178484.120125.455102557845174&type=1&theater','Drew Sarmiento (info c/o CRC)',NULL,NULL,NULL,NULL,0,'http://www.givebackcebu.com/','2013-11-15 23:56:05','2013-11-16 13:56:06'),(21,NULL,'MCHS Batch 1989',NULL,'Ellie Lorenzo - mlorenzo143@gmail.com/ 0917-841-4402',NULL,NULL,NULL,NULL,0,NULL,'2013-11-15 23:56:05','2013-11-16 15:20:09'),(22,NULL,'Basubas Family',NULL,'Steph Basubas Senires - 0920 981-3975; stephsenires@gmail.com',NULL,NULL,NULL,NULL,0,NULL,'2013-11-15 23:56:05','2013-11-16 15:20:42'),(23,2,'TestOrg',NULL,'For Testing',NULL,'Cebu City','Philippines','6000',1,NULL,'2013-11-16 13:27:38','2013-11-16 13:33:16'),(26,NULL,'Cebu Chamber of Commerce & Industry','http://www.google.com.ph/imgres?imgurl=http://media.mynimo.net/files/company_logos/Cebu%2520chamber%2520og%2520Commercelogo_20091116173247_10.JPG&imgrefurl=http://cebu.mynimo.com/management-jobs/view/67740?city%3D2&h=240&w=240&sz=38&tbnid=vvgipklXVW2BZM:&','May Elizabeth Ybanez - 0920 410-5772; Regan Rex King - 0917 771-1111; info@cebuchamber.org',NULL,NULL,NULL,NULL,0,'http://cebuchamber.org/','2013-11-16 14:41:27','2013-11-16 15:22:32'),(27,NULL,'Bluewater Resorts','http://www.google.com.ph/imgres?imgurl=http://bestcebublogs.com/wp-content/uploads/2011/11/New-Bluewater-Maribago-Logo_hires.jpg&imgrefurl=http://bestcebublogs.com/bcba-2011-sponsors-and-partners/&h=861&w=1936&sz=185&tbnid=ddeR2GTCpQYkyM:&tbnh=90&tbnw=202','Julie Vergara - alegrado@gmail.com; 0922-836-1862, 492-0100',NULL,NULL,NULL,NULL,0,'http://www.bluewater.com.ph/','2013-11-16 14:46:11','2013-11-16 15:22:50'),(28,NULL,'Obi\'s Trading Room Inc.',NULL,'Obi Roco - 0917 531-2900; tradingroominc@gmail.com',NULL,NULL,NULL,NULL,0,NULL,'2013-11-16 14:50:36','2013-11-16 15:30:18'),(29,NULL,'Alliance of Two Hearts Parish',NULL,'Teena Gierran - 0917 328-8532; teena_e_gierran@yahoo.com.sg',NULL,NULL,NULL,NULL,0,NULL,'2013-11-16 14:53:16','2013-11-16 15:31:04'),(30,NULL,'PSWD',NULL,'Kim Panong - 0933 583-2418; pferlenedew@yahoo.com',NULL,NULL,NULL,NULL,0,NULL,'2013-11-16 14:55:07','2013-11-16 15:31:22'),(31,NULL,'PBSP/Shangri-la','https://www.google.com.ph/search?q=pbsp.org+logo&espv=210&es_sm=93&source=lnms&tbm=isch&sa=X&ei=uheHUtKfLciprAfyh4CwDA&ved=0CAkQ_AUoAQ&biw=1181&bih=763#facrc=_&imgdii=_&imgrc=8wV3idimHPFB2M%3A%3Bk1A1XaWqH2MdxM%3Bhttp%253A%252F%252Fwww.bidnetwork.org%252Fs','Benjamin Chiu/PBSP - BYChiu@pbsp.org.ph; 232-5283',NULL,NULL,NULL,NULL,0,'http://www.pbsp.org.ph/','2013-11-16 14:59:53','2013-11-16 15:34:02'),(32,NULL,'SVGH and UC','http://svgh.ph/images/svghbanner.jpg','Marylou Labrador Neri -maryloulabradorneri@gmail.com',NULL,NULL,NULL,NULL,0,'http://svgh.ph/','2013-11-16 15:36:15','2013-11-16 15:36:15'),(33,NULL,'Cebu Real Estate Board',NULL,'-Emma Pamas, 2323940/4128776, cerebinfo@yahoo.com',NULL,NULL,NULL,NULL,0,'https://www.facebook.com/groups/109200039153212/','2013-11-16 15:39:50','2013-11-16 15:39:50'),(34,NULL,'Zubufoods, Inc',NULL,'Isabel Binamira - isabel.binamira@gmail.com',NULL,NULL,NULL,NULL,0,NULL,'2013-11-16 15:41:19','2013-11-16 15:41:19'),(35,NULL,'JRG Halad Museum/UV Foundation',NULL,'Audrey Tomada - audrey.haladmuseum@gmail.com; 0917 853-3861',NULL,NULL,NULL,NULL,0,NULL,'2013-11-16 15:43:13','2013-11-16 15:43:13'),(36,NULL,'#VolunteersAnonymousPH',NULL,'Bing Bagares Torre; bing.torre@gmail.com; 0917 310 7501/ 0929 295 2592 / 0933 623 2630',NULL,NULL,NULL,NULL,0,'http://www.facebook.com/VolunteersAnonymousPH','2013-11-16 17:03:20','2013-11-16 17:03:20'),(37,NULL,'STC HS BATCH \'92',NULL,'Yvette Yntig - Dapat; joypanopio@pshcebu.com; 0917 549 6191',NULL,NULL,NULL,NULL,0,NULL,'2013-11-16 17:04:06','2013-11-16 17:04:06'),(38,NULL,'Volunteer In Cebu',NULL,'Jill',NULL,NULL,NULL,NULL,0,NULL,'2013-11-16 17:08:17','2013-11-16 17:08:17'),(39,NULL,'DLSAA-Cebu',NULL,'Gracie Aguilar Martinez; 0919 672 1123',NULL,NULL,NULL,NULL,0,NULL,'2013-11-16 17:09:16','2013-11-16 17:09:16'),(40,NULL,'Cebu Sports Commission',NULL,'Evangeline Marie Ong Hayco',NULL,NULL,NULL,NULL,0,'https://www.facebook.com/pages/Cebu-City-Sports-Commission/165759533440248','2013-11-16 17:15:35','2013-11-16 17:15:35'),(41,NULL,'SIT',NULL,'Icky/Joanna Salazar; 9173225688',NULL,NULL,NULL,NULL,0,NULL,'2013-11-16 17:18:16','2013-11-16 17:18:16'),(42,NULL,'One Visayas',NULL,'Jan Rodriguez; 9177111700',NULL,NULL,NULL,NULL,0,NULL,'2013-11-16 17:18:42','2013-11-16 17:18:42'),(43,NULL,'Soup Kitchen',NULL,'Jan Rodriguez; 9177111700',NULL,NULL,NULL,NULL,0,NULL,'2013-11-16 17:19:20','2013-11-16 17:19:20'),(44,NULL,'Oponganons',NULL,'Michael Jason Ybañez; 9333359735',NULL,NULL,NULL,NULL,0,NULL,'2013-11-16 17:19:42','2013-11-16 17:19:42'),(45,NULL,'Bike&Talk Frienship Club',NULL,'Karl; 0933-324-1138 - Hermits;  0923-668-4866',NULL,NULL,NULL,NULL,0,'https://www.facebook.com/iluvbtfc','2013-11-16 17:20:40','2013-11-16 17:20:40'),(46,NULL,'Frannie Crystal',NULL,'Frannie Crystal; 9173048200',NULL,NULL,NULL,NULL,0,NULL,'2013-11-16 17:21:14','2013-11-16 17:21:14'),(47,NULL,'J. Lorenz Diaz',NULL,'J. Lorenz Diaz',NULL,NULL,NULL,NULL,0,'https://www.facebook.com/jl.diaz?fref=browse_search','2013-11-16 17:22:39','2013-11-16 17:22:39'),(48,NULL,'Jethro Estimo',NULL,'Jethro Estimo',NULL,NULL,NULL,NULL,0,'https://www.facebook.com/jethro.estimo?fref=browse_search','2013-11-16 17:23:36','2013-11-16 17:23:36'),(49,NULL,'Bangon Visayas',NULL,'Veronica Chiongbian',NULL,NULL,NULL,NULL,0,'https://www.facebook.com/BangonVisayas?ref=stream','2013-11-16 17:24:32','2013-11-16 17:24:32'),(50,NULL,'Trans Asia','https://encrypted-tbn1.gstatic.com/images?q=tbn:ANd9GcRjTPlVi2dH9jhOyAOr893foYZgDLilrIQUtAnxI_ZXyDFJ36RC','Ms Aleth Carin; 9177955946',NULL,NULL,NULL,NULL,0,'http://www.transasiashipping.com/','2013-11-16 17:26:41','2013-11-16 17:26:41'),(51,NULL,'for NFA rice',NULL,'Mr Nestor Rey Alcoseba; 2312323 - Charito Tan; 0917 324 1875 - Jim Webb;0920 901 5855\r\n\r\n;',NULL,NULL,NULL,NULL,0,NULL,'2013-11-16 17:27:06','2013-11-16 17:27:44'),(52,NULL,'B.R.I.G.H.T.',NULL,'Ionell Jay Terogo',NULL,NULL,NULL,NULL,0,'http://brightacademy.edu.ph/','2013-11-16 17:34:42','2013-11-16 17:34:42'),(53,NULL,'National Youth Commission',NULL,'Sucelle Demecillo;  09222963804',NULL,NULL,NULL,NULL,0,NULL,'2013-11-16 17:37:29','2013-11-16 17:37:29'),(54,NULL,'Spectrum Soup Kitchen',NULL,'Richard Sharpe',NULL,NULL,NULL,NULL,0,NULL,'2013-11-16 17:44:23','2013-11-16 17:44:23'),(55,NULL,'Camotes Contac',NULL,'Al Arquillano; 9228508590',NULL,NULL,NULL,NULL,0,NULL,'2013-11-16 17:48:11','2013-11-16 17:48:11'),(56,NULL,'CIS PTA/ Cebu International School',NULL,'Mykee Paradies; mykeeparadies@gmail.com; 0918 948 2053',NULL,NULL,NULL,NULL,0,'http://cis.edu.ph/','2013-11-16 17:49:51','2013-11-16 17:49:51'),(57,NULL,'good harvest flavors and spice corporation',NULL,'ronalin navarrete; 033-4011860',NULL,NULL,NULL,NULL,0,'https://www.facebook.com/GoodHarvestFlavorsSpiceCorporation','2013-11-16 17:59:22','2013-11-16 17:59:22'),(58,NULL,'DDG STC Batch 2003',NULL,NULL,NULL,NULL,NULL,NULL,0,NULL,'2013-11-16 17:59:51','2013-11-16 17:59:51'),(59,NULL,'DDG STC Batch 2004',NULL,NULL,NULL,NULL,NULL,NULL,0,NULL,'2013-11-16 17:59:58','2013-11-16 17:59:58'),(60,NULL,'Task Force Yolanda',NULL,'Trixy Villegas/Chase Lynn Chua; 0949-7551808',NULL,NULL,NULL,NULL,0,NULL,'2013-11-16 18:00:38','2013-11-16 18:00:38'),(61,NULL,'University of Cebu','http://www.google.com.ph/imgres?imgurl=http://upload.wikimedia.org/wikipedia/commons/a/a6/University-of-Cebu-Logo.jpg&imgrefurl=http://en.wikipedia.org/wiki/University_of_Cebu&h=1000&w=1500&sz=119&tbnid=Yf8ML1dPjWm29M:&tbnh=121&tbnw=182&zoom=1&usg=__VaRZk',NULL,NULL,NULL,NULL,NULL,0,'http://uc.edu.ph/relief-operations/','2013-11-17 06:51:32','2013-11-17 06:51:32'),(62,4,'Arcanys Early Learning Foundation','http://i1.ytimg.com/i/IHz1Yacg77Ju7-jBU0R0-Q/mq1.jpg?v=50b6f8a8','Alan Debonneville 0917 326 4222','7th Floor, Capitol Compound','Cebu City','Philippines','6000',0,'www.arcanysfoundation.org','2013-11-17 14:02:48','2013-11-19 11:22:46'),(63,NULL,'Nida Jusay',NULL,NULL,NULL,NULL,NULL,NULL,0,NULL,'2013-11-19 03:11:04','2013-11-19 03:11:04'),(64,NULL,'Muntuerto\'s Green Bag',NULL,NULL,NULL,NULL,NULL,NULL,0,NULL,'2013-11-19 03:11:50','2013-11-19 03:11:50'),(65,NULL,'CIE',NULL,NULL,NULL,NULL,NULL,NULL,0,NULL,'2013-11-19 03:14:19','2013-11-19 03:14:19'),(66,NULL,'3V1G',NULL,NULL,NULL,NULL,NULL,NULL,0,NULL,'2013-11-19 03:16:11','2013-11-19 03:16:11'),(67,NULL,'Cebu Vendors Credit Cooperative',NULL,NULL,NULL,NULL,NULL,NULL,0,NULL,'2013-11-19 03:31:33','2013-11-19 03:31:33'),(68,NULL,'MCWD',NULL,NULL,NULL,NULL,NULL,NULL,0,NULL,'2013-11-19 03:47:42','2013-11-19 03:47:42'),(69,NULL,'Southern Bethany Christian School of Minglani',NULL,NULL,NULL,NULL,NULL,NULL,0,NULL,'2013-11-19 03:49:45','2013-11-19 03:49:45'),(70,NULL,'Institute of Electronics Engineers of the Phi',NULL,NULL,NULL,NULL,NULL,NULL,0,NULL,'2013-11-19 03:51:32','2013-11-19 03:51:32'),(71,NULL,'Pilapil/Lañas/Tering Families',NULL,NULL,NULL,NULL,NULL,NULL,0,NULL,'2013-11-19 03:51:39','2013-11-19 03:51:39'),(72,NULL,'Mayor Jhunnie Martinez',NULL,NULL,NULL,NULL,NULL,NULL,0,NULL,'2013-11-19 03:54:29','2013-11-19 03:54:29');
/*!40000 ALTER TABLE `ngo` ENABLE KEYS */;
UNLOCK TABLES;

--
-- Table structure for table `situation`
--

DROP TABLE IF EXISTS `situation`;
/*!40101 SET @saved_cs_client     = @@character_set_client */;
/*!40101 SET character_set_client = utf8 */;
CREATE TABLE `situation` (
  `id` int(11) NOT NULL AUTO_INCREMENT,
  `reporter` int(11) NOT NULL,
  `geo_id` int(11) NOT NULL,
  `status_id` int(11) NOT NULL,
  `date_created` datetime NOT NULL,
  `date_updated` datetime NOT NULL,
  PRIMARY KEY (`id`),
  KEY `IDX_EC2D9ACA76D6E0F2` (`reporter`),
  KEY `IDX_EC2D9ACAFA49D0B` (`geo_id`),
  KEY `IDX_EC2D9ACA6BF700BD` (`status_id`),
  CONSTRAINT `FK_EC2D9ACA6BF700BD` FOREIGN KEY (`status_id`) REFERENCES `status` (`id`) ON DELETE CASCADE,
  CONSTRAINT `FK_EC2D9ACA76D6E0F2` FOREIGN KEY (`reporter`) REFERENCES `users` (`id`) ON DELETE CASCADE,
  CONSTRAINT `FK_EC2D9ACAFA49D0B` FOREIGN KEY (`geo_id`) REFERENCES `geo` (`id`) ON DELETE CASCADE
) ENGINE=InnoDB DEFAULT CHARSET=utf8 COLLATE=utf8_unicode_ci;
/*!40101 SET character_set_client = @saved_cs_client */;

--
-- Dumping data for table `situation`
--

LOCK TABLES `situation` WRITE;
/*!40000 ALTER TABLE `situation` DISABLE KEYS */;
/*!40000 ALTER TABLE `situation` ENABLE KEYS */;
UNLOCK TABLES;

--
-- Table structure for table `status`
--

DROP TABLE IF EXISTS `status`;
/*!40101 SET @saved_cs_client     = @@character_set_client */;
/*!40101 SET character_set_client = utf8 */;
CREATE TABLE `status` (
  `id` int(11) NOT NULL AUTO_INCREMENT,
  `description` varchar(255) COLLATE utf8_unicode_ci NOT NULL,
  `date_created` datetime NOT NULL,
  `date_updated` datetime NOT NULL,
  PRIMARY KEY (`id`),
  UNIQUE KEY `unique_status_idx` (`description`)
) ENGINE=InnoDB DEFAULT CHARSET=utf8 COLLATE=utf8_unicode_ci;
/*!40101 SET character_set_client = @saved_cs_client */;

--
-- Dumping data for table `status`
--

LOCK TABLES `status` WRITE;
/*!40000 ALTER TABLE `status` DISABLE KEYS */;
/*!40000 ALTER TABLE `status` ENABLE KEYS */;
UNLOCK TABLES;

--
-- Table structure for table `user_admin`
--

DROP TABLE IF EXISTS `user_admin`;
/*!40101 SET @saved_cs_client     = @@character_set_client */;
/*!40101 SET character_set_client = utf8 */;
CREATE TABLE `user_admin` (
  `id` int(11) NOT NULL,
  PRIMARY KEY (`id`),
  CONSTRAINT `FK_6ACCF62EBF396750` FOREIGN KEY (`id`) REFERENCES `users` (`id`) ON DELETE CASCADE
) ENGINE=InnoDB DEFAULT CHARSET=utf8 COLLATE=utf8_unicode_ci;
/*!40101 SET character_set_client = @saved_cs_client */;

--
-- Dumping data for table `user_admin`
--

LOCK TABLES `user_admin` WRITE;
/*!40000 ALTER TABLE `user_admin` DISABLE KEYS */;
INSERT INTO `user_admin` VALUES (1),(2),(3);
/*!40000 ALTER TABLE `user_admin` ENABLE KEYS */;
UNLOCK TABLES;

--
-- Table structure for table `user_ngo`
--

DROP TABLE IF EXISTS `user_ngo`;
/*!40101 SET @saved_cs_client     = @@character_set_client */;
/*!40101 SET character_set_client = utf8 */;
CREATE TABLE `user_ngo` (
  `id` int(11) NOT NULL,
  `ngo_id` int(11) NOT NULL,
  `title` varchar(45) COLLATE utf8_unicode_ci NOT NULL,
  `verification_status` tinyint(1) DEFAULT NULL,
  `contact_info` varchar(255) COLLATE utf8_unicode_ci DEFAULT NULL,
  PRIMARY KEY (`id`),
  KEY `IDX_A1AFDF1A526B9FA3` (`ngo_id`),
  CONSTRAINT `FK_A1AFDF1A526B9FA3` FOREIGN KEY (`ngo_id`) REFERENCES `ngo` (`id`) ON DELETE CASCADE,
  CONSTRAINT `FK_A1AFDF1ABF396750` FOREIGN KEY (`id`) REFERENCES `users` (`id`) ON DELETE CASCADE
) ENGINE=InnoDB DEFAULT CHARSET=utf8 COLLATE=utf8_unicode_ci;
/*!40101 SET character_set_client = @saved_cs_client */;

--
-- Dumping data for table `user_ngo`
--

LOCK TABLES `user_ngo` WRITE;
/*!40000 ALTER TABLE `user_ngo` DISABLE KEYS */;
INSERT INTO `user_ngo` VALUES (4,62,'Chairman',1,'9173264222');
/*!40000 ALTER TABLE `user_ngo` ENABLE KEYS */;
UNLOCK TABLES;

--
-- Table structure for table `users`
--

DROP TABLE IF EXISTS `users`;
/*!40101 SET @saved_cs_client     = @@character_set_client */;
/*!40101 SET character_set_client = utf8 */;
CREATE TABLE `users` (
  `id` int(11) NOT NULL AUTO_INCREMENT,
  `username` varchar(45) COLLATE utf8_unicode_ci NOT NULL,
  `password` varchar(255) COLLATE utf8_unicode_ci NOT NULL,
  `salt` varchar(45) COLLATE utf8_unicode_ci NOT NULL,
  `firstname` varchar(45) COLLATE utf8_unicode_ci NOT NULL,
  `lastname` varchar(45) COLLATE utf8_unicode_ci NOT NULL,
  `email` varchar(45) COLLATE utf8_unicode_ci NOT NULL,
  `roles` longtext COLLATE utf8_unicode_ci NOT NULL COMMENT '(DC2Type:simple_array)',
  `receive_emails` tinyint(1) DEFAULT NULL,
  `date_created` datetime NOT NULL,
  `date_updated` datetime NOT NULL,
  `type` varchar(255) COLLATE utf8_unicode_ci NOT NULL,
  PRIMARY KEY (`id`),
  UNIQUE KEY `unique_username_idx` (`username`),
  UNIQUE KEY `unique_email_idx` (`email`)
) ENGINE=InnoDB AUTO_INCREMENT=5 DEFAULT CHARSET=utf8 COLLATE=utf8_unicode_ci;
/*!40101 SET character_set_client = @saved_cs_client */;

--
-- Dumping data for table `users`
--

LOCK TABLES `users` WRITE;
/*!40000 ALTER TABLE `users` DISABLE KEYS */;
INSERT INTO `users` VALUES (1,'super_admin','tye81K5fODIJdtINzFqRMwG4+640P+GL6YN/P13OE7I=','f254b746f596d2be8f93c50dd540d537c458a22d','Administrator','admin','super_admin@phrecovery.org','ROLE_USER,ROLE_ADMIN,ROLE_SUPER_ADMIN,ROLE_USER,ROLE_USER,ROLE_SONATA_ADMIN,ROLE_USER,ROLE_USER',NULL,'2013-11-15 18:38:51','2013-11-18 22:42:23','admin'),(2,'bernie','D0FX6QYO0FlaELAau4L6iby/fxRjVVR5zheYzSYio8U=','9d9ec8885d862ff30f95734d047ddb6e0df6ea20','Berney','Bacang','b.bacang@arcanys.com','ROLE_USER,ROLE_ADMIN,ROLE_SUPER_ADMIN,ROLE_USER,ROLE_USER,ROLE_SONATA_ADMIN',NULL,'2013-11-16 13:00:39','2013-11-16 14:30:41','admin'),(3,'admin','ScmUti8UbSHZg3yBmOlgQdrRhlOU7H2Sqjz6whYpjdY=','ca36371fb4f1d3f047769f24b366199b4ffa6c4d','admin','admin','admin@phrecovery.org','ROLE_USER,ROLE_ADMIN,ROLE_SUPER_ADMIN,ROLE_USER,ROLE_USER,ROLE_SONATA_ADMIN',NULL,'2013-11-18 17:22:12','2013-11-18 17:22:12','admin'),(4,'alantest','00UWYj9RSRiWieF/FynnvQAKDl91HIH0NmC/DvaNXfE=','046cdd209131c7c851400fa3245fbb4d062a271b','Alan','Debonneville','alan@arcanys.com','ROLE_USER,ROLE_NGO',NULL,'2013-11-19 10:23:57','2013-11-19 10:27:16','ngo');
/*!40000 ALTER TABLE `users` ENABLE KEYS */;
UNLOCK TABLES;
/*!40103 SET TIME_ZONE=@OLD_TIME_ZONE */;

/*!40101 SET SQL_MODE=@OLD_SQL_MODE */;
/*!40014 SET FOREIGN_KEY_CHECKS=@OLD_FOREIGN_KEY_CHECKS */;
/*!40014 SET UNIQUE_CHECKS=@OLD_UNIQUE_CHECKS */;
/*!40101 SET CHARACTER_SET_CLIENT=@OLD_CHARACTER_SET_CLIENT */;
/*!40101 SET CHARACTER_SET_RESULTS=@OLD_CHARACTER_SET_RESULTS */;
/*!40101 SET COLLATION_CONNECTION=@OLD_COLLATION_CONNECTION */;
/*!40111 SET SQL_NOTES=@OLD_SQL_NOTES */;

-- Dump completed on 2013-11-18 21:50:01
